week_id,date,rank,ticker,sector,composite_score,actionability_score,grade,classification,rr_ratio,entry,stop,target,breakout_distance_pct,rs_status,drivers,warnings,entry_context
2026-W24,2026-06-12,1,DATAPATTNS.NS,Capital Goods,90.96,86.17,A+,ACTION_NOW,4.0,4353.8,3938.96,6014.0,-7.8,MARKET_LEADER,Top 10% Relative Strength | Market Leader | Sector #1 (Capital Goods) | Fresh breakout (≤2d) | 2.0x volume expansion | Strong uptrend | Ideal volatility | Trend Continuation | RR 4.0:1,Wide stop (10%),TREND_CONTINUATION
2026-W24,2026-06-12,2,RRKABEL.NS,Capital Goods,87.78,85.45,A,ACTION_NOW,5.33,2167.5,1993.24,3097.1,-3.23,MARKET_LEADER,Top 10% Relative Strength | Market Leader | Sector #1 (Capital Goods) | Strong uptrend | Ideal volatility | Trend Continuation | RR 5.3:1,Wide stop (8%),TREND_CONTINUATION
2026-W24,2026-06-12,3,DEEPAKFERT.NS,Chemicals,84.62,81.73,A,ACTION_NOW,3.87,1494.9,1381.61,1933.4,-3.94,MARKET_LEADER,Top 10% Relative Strength | Market Leader | Fresh breakout (≤2d) | Strong uptrend | Trend Continuation | RR 3.9:1,,TREND_CONTINUATION
2026-W24,2026-06-12,4,LLOYDSME.NS,Metals & Mining,74.74,81.57,B+,WATCHLIST,3.96,1703.8,1657.15,1888.6,-9.79,MARKET_LEADER,Top 10% Relative Strength | Market Leader | Sector #3 (Metals & Mining) | Pullback Setup | RR 4.0:1,Stale breakout,PULLBACK_SETUP
2026-W24,2026-06-12,5,JINDALSAW.NS,Capital Goods,77.72,80.65,B+,WATCHLIST,3.74,225.16,213.83,267.5,-15.83,MARKET_LEADER,Top 10% Relative Strength | Market Leader | Sector #1 (Capital Goods) | Ideal volatility | Pullback Setup | RR 3.7:1,,PULLBACK_SETUP
2026-W24,2026-06-12,6,ADANIPOWER.NS,Power,73.32,80.57,B+,WATCHLIST,3.98,220.58,212.13,254.2,-13.23,MARKET_LEADER,Top 10% Relative Strength | Market Leader | Sector #4 (Power) | Pullback Setup | RR 4.0:1,,PULLBACK_SETUP
2026-W24,2026-06-12,7,BHEL.NS,Capital Goods,77.38,80.42,B+,WATCHLIST,3.75,377.3,364.6,424.9,-11.2,MARKET_LEADER,Top 10% Relative Strength | Market Leader | Sector #1 (Capital Goods) | Pullback Setup | RR 3.8:1,,PULLBACK_SETUP
2026-W24,2026-06-12,8,KIRLOSENG.NS,Capital Goods,82.18,80.03,A,ACTION_NOW,2.27,1817.8,1741.43,1990.8,-8.69,MARKET_LEADER,Top 10% Relative Strength | Market Leader | Sector #1 (Capital Goods) | Strong uptrend | Ideal volatility | Pullback Setup | RR 2.3:1,,PULLBACK_SETUP
2026-W24,2026-06-12,9,HFCL.NS,Telecommunication,75.76,80.03,B+,WATCHLIST,3.55,169.11,157.88,208.98,-19.08,MARKET_LEADER,Top 10% Relative Strength | Market Leader | Strong uptrend | Ideal volatility | Pullback Setup | RR 3.5:1,,PULLBACK_SETUP
2026-W24,2026-06-12,10,WOCKPHARMA.NS,Healthcare,75.16,79.61,B+,WATCHLIST,4.09,1833.0,1688.92,2422.3,-24.33,MARKET_LEADER,Top 10% Relative Strength | Market Leader | Sector #5 (Healthcare) | Strong uptrend | Ideal volatility | Pullback Setup | RR 4.1:1,,PULLBACK_SETUP
2026-W24,2026-06-12,11,TRITURBINE.NS,Capital Goods,72.68,79.38,B+,WATCHLIST,4.19,652.05,619.67,787.6,-17.21,SECTOR_LEADER,Top 20% Relative Strength | Sector Leader | Sector #1 (Capital Goods) | Ideal volatility | Pullback Setup | RR 4.2:1,,PULLBACK_SETUP
2026-W24,2026-06-12,12,SYRMA.NS,Capital Goods,85.38,79.27,A,EXTENDED,4.77,1225.8,1140.59,1632.0,-3.33,MARKET_LEADER,Top 10% Relative Strength | Market Leader | Sector #1 (Capital Goods) | Fresh breakout (≤2d) | Strong uptrend | Trend Continuation | RR 4.8:1,Extended 8.7% (vs breakout/EMA20),TREND_CONTINUATION
2026-W24,2026-06-12,13,POWERINDIA.NS,Capital Goods,77.82,79.22,B+,WATCHLIST,3.52,33265.0,31696.07,38785.0,-14.23,MARKET_LEADER,Top 10% Relative Strength | Market Leader | Sector #1 (Capital Goods) | Ideal volatility | Pullback Setup | RR 3.5:1,,PULLBACK_SETUP
2026-W24,2026-06-12,14,NLCINDIA.NS,Power,75.06,78.79,B+,WATCHLIST,5.61,309.6,295.67,387.8,-20.17,SECTOR_LEADER,Top 20% Relative Strength | Sector Leader | Sector #4 (Power) | 3.1x volume expansion | Ideal volatility | Pullback Setup | RR 5.6:1,Stale breakout,PULLBACK_SETUP
2026-W24,2026-06-12,15,THERMAX.NS,Capital Goods,83.78,78.15,A,WATCHLIST,1.96,4698.8,4506.86,5075.0,-7.41,MARKET_LEADER,Top 10% Relative Strength | Market Leader | Sector #1 (Capital Goods) | Strong uptrend | Ideal volatility | Pullback Setup,,PULLBACK_SETUP
2026-W24,2026-06-12,16,WELCORP.NS,Capital Goods,89.42,77.59,A,AVOID,0.89,1370.4,1306.8,1427.0,-3.97,MARKET_LEADER,Top 10% Relative Strength | Market Leader | Sector #1 (Capital Goods) | Strong uptrend | Pullback Setup,Poor RR (0.9),PULLBACK_SETUP
2026-W24,2026-06-12,17,BHARATFORG.NS,Automobile and Auto Components,82.46,77.22,A,WATCHLIST,1.43,1949.2,1809.32,2149.4,-1.98,SECTOR_LEADER,Top 20% Relative Strength | Sector Leader | 2.0x volume expansion | Strong uptrend | High-quality base | Breakout Setup,Stale breakout,BREAKOUT_SETUP
2026-W24,2026-06-12,18,CHENNPETRO.NS,Oil Gas & Consumable Fuels,78.1,77.17,B+,WATCHLIST,3.74,1184.3,1091.83,1530.35,-5.18,MARKET_LEADER,Top 10% Relative Strength | Market Leader | Fresh breakout (≤2d) | Strong uptrend | Trend Continuation | RR 3.7:1,,TREND_CONTINUATION
2026-W24,2026-06-12,19,CAPLIPOINT.NS,Healthcare,86.54,77.08,A,EXTENDED,5.37,2309.4,2154.31,3142.92,-4.13,SECTOR_LEADER,Top 20% Relative Strength | Sector Leader | Sector #5 (Healthcare) | Fresh breakout (≤2d) | 2.7x volume expansion | Strong uptrend | Trend Continuation | RR 5.4:1,Extended 13.3% (vs breakout/EMA20),TREND_CONTINUATION
2026-W24,2026-06-12,20,CGPOWER.NS,Capital Goods,84.02,76.81,A,WATCHLIST,1.3,908.1,874.22,952.0,-4.61,MARKET_LEADER,Top 10% Relative Strength | Market Leader | Sector #1 (Capital Goods) | Strong uptrend | Pullback Setup,,PULLBACK_SETUP
2026-W24,2026-06-12,21,GVT&D.NS,Capital Goods,83.78,76.65,A,WATCHLIST,1.08,4866.0,4535.19,5222.1,-6.82,MARKET_LEADER,Top 10% Relative Strength | Market Leader | Sector #1 (Capital Goods) | Strong uptrend | Ideal volatility | Pullback Setup,,PULLBACK_SETUP
2026-W24,2026-06-12,22,AEGISLOG.NS,Oil Gas & Consumable Fuels,77.24,76.57,B+,WATCHLIST,4.09,801.0,747.52,1019.75,-3.83,SECTOR_LEADER,Top 20% Relative Strength | Sector Leader | Fresh breakout (≤2d) | 4.6x volume expansion | Strong uptrend | Trend Continuation | RR 4.1:1,,TREND_CONTINUATION
2026-W24,2026-06-12,23,LAURUSLABS.NS,Healthcare,81.4,76.48,A,WATCHLIST,1.54,1385.7,1339.29,1457.0,-4.89,MARKET_LEADER,Top 10% Relative Strength | Market Leader | Sector #5 (Healthcare) | Strong uptrend | Pullback Setup,,PULLBACK_SETUP
2026-W24,2026-06-12,24,SCHNEIDER.NS,Capital Goods,71.28,76.15,B+,WATCHLIST,5.47,1082.9,1021.63,1417.8,-23.62,SECTOR_LEADER,Top 20% Relative Strength | Sector Leader | Sector #1 (Capital Goods) | Ideal volatility | Pullback Setup | RR 5.5:1,Stale breakout,PULLBACK_SETUP
2026-W24,2026-06-12,25,ADANIENT.NS,Metals & Mining,82.84,75.99,A,WATCHLIST,1.01,2931.1,2803.41,3059.8,-4.21,MARKET_LEADER,Top 10% Relative Strength | Market Leader | Sector #3 (Metals & Mining) | Strong uptrend | Pullback Setup,,PULLBACK_SETUP
2026-W24,2026-06-12,26,EMMVEE.NS,Capital Goods,80.38,75.77,A,EXTENDED,3.38,330.4,298.01,439.95,-3.81,MARKET_LEADER,Top 10% Relative Strength | Market Leader | Sector #1 (Capital Goods) | Strong uptrend | Ideal volatility | Trend Continuation | RR 3.4:1,Extended 8.1% (vs breakout/EMA20) | Wide stop (10%),TREND_CONTINUATION
2026-W24,2026-06-12,27,ADANIPORTS.NS,Services,80.28,75.7,A,WATCHLIST,1.59,1821.2,1726.86,1971.3,-1.97,SECTOR_LEADER,Top 20% Relative Strength | Sector Leader | Strong uptrend | High-quality base | Breakout Setup,,BREAKOUT_SETUP
2026-W24,2026-06-12,28,NAM-INDIA.NS,Financial Services,71.32,75.42,B+,WATCHLIST,2.16,1061.5,1023.16,1144.4,-7.24,MARKET_LEADER,Top 10% Relative Strength | Market Leader | Pullback Setup | RR 2.2:1,,PULLBACK_SETUP
2026-W24,2026-06-12,29,ATHERENERG.NS,Automobile and Auto Components,81.48,75.04,A,WATCHLIST,2.64,1042.0,943.34,1302.35,-2.53,MARKET_LEADER,Top 10% Relative Strength | Market Leader | Strong uptrend | Ideal volatility | Trend Continuation | RR 2.6:1,Wide stop (9%),TREND_CONTINUATION
2026-W24,2026-06-12,30,SAIL.NS,Metals & Mining,69.6,74.97,B,WATCHLIST,4.84,181.72,175.94,209.7,-13.34,SECTOR_LEADER,Top 20% Relative Strength | Sector Leader | Sector #3 (Metals & Mining) | Pullback Setup | RR 4.8:1,Stale breakout,PULLBACK_SETUP
2026-W24,2026-06-12,31,J&KBANK.NS,Financial Services,74.78,74.85,B+,WATCHLIST,4.2,154.31,145.22,192.5,-2.58,MARKET_LEADER,Top 10% Relative Strength | Market Leader | Fresh breakout (≤2d) | Strong uptrend | Trend Continuation | RR 4.2:1,,TREND_CONTINUATION
2026-W24,2026-06-12,32,CPPLUS.NS,Capital Goods,82.38,74.17,A,EXTENDED,5.49,3437.0,3074.47,5428.8,-7.47,MARKET_LEADER,Top 10% Relative Strength | Market Leader | Sector #1 (Capital Goods) | Strong uptrend | Ideal volatility | Trend Continuation | RR 5.5:1,Extended 14.5% (vs breakout/EMA20) | Wide stop (11%),TREND_CONTINUATION
2026-W24,2026-06-12,33,CCL.NS,Fast Moving Consumer Goods,78.08,74.16,B+,WATCHLIST,2.65,1193.4,1104.19,1429.4,-3.46,SECTOR_LEADER,Top 20% Relative Strength | Sector Leader | Fresh breakout (≤2d) | 4.3x volume expansion | Strong uptrend | Trend Continuation | RR 2.6:1,,TREND_CONTINUATION
2026-W24,2026-06-12,34,PREMIERENE.NS,Capital Goods,85.88,73.62,A,AVOID,0.83,1065.9,1020.19,1103.9,-3.44,SECTOR_LEADER,Top 20% Relative Strength | Sector Leader | Sector #1 (Capital Goods) | Strong uptrend | Pullback Setup,Poor RR (0.8),PULLBACK_SETUP
2026-W24,2026-06-12,35,RADICO.NS,Fast Moving Consumer Goods,68.46,73.42,B,WATCHLIST,2.0,3477.1,3376.0,3679.0,-5.49,SECTOR_LEADER,Top 20% Relative Strength | Sector Leader | Strong uptrend | Pullback Setup | RR 2.0:1,Stale breakout,PULLBACK_SETUP
2026-W24,2026-06-12,36,TEJASNET.NS,Telecommunication,72.36,73.15,B+,WATCHLIST,4.89,550.8,487.05,862.65,-12.5,SECTOR_LEADER,Top 20% Relative Strength | Sector Leader | Strong uptrend | Ideal volatility | Trend Continuation | RR 4.9:1,Wide stop (12%),TREND_CONTINUATION
2026-W24,2026-06-12,37,CUMMINSIND.NS,Capital Goods,67.78,72.95,B,WATCHLIST,2.67,5609.5,5425.46,6100.0,-8.04,NEUTRAL,Top 20% Relative Strength | Sector #1 (Capital Goods) | Strong uptrend | Pullback Setup | RR 2.7:1,,PULLBACK_SETUP
2026-W24,2026-06-12,38,VIJAYA.NS,Healthcare,67.66,72.86,B,WATCHLIST,2.66,1269.7,1210.28,1427.8,-11.07,SECTOR_LEADER,Top 20% Relative Strength | Sector Leader | Sector #5 (Healthcare) | Ideal volatility | Pullback Setup | RR 2.7:1,Stale breakout,PULLBACK_SETUP
2026-W24,2026-06-12,39,GRANULES.NS,Healthcare,76.0,72.7,B+,WATCHLIST,1.93,760.8,738.3,804.3,-5.41,MARKET_LEADER,Top 10% Relative Strength | Market Leader | Sector #5 (Healthcare) | Pullback Setup,,PULLBACK_SETUP
2026-W24,2026-06-12,40,ADANIGREEN.NS,Power,84.56,72.69,A,AVOID,0.61,1483.0,1382.04,1544.8,-4.0,MARKET_LEADER,Top 10% Relative Strength | Market Leader | Sector #4 (Power) | Fresh breakout (≤2d) | Strong uptrend | Pullback Setup,Poor RR (0.6),PULLBACK_SETUP
2026-W24,2026-06-12,41,NMDC.NS,Metals & Mining,61.7,72.44,B,AVOID,3.1,88.45,85.54,97.49,-9.27,NEUTRAL,Sector #3 (Metals & Mining) | Pullback Setup | RR 3.1:1,,PULLBACK_SETUP
2026-W24,2026-06-12,42,SOLARINDS.NS,Chemicals,68.62,72.03,B,WATCHLIST,2.6,17697.0,17243.86,18874.0,-6.24,MARKET_LEADER,Top 10% Relative Strength | Market Leader | Pullback Setup | RR 2.6:1,Stale breakout,PULLBACK_SETUP
2026-W24,2026-06-12,43,ATGL.NS,Oil Gas & Consumable Fuels,70.46,71.82,B+,WATCHLIST,2.81,728.4,681.63,859.85,-15.29,MARKET_LEADER,Top 10% Relative Strength | Market Leader | Strong uptrend | Ideal volatility | Pullback Setup | RR 2.8:1,,PULLBACK_SETUP
2026-W24,2026-06-12,44,HAL.NS,Capital Goods,60.64,71.7,B,AVOID,5.27,4219.2,4107.31,4808.6,-12.26,NEUTRAL,Sector #1 (Capital Goods) | Pullback Setup | RR 5.3:1,Stale breakout,PULLBACK_SETUP
2026-W24,2026-06-12,45,CARBORUNIV.NS,Capital Goods,58.88,71.22,C,AVOID,4.3,1016.4,981.5,1166.4,-12.86,NEUTRAL,Sector #1 (Capital Goods) | Pullback Setup | RR 4.3:1,Stale breakout,PULLBACK_SETUP
2026-W24,2026-06-12,46,KEI.NS,Capital Goods,64.9,70.93,B,AVOID,2.07,5166.5,5016.82,5476.3,-5.66,NEUTRAL,Sector #1 (Capital Goods) | Pullback Setup | RR 2.1:1,,PULLBACK_SETUP
2026-W24,2026-06-12,47,SCI.NS,Services,63.68,70.83,B,AVOID,4.95,287.5,274.54,351.7,-18.25,SECTOR_LEADER,Top 20% Relative Strength | Sector Leader | Ideal volatility | Pullback Setup | RR 5.0:1,Stale breakout,PULLBACK_SETUP
2026-W24,2026-06-12,48,GPIL.NS,Capital Goods,59.38,70.82,C,AVOID,5.32,277.1,269.04,320.0,-13.41,NEUTRAL,Sector #1 (Capital Goods) | Pullback Setup | RR 5.3:1,Stale breakout,PULLBACK_SETUP
2026-W24,2026-06-12,49,BANDHANBNK.NS,Financial Services,64.68,70.78,B,AVOID,2.17,199.76,193.9,212.48,-5.99,MARKET_LEADER,Top 10% Relative Strength | Market Leader | Pullback Setup | RR 2.2:1,Stale breakout,PULLBACK_SETUP
2026-W24,2026-06-12,50,BIOCON.NS,Healthcare,64.18,70.43,B,AVOID,2.01,414.6,401.74,440.4,-5.86,NEUTRAL,Sector #5 (Healthcare) | Strong uptrend | Pullback Setup | RR 2.0:1,Stale breakout,PULLBACK_SETUP
2026-W24,2026-06-12,51,APARINDS.NS,Capital Goods,90.76,70.28,A+,WATCHLIST,1.09,14085.0,11745.36,16628.0,-1.13,MARKET_LEADER,Top 10% Relative Strength | Market Leader | Sector #1 (Capital Goods) | 1.6x volume expansion | Strong uptrend | Ideal volatility | Breakout Setup,Wide stop (17%),BREAKOUT_SETUP
2026-W24,2026-06-12,52,HINDALCO.NS,Metals & Mining,62.8,70.21,B,AVOID,4.33,1039.3,1007.71,1176.0,-11.62,NEUTRAL,Sector #3 (Metals & Mining) | Pullback Setup | RR 4.3:1,,PULLBACK_SETUP
2026-W24,2026-06-12,53,ACE.NS,Capital Goods,66.0,70.2,B,WATCHLIST,3.47,877.8,842.0,1002.0,-5.23,NEUTRAL,Sector #1 (Capital Goods) | 1.5x volume expansion | High-quality base | Base Building | RR 3.5:1,Stale breakout,BASE_BUILDING
2026-W24,2026-06-12,54,ZYDUSLIFE.NS,Healthcare,77.66,70.11,B+,WATCHLIST,1.23,1098.3,951.49,1278.5,-1.92,SECTOR_LEADER,Top 20% Relative Strength | Sector Leader | Sector #5 (Healthcare) | Strong uptrend | Breakout Setup,Stale breakout | Wide stop (13%),BREAKOUT_SETUP
2026-W24,2026-06-12,55,POLYCAB.NS,Capital Goods,72.24,70.07,B+,WATCHLIST,1.04,9523.5,9226.06,9833.0,-3.15,NEUTRAL,Top 20% Relative Strength | Sector #1 (Capital Goods) | Strong uptrend | Pullback Setup,Stale breakout,PULLBACK_SETUP
2026-W24,2026-06-12,56,SAMMAANCAP.NS,Financial Services,67.94,70.06,B,WATCHLIST,2.41,174.02,166.42,192.34,-9.52,SECTOR_LEADER,Top 20% Relative Strength | Sector Leader | Strong uptrend | Ideal volatility | Pullback Setup | RR 2.4:1,,PULLBACK_SETUP
2026-W24,2026-06-12,57,RBLBANK.NS,Financial Services,77.52,70.01,B+,WATCHLIST,1.21,356.95,315.27,407.35,-1.64,SECTOR_LEADER,Top 20% Relative Strength | Sector Leader | Fresh breakout (≤2d) | Strong uptrend | Breakout Setup,Wide stop (12%),BREAKOUT_SETUP
2026-W24,2026-06-12,58,MAHABANK.NS,Financial Services,82.7,69.89,A,WATCHLIST,1.11,84.18,74.31,95.1,-1.06,MARKET_LEADER,Top 10% Relative Strength | Market Leader | Fresh breakout (≤2d) | 1.6x volume expansion | Strong uptrend | Breakout Setup,Wide stop (12%),BREAKOUT_SETUP
2026-W24,2026-06-12,59,USHAMART.NS,Capital Goods,63.38,69.87,B,AVOID,2.61,480.65,462.71,527.5,-8.88,NEUTRAL,Sector #1 (Capital Goods) | Pullback Setup | RR 2.6:1,,PULLBACK_SETUP
2026-W24,2026-06-12,60,GROWW.NS,Financial Services,71.82,69.77,B+,WATCHLIST,2.02,191.6,180.72,213.53,-3.25,MARKET_LEADER,Top 10% Relative Strength | Market Leader | Strong uptrend | Base Building | RR 2.0:1,Stale breakout,BASE_BUILDING
2026-W24,2026-06-12,61,ABSLAMC.NS,Financial Services,82.52,69.76,A,WATCHLIST,1.05,1110.3,969.31,1257.7,-0.72,MARKET_LEADER,Top 10% Relative Strength | Market Leader | Fresh breakout (≤2d) | 2.0x volume expansion | Strong uptrend | Breakout Setup,Wide stop (13%),BREAKOUT_SETUP
2026-W24,2026-06-12,62,VTL.NS,Textiles,78.16,69.71,B+,AVOID,0.65,613.45,564.55,645.45,-4.96,SECTOR_LEADER,Top 20% Relative Strength | Sector Leader | Sector #2 (Textiles) | Strong uptrend | Pullback Setup,Stale breakout | Poor RR (0.7),PULLBACK_SETUP
2026-W24,2026-06-12,63,ANANDRATHI.NS,Financial Services,65.06,69.54,B,WATCHLIST,5.27,1737.5,1693.49,1969.2,-5.57,SECTOR_LEADER,Top 20% Relative Strength | Sector Leader | Base Building | RR 5.3:1,Stale breakout,BASE_BUILDING
2026-W24,2026-06-12,64,FINCABLES.NS,Capital Goods,61.78,69.5,B,AVOID,3.4,994.5,938.47,1184.8,-16.06,NEUTRAL,Sector #1 (Capital Goods) | Ideal volatility | Pullback Setup | RR 3.4:1,,PULLBACK_SETUP
2026-W24,2026-06-12,65,GLAND.NS,Healthcare,75.7,69.49,B+,WATCHLIST,1.23,2267.8,2163.98,2396.0,-5.35,MARKET_LEADER,Top 10% Relative Strength | Market Leader | Sector #5 (Healthcare) | Strong uptrend | Pullback Setup,Stale breakout,PULLBACK_SETUP
2026-W24,2026-06-12,66,HBLENGINE.NS,Capital Goods,61.38,69.22,B,AVOID,3.98,753.95,723.54,875.0,-13.83,NEUTRAL,Sector #1 (Capital Goods) | Ideal volatility | Pullback Setup | RR 4.0:1,Stale breakout,PULLBACK_SETUP
2026-W24,2026-06-12,67,TATATECH.NS,Information Technology,66.68,69.18,B,WATCHLIST,5.19,758.2,708.47,1016.15,-3.29,MARKET_LEADER,Top 10% Relative Strength | Market Leader | Fresh breakout (≤2d) | Strong uptrend | Trend Continuation | RR 5.2:1,,TREND_CONTINUATION
2026-W24,2026-06-12,68,CRAFTSMAN.NS,Automobile and Auto Components,77.36,69.15,B+,AVOID,0.65,8986.5,8503.11,9300.0,-3.37,SECTOR_LEADER,Top 20% Relative Strength | Sector Leader | Strong uptrend | Pullback Setup,Stale breakout | Poor RR (0.7),PULLBACK_SETUP
2026-W24,2026-06-12,69,MOTHERSON.NS,Automobile and Auto Components,72.94,69.06,B+,WATCHLIST,1.72,142.21,136.64,151.77,-6.3,SECTOR_LEADER,Top 20% Relative Strength | Sector Leader | Strong uptrend | Pullback Setup,,PULLBACK_SETUP
2026-W24,2026-06-12,70,PNBHOUSING.NS,Financial Services,60.94,68.91,B,AVOID,4.24,968.5,936.28,1105.0,-12.35,SECTOR_LEADER,Sector Leader | Pullback Setup | RR 4.2:1,Stale breakout,PULLBACK_SETUP
2026-W24,2026-06-12,71,NUVAMA.NS,Financial Services,70.52,68.86,B+,WATCHLIST,1.74,1522.2,1477.43,1600.0,-4.86,SECTOR_LEADER,Sector Leader | Strong uptrend | Pullback Setup,Stale breakout,PULLBACK_SETUP
2026-W24,2026-06-12,72,BSE.NS,Financial Services,61.84,68.79,B,AVOID,2.83,3929.5,3746.95,4446.8,-11.63,MARKET_LEADER,Top 10% Relative Strength | Market Leader | Pullback Setup | RR 2.8:1,Stale breakout,PULLBACK_SETUP
2026-W24,2026-06-12,73,SAILIFE.NS,Healthcare,81.06,68.74,A,AVOID,0.57,1188.1,1098.11,1239.5,-4.15,SECTOR_LEADER,Top 20% Relative Strength | Sector Leader | Sector #5 (Healthcare) | Fresh breakout (≤2d) | Strong uptrend | Pullback Setup,Poor RR (0.6),PULLBACK_SETUP
2026-W24,2026-06-12,74,PPLPHARMA.NS,Healthcare,56.42,68.74,C,AVOID,3.15,164.07,158.78,180.72,-9.21,NEUTRAL,Sector #5 (Healthcare) | Pullback Setup | RR 3.1:1,Stale breakout,PULLBACK_SETUP
2026-W24,2026-06-12,75,EMCURE.NS,Healthcare,70.28,68.7,B+,WATCHLIST,1.07,1731.2,1650.33,1818.0,-4.77,NEUTRAL,Top 20% Relative Strength | Sector #5 (Healthcare) | 2.5x volume expansion | Strong uptrend | High-quality base | Pullback Setup,Stale breakout,PULLBACK_SETUP
2026-W24,2026-06-12,76,JSWCEMENT.NS,Construction Materials,55.22,68.65,C,AVOID,3.19,126.82,121.9,142.5,-11.0,SECTOR_LEADER,Sector Leader | Pullback Setup | RR 3.2:1,Stale breakout,PULLBACK_SETUP
2026-W24,2026-06-12,77,SUZLON.NS,Capital Goods,61.38,68.47,B,AVOID,2.12,54.08,52.03,58.42,-7.43,NEUTRAL,Sector #1 (Capital Goods) | Pullback Setup | RR 2.1:1,Stale breakout,PULLBACK_SETUP
2026-W24,2026-06-12,78,SIEMENS.NS,Capital Goods,62.42,68.44,B,AVOID,2.77,3582.7,3454.56,3937.3,-9.01,NEUTRAL,Sector #1 (Capital Goods) | Pullback Setup | RR 2.8:1,Stale breakout,PULLBACK_SETUP
2026-W24,2026-06-12,79,ENRIN.NS,Capital Goods,60.18,68.38,B,AVOID,3.37,3424.8,3263.67,3968.0,-13.69,NEUTRAL,Sector #1 (Capital Goods) | Ideal volatility | Pullback Setup | RR 3.4:1,,PULLBACK_SETUP
2026-W24,2026-06-12,80,GRSE.NS,Capital Goods,63.24,68.27,B,AVOID,7.31,2604.0,2524.5,3185.0,-9.19,NEUTRAL,Sector #1 (Capital Goods) | Base Building | RR 7.3:1,Stale breakout,BASE_BUILDING
2026-W24,2026-06-12,81,JSWSTEEL.NS,Metals & Mining,63.22,68.25,B,AVOID,4.48,1269.8,1239.97,1403.5,-4.38,NEUTRAL,Sector #3 (Metals & Mining) | 1.6x volume expansion | Base Building | RR 4.5:1,Stale breakout,BASE_BUILDING
2026-W24,2026-06-12,82,SAREGAMA.NS,Media Entertainment & Publication,73.88,68.22,B+,WATCHLIST,1.54,438.05,407.48,485.0,-9.68,MARKET_LEADER,Top 10% Relative Strength | Market Leader | Strong uptrend | Ideal volatility | Pullback Setup,,PULLBACK_SETUP
2026-W24,2026-06-12,83,ASTERDM.NS,Healthcare,85.54,68.13,A,EXTENDED,1.16,812.9,704.19,938.5,-1.45,SECTOR_LEADER,Top 20% Relative Strength | Sector Leader | Sector #5 (Healthcare) | Fresh breakout (≤2d) | 3.3x volume expansion | Strong uptrend | Breakout Setup,Extended 8.2% (vs breakout/EMA20) | Wide stop (13%),BREAKOUT_SETUP
2026-W24,2026-06-12,84,HINDZINC.NS,Metals & Mining,59.0,67.55,C,AVOID,7.58,547.55,530.31,678.25,-19.27,NEUTRAL,Sector #3 (Metals & Mining) | 1.5x volume expansion | Pullback Setup | RR 7.6:1,Stale breakout,PULLBACK_SETUP
2026-W24,2026-06-12,85,GMDCLTD.NS,Metals & Mining,58.96,67.52,C,AVOID,4.03,604.3,578.5,708.2,-14.67,NEUTRAL,Sector #3 (Metals & Mining) | Ideal volatility | Pullback Setup | RR 4.0:1,Stale breakout,PULLBACK_SETUP
2026-W24,2026-06-12,86,KIMS.NS,Healthcare,68.46,67.42,B,WATCHLIST,1.06,763.15,718.15,811.0,-5.9,NEUTRAL,Sector #5 (Healthcare) | Fresh breakout (≤2d) | Strong uptrend | Pullback Setup,,PULLBACK_SETUP
2026-W24,2026-06-12,87,MCX.NS,Financial Services,58.74,67.37,C,AVOID,6.25,2743.8,2626.0,3480.0,-21.16,SECTOR_LEADER,Top 20% Relative Strength | Sector Leader | Ideal volatility | Pullback Setup | RR 6.2:1,Stale breakout,PULLBACK_SETUP
2026-W24,2026-06-12,88,TATASTEEL.NS,Metals & Mining,58.74,67.37,C,AVOID,5.59,199.31,194.82,224.4,-11.18,NEUTRAL,Sector #3 (Metals & Mining) | Pullback Setup | RR 5.6:1,Stale breakout,PULLBACK_SETUP
2026-W24,2026-06-12,89,ANANTRAJ.NS,Realty,55.26,67.18,C,AVOID,3.51,519.35,496.75,598.8,-13.27,SECTOR_LEADER,Sector Leader | Ideal volatility | Pullback Setup | RR 3.5:1,,PULLBACK_SETUP
2026-W24,2026-06-12,90,BELRISE.NS,Automobile and Auto Components,80.94,67.16,A,AVOID,0.5,227.13,208.4,236.5,-3.96,MARKET_LEADER,Top 10% Relative Strength | Market Leader | Fresh breakout (≤2d) | Strong uptrend | Pullback Setup,Poor RR (0.5) | Wide stop (8%),PULLBACK_SETUP
2026-W24,2026-06-12,91,TATACHEM.NS,Chemicals,59.44,67.11,C,AVOID,2.86,720.4,690.31,806.6,-10.69,NEUTRAL,2.5x volume expansion | Pullback Setup | RR 2.9:1,Stale breakout,PULLBACK_SETUP
2026-W24,2026-06-12,92,ENDURANCE.NS,Automobile and Auto Components,54.04,67.08,C,AVOID,4.32,2502.5,2428.29,2823.0,-11.35,NEUTRAL,1.7x volume expansion | Pullback Setup | RR 4.3:1,Stale breakout,PULLBACK_SETUP
2026-W24,2026-06-12,93,COHANCE.NS,Healthcare,61.52,67.06,B,AVOID,2.26,430.5,414.36,466.95,-7.81,NEUTRAL,Sector #5 (Healthcare) | Strong uptrend | Pullback Setup | RR 2.3:1,Stale breakout,PULLBACK_SETUP
2026-W24,2026-06-12,94,NATIONALUM.NS,Metals & Mining,58.1,66.92,C,AVOID,4.47,376.15,360.86,444.5,-15.38,NEUTRAL,Sector #3 (Metals & Mining) | Ideal volatility | Pullback Setup | RR 4.5:1,Stale breakout,PULLBACK_SETUP
2026-W24,2026-06-12,95,OFSS.NS,Information Technology,55.78,66.8,C,AVOID,3.14,9470.0,9114.61,10584.5,-10.53,MARKET_LEADER,Top 10% Relative Strength | Market Leader | Pullback Setup | RR 3.1:1,,PULLBACK_SETUP
2026-W24,2026-06-12,96,NH.NS,Healthcare,67.4,66.68,B,WATCHLIST,1.57,1906.8,1845.78,2002.3,-4.77,NEUTRAL,Sector #5 (Healthcare) | Strong uptrend | Pullback Setup,,PULLBACK_SETUP
2026-W24,2026-06-12,97,SHYAMMETL.NS,Capital Goods,69.52,66.66,B,WATCHLIST,1.57,968.85,940.02,1014.0,-4.45,NEUTRAL,Top 20% Relative Strength | Sector #1 (Capital Goods) | Strong uptrend | Pullback Setup,,PULLBACK_SETUP
2026-W24,2026-06-12,98,CESC.NS,Power,57.68,66.63,C,AVOID,3.77,168.2,162.77,188.7,-10.86,NEUTRAL,Sector #4 (Power) | Pullback Setup | RR 3.8:1,Stale breakout,PULLBACK_SETUP
2026-W24,2026-06-12,99,TATAPOWER.NS,Power,60.78,66.55,B,AVOID,9.6,394.75,386.42,474.65,-9.04,NEUTRAL,Sector #4 (Power) | Base Building | RR 9.6:1,Stale breakout,BASE_BUILDING
2026-W24,2026-06-12,100,ABB.NS,Capital Goods,61.76,66.48,B,AVOID,2.91,6801.0,6615.71,7340.0,-7.34,NEUTRAL,Top 20% Relative Strength | Sector #1 (Capital Goods) | Pullback Setup | RR 2.9:1,Stale breakout,PULLBACK_SETUP
2026-W24,2026-06-12,101,GRAPHITE.NS,Capital Goods,57.18,66.28,C,AVOID,6.5,637.05,611.59,802.4,-20.61,NEUTRAL,Sector #1 (Capital Goods) | Pullback Setup | RR 6.5:1,Stale breakout,PULLBACK_SETUP
2026-W24,2026-06-12,102,APOLLOHOSP.NS,Healthcare,69.94,66.21,B,WATCHLIST,1.26,8488.5,7736.35,9433.5,-1.57,NEUTRAL,Sector #5 (Healthcare) | Fresh breakout (≤2d) | Strong uptrend | Breakout Setup,Wide stop (9%),BREAKOUT_SETUP
2026-W24,2026-06-12,103,ANGELONE.NS,Financial Services,68.84,66.19,B,WATCHLIST,1.56,329.85,316.31,351.0,-6.03,MARKET_LEADER,Top 10% Relative Strength | Market Leader | Strong uptrend | Pullback Setup,Stale breakout,PULLBACK_SETUP
2026-W24,2026-06-12,104,ASAHIINDIA.NS,Automobile and Auto Components,60.19,66.13,B,AVOID,2.57,873.2,843.17,950.35,-8.12,EMERGING_LEADER,Best factor: atr 80 | Pullback Setup | RR 2.6:1,,PULLBACK_SETUP
2026-W24,2026-06-12,105,TIMKEN.NS,Capital Goods,60.12,66.08,B,AVOID,3.41,3549.6,3376.89,4139.0,-5.97,NEUTRAL,Sector #1 (Capital Goods) | Base Building | RR 3.4:1,Stale breakout,BASE_BUILDING
2026-W24,2026-06-12,106,ADANIENSOL.NS,Power,81.46,66.02,A,AVOID,0.75,1535.6,1430.55,1614.8,-4.9,MARKET_LEADER,Top 10% Relative Strength | Market Leader | Sector #4 (Power) | Strong uptrend | Pullback Setup,Poor RR (0.8),PULLBACK_SETUP
2026-W24,2026-06-12,107,BOSCHLTD.NS,Automobile and Auto Components,66.46,66.02,B,WATCHLIST,1.23,37790.0,34476.75,41875.0,-1.46,NEUTRAL,Strong uptrend | High-quality base | Breakout Setup,Stale breakout | Wide stop (9%),BREAKOUT_SETUP
2026-W24,2026-06-12,108,BAJAJ-AUTO.NS,Automobile and Auto Components,57.56,65.79,C,AVOID,2.87,10144.0,9933.21,10750.0,-5.64,NEUTRAL,Best factor: liquidity 100 | Pullback Setup | RR 2.9:1,,PULLBACK_SETUP
2026-W24,2026-06-12,109,JBMA.NS,Automobile and Auto Components,72.54,65.78,B+,AVOID,0.91,666.9,609.99,718.6,-7.19,SECTOR_LEADER,Top 20% Relative Strength | Sector Leader | Strong uptrend | Pullback Setup,Stale breakout | Poor RR (0.9) | Wide stop (9%),PULLBACK_SETUP
2026-W24,2026-06-12,110,NYKAA.NS,Consumer Services,59.48,65.64,C,AVOID,6.87,262.4,254.97,313.4,-8.12,SECTOR_LEADER,Sector Leader | 1.8x volume expansion | Base Building | RR 6.9:1,Stale breakout,BASE_BUILDING
2026-W24,2026-06-12,111,ONESOURCE.NS,Healthcare,56.26,65.63,C,AVOID,3.11,1699.6,1629.54,1917.8,-11.38,NEUTRAL,Sector #5 (Healthcare) | Pullback Setup | RR 3.1:1,Stale breakout,PULLBACK_SETUP
2026-W24,2026-06-12,112,ITI.NS,Telecommunication,57.32,65.62,C,AVOID,2.02,293.75,283.9,313.65,-6.34,NEUTRAL,Best factor: atr 80 | Pullback Setup | RR 2.0:1,,PULLBACK_SETUP
2026-W24,2026-06-12,113,SUMICHEM.NS,Chemicals,51.88,65.57,C,AVOID,3.35,456.65,440.73,509.95,-10.45,NEUTRAL,Best factor: atr 80 | Pullback Setup | RR 3.4:1,Stale breakout,PULLBACK_SETUP
2026-W24,2026-06-12,114,JSWENERGY.NS,Power,59.32,65.52,C,AVOID,2.9,560.65,541.82,615.26,-8.88,NEUTRAL,Sector #4 (Power) | Pullback Setup | RR 2.9:1,,PULLBACK_SETUP
2026-W24,2026-06-12,115,HSCL.NS,Chemicals,83.92,65.49,A,EXTENDED,1.15,693.0,533.48,876.03,-2.04,MARKET_LEADER,Top 10% Relative Strength | Market Leader | 1.9x volume expansion | Strong uptrend | Ideal volatility | Breakout Setup,Extended 10.7% (vs breakout/EMA20) | Wide stop (23%),BREAKOUT_SETUP
2026-W24,2026-06-12,116,IFCI.NS,Financial Services,69.44,65.11,B,WATCHLIST,1.97,71.83,65.94,83.44,-13.91,MARKET_LEADER,Top 10% Relative Strength | Market Leader | Strong uptrend | Ideal volatility | Pullback Setup,Wide stop (8%),PULLBACK_SETUP
2026-W24,2026-06-12,117,NAVINFLUOR.NS,Chemicals,65.16,65.11,B,WATCHLIST,1.46,7046.5,6718.14,7525.0,-6.36,NEUTRAL,2.2x volume expansion | Strong uptrend | Pullback Setup,Stale breakout,PULLBACK_SETUP
2026-W24,2026-06-12,118,GRASIM.NS,Construction Materials,65.1,65.07,B,WATCHLIST,1.9,3071.2,3004.55,3197.5,-3.95,SECTOR_LEADER,Top 20% Relative Strength | Sector Leader | Strong uptrend | Pullback Setup,Stale breakout,PULLBACK_SETUP
2026-W24,2026-06-12,119,ACMESOLAR.NS,Power,79.92,64.94,B+,AVOID,0.63,336.9,292.94,364.8,-7.65,MARKET_LEADER,Top 10% Relative Strength | Market Leader | Sector #4 (Power) | Strong uptrend | Ideal volatility | Pullback Setup,Poor RR (0.6) | Wide stop (13%),PULLBACK_SETUP
2026-W24,2026-06-12,120,SONACOMS.NS,Automobile and Auto Components,56.28,64.9,C,AVOID,2.13,589.25,573.98,621.8,-5.23,NEUTRAL,Top 20% Relative Strength | Pullback Setup | RR 2.1:1,,PULLBACK_SETUP
2026-W24,2026-06-12,121,DEEPAKNTR.NS,Chemicals,50.88,64.87,C,AVOID,4.87,1664.7,1620.91,1877.9,-11.35,NEUTRAL,Best factor: liquidity 70 | Pullback Setup | RR 4.9:1,Stale breakout,PULLBACK_SETUP
2026-W24,2026-06-12,122,FEDERALBNK.NS,Financial Services,75.44,64.81,B+,WATCHLIST,1.23,311.1,274.77,355.85,-1.77,SECTOR_LEADER,Top 20% Relative Strength | Sector Leader | Fresh breakout (≤2d) | Strong uptrend | Breakout Setup,Wide stop (12%),BREAKOUT_SETUP
2026-W24,2026-06-12,123,DRREDDY.NS,Healthcare,58.28,64.8,C,AVOID,4.85,1271.7,1235.92,1445.2,-5.58,NEUTRAL,Sector #5 (Healthcare) | Base Building | RR 4.8:1,Stale breakout,BASE_BUILDING
2026-W24,2026-06-12,124,DIVISLAB.NS,Healthcare,58.18,64.73,C,AVOID,3.35,6638.5,6385.99,7485.5,-4.73,NEUTRAL,Sector #5 (Healthcare) | Base Building | RR 3.4:1,Stale breakout,BASE_BUILDING
2026-W24,2026-06-12,125,PARADEEP.NS,Chemicals,55.98,64.69,C,AVOID,2.0,123.81,119.73,131.99,-6.2,NEUTRAL,Best factor: liquidity 85 | Pullback Setup | RR 2.0:1,Stale breakout,PULLBACK_SETUP
2026-W24,2026-06-12,126,LENSKART.NS,Consumer Services,55.96,64.67,C,AVOID,2.38,500.15,486.55,532.5,-6.08,SECTOR_LEADER,Top 20% Relative Strength | Sector Leader | Pullback Setup | RR 2.4:1,Stale breakout,PULLBACK_SETUP
2026-W24,2026-06-12,127,NESTLEIND.NS,Fast Moving Consumer Goods,70.86,64.6,B+,AVOID,0.51,1438.3,1354.42,1481.45,-2.78,SECTOR_LEADER,Top 20% Relative Strength | Sector Leader | Strong uptrend | Pullback Setup,Stale breakout | Poor RR (0.5),PULLBACK_SETUP
2026-W24,2026-06-12,128,STARHEALTH.NS,Financial Services,70.82,64.57,B+,AVOID,0.95,524.4,507.87,540.13,-2.79,SECTOR_LEADER,Top 20% Relative Strength | Sector Leader | Strong uptrend | Pullback Setup,Stale breakout | Poor RR (0.9),PULLBACK_SETUP
2026-W24,2026-06-12,129,MANKIND.NS,Healthcare,55.66,64.46,C,AVOID,2.13,2376.2,2252.84,2638.6,-9.94,NEUTRAL,Sector #5 (Healthcare) | Pullback Setup | RR 2.1:1,Stale breakout,PULLBACK_SETUP
2026-W24,2026-06-12,130,BLUEJET.NS,Healthcare,66.31,64.42,B,WATCHLIST,1.32,469.75,430.45,521.55,-9.93,EMERGING_LEADER,Sector #5 (Healthcare) | Strong uptrend | Ideal volatility | Pullback Setup,Stale breakout | Wide stop (8%),PULLBACK_SETUP
2026-W24,2026-06-12,131,INDGN.NS,Healthcare,64.08,64.36,B,AVOID,2.31,518.5,494.9,573.0,-3.35,NEUTRAL,Sector #5 (Healthcare) | 2.3x volume expansion | Strong uptrend | High-quality base | Base Building | RR 2.3:1,Stale breakout,BASE_BUILDING
2026-W24,2026-06-12,132,SRF.NS,Chemicals,64.04,64.33,B,AVOID,1.35,2734.1,2564.59,2962.3,-1.52,NEUTRAL,Strong uptrend | High-quality base | Breakout Setup,Stale breakout,BREAKOUT_SETUP
2026-W24,2026-06-12,133,AIAENG.NS,Capital Goods,68.28,64.3,B,WATCHLIST,1.9,4439.0,4262.27,4775.0,-7.04,NEUTRAL,Sector #1 (Capital Goods) | Strong uptrend | Pullback Setup,,PULLBACK_SETUP
2026-W24,2026-06-12,134,ACUTAAS.NS,Healthcare,78.96,64.27,B+,AVOID,0.71,3207.0,2872.98,3444.3,-6.89,MARKET_LEADER,Top 10% Relative Strength | Market Leader | Sector #5 (Healthcare) | Strong uptrend | Ideal volatility | Pullback Setup,Poor RR (0.7) | Wide stop (10%),PULLBACK_SETUP
2026-W24,2026-06-12,135,TMPV.NS,Automobile and Auto Components,57.44,64.21,C,AVOID,2.35,381.0,369.51,408.0,-6.62,NEUTRAL,Strong uptrend | Pullback Setup | RR 2.4:1,,PULLBACK_SETUP
2026-W24,2026-06-12,136,FACT.NS,Chemicals,65.94,64.16,B,WATCHLIST,2.03,901.35,837.54,1030.8,-3.95,NEUTRAL,6.7x volume expansion | Strong uptrend | High-quality base | Base Building | RR 2.0:1,Stale breakout,BASE_BUILDING
2026-W24,2026-06-12,137,COALINDIA.NS,Oil Gas & Consumable Fuels,58.32,64.07,C,AVOID,2.37,451.0,436.87,484.45,-6.9,NEUTRAL,Best factor: liquidity 100 | Pullback Setup | RR 2.4:1,,PULLBACK_SETUP
2026-W24,2026-06-12,138,ZEEL.NS,Media Entertainment & Publication,59.14,63.9,C,AVOID,4.44,102.93,91.16,155.24,-12.18,NEUTRAL,Strong uptrend | Ideal volatility | Trend Continuation | RR 4.4:1,Wide stop (11%),TREND_CONTINUATION
2026-W24,2026-06-12,139,GODREJIND.NS,Diversified,49.5,63.9,D,AVOID,4.56,1033.0,992.0,1220.0,-15.33,NEUTRAL,Best factor: liquidity 100 | Pullback Setup | RR 4.6:1,Stale breakout,PULLBACK_SETUP
2026-W24,2026-06-12,140,PAGEIND.NS,Textiles,63.38,63.87,B,AVOID,1.37,37955.0,36219.15,40331.44,-5.89,NEUTRAL,Sector #2 (Textiles) | Strong uptrend | Pullback Setup,Stale breakout,PULLBACK_SETUP
2026-W24,2026-06-12,141,VBL.NS,Fast Moving Consumer Goods,69.72,63.8,B,AVOID,0.91,526.25,506.38,544.4,-3.33,SECTOR_LEADER,Top 20% Relative Strength | Sector Leader | Strong uptrend | Pullback Setup,Stale breakout | Poor RR (0.9),PULLBACK_SETUP
2026-W24,2026-06-12,142,DIXON.NS,Consumer Durables,63.29,63.8,B,AVOID,1.03,11487.0,11041.47,11944.0,-3.83,EMERGING_LEADER,Strong uptrend | Pullback Setup,Stale breakout,PULLBACK_SETUP
2026-W24,2026-06-12,143,RKFORGE.NS,Automobile and Auto Components,56.86,63.8,C,AVOID,3.06,556.1,524.8,651.9,-5.91,NEUTRAL,2.0x volume expansion | Base Building | RR 3.1:1,Stale breakout,BASE_BUILDING
2026-W24,2026-06-12,144,FORTIS.NS,Healthcare,68.52,63.71,B,WATCHLIST,1.34,989.0,890.11,1121.1,-2.09,NEUTRAL,Sector #5 (Healthcare) | Strong uptrend | High-quality base | Breakout Setup,Stale breakout | Wide stop (10%),BREAKOUT_SETUP
2026-W24,2026-06-12,145,BEML.NS,Capital Goods,65.06,63.54,B,WATCHLIST,2.87,1770.6,1661.0,2085.24,-5.89,NEUTRAL,Sector #1 (Capital Goods) | Base Building | RR 2.9:1,Stale breakout,BASE_BUILDING
2026-W24,2026-06-12,146,NEULANDLAB.NS,Healthcare,62.92,63.54,B,AVOID,1.04,16946.0,16236.99,17684.0,-4.17,NEUTRAL,Sector #5 (Healthcare) | Strong uptrend | Pullback Setup,Stale breakout,PULLBACK_SETUP
2026-W24,2026-06-12,147,NIVABUPA.NS,Financial Services,69.32,63.52,B,AVOID,0.59,84.19,79.88,86.72,-2.63,SECTOR_LEADER,Sector Leader | Strong uptrend | Pullback Setup,Stale breakout | Poor RR (0.6),PULLBACK_SETUP
2026-W24,2026-06-12,148,PIRAMALFIN.NS,Financial Services,69.32,63.52,B,AVOID,0.53,1983.5,1867.14,2044.8,-3.0,SECTOR_LEADER,Top 20% Relative Strength | Sector Leader | Strong uptrend | Pullback Setup,Stale breakout | Poor RR (0.5),PULLBACK_SETUP
2026-W24,2026-06-12,149,PIDILITIND.NS,Chemicals,66.04,63.48,B,WATCHLIST,1.48,1506.5,1413.92,1643.4,-1.91,NEUTRAL,2.2x volume expansion | Strong uptrend | High-quality base | Breakout Setup,Stale breakout,BREAKOUT_SETUP
2026-W24,2026-06-12,150,TECHM.NS,Information Technology,56.28,63.4,C,AVOID,2.55,1478.9,1435.68,1589.0,-6.93,SECTOR_LEADER,Sector Leader | Strong uptrend | Pullback Setup | RR 2.5:1,,PULLBACK_SETUP
2026-W24,2026-06-12,151,TATACONSUM.NS,Fast Moving Consumer Goods,48.76,63.38,D,AVOID,5.19,1108.0,1081.67,1244.57,-10.97,NEUTRAL,Best factor: liquidity 100 | Pullback Setup | RR 5.2:1,Stale breakout,PULLBACK_SETUP
2026-W24,2026-06-12,152,TARIL.NS,Capital Goods,62.64,63.35,B,AVOID,1.8,309.5,298.35,329.6,-6.1,NEUTRAL,Top 20% Relative Strength | Sector #1 (Capital Goods) | Pullback Setup,Stale breakout,PULLBACK_SETUP
2026-W24,2026-06-12,153,OIL.NS,Oil Gas & Consumable Fuels,53.0,63.35,C,AVOID,7.31,427.35,413.17,531.0,-19.52,NEUTRAL,4.1x volume expansion | Pullback Setup | RR 7.3:1,Stale breakout,PULLBACK_SETUP
2026-W24,2026-06-12,154,INDUSTOWER.NS,Telecommunication,56.02,63.21,C,AVOID,8.05,413.15,403.57,490.25,-8.07,NEUTRAL,Best factor: liquidity 100 | Base Building | RR 8.1:1,Stale breakout,BASE_BUILDING
2026-W24,2026-06-12,155,IDFCFIRSTB.NS,Financial Services,67.69,63.13,B,WATCHLIST,1.31,72.99,65.5,82.84,-2.03,EMERGING_LEADER,Fresh breakout (≤2d) | Strong uptrend | Breakout Setup,Wide stop (10%),BREAKOUT_SETUP
2026-W24,2026-06-12,156,SCHAEFFLER.NS,Automobile and Auto Components,55.66,62.96,C,AVOID,3.71,4009.9,3847.73,4611.4,-5.63,NEUTRAL,Best factor: liquidity 85 | Base Building | RR 3.7:1,Stale breakout,BASE_BUILDING
2026-W24,2026-06-12,157,TORNTPHARM.NS,Healthcare,64.18,62.93,B,AVOID,2.65,4463.7,4197.9,5166.8,-5.1,NEUTRAL,Sector #5 (Healthcare) | Strong uptrend | Base Building | RR 2.6:1,Stale breakout,BASE_BUILDING
2026-W24,2026-06-12,158,KPIL.NS,Construction,62.02,62.91,B,AVOID,1.35,1273.3,1227.7,1335.0,-4.62,SECTOR_LEADER,Sector Leader | Pullback Setup,Stale breakout,PULLBACK_SETUP
2026-W24,2026-06-12,159,JUBLPHARMA.NS,Healthcare,55.52,62.86,C,AVOID,5.15,964.45,935.15,1115.4,-6.36,NEUTRAL,Sector #5 (Healthcare) | Base Building | RR 5.2:1,Stale breakout,BASE_BUILDING
2026-W24,2026-06-12,160,SUNPHARMA.NS,Healthcare,55.42,62.79,C,AVOID,6.15,1786.4,1739.23,2076.4,-6.79,NEUTRAL,Sector #5 (Healthcare) | Base Building | RR 6.2:1,Stale breakout,BASE_BUILDING
2026-W24,2026-06-12,161,ICICIAMC.NS,Financial Services,49.88,62.67,D,AVOID,3.34,3203.8,3082.03,3611.0,-11.28,NEUTRAL,Best factor: liquidity 100 | Pullback Setup | RR 3.3:1,,PULLBACK_SETUP
2026-W24,2026-06-12,162,AUROPHARMA.NS,Healthcare,61.66,62.66,B,AVOID,1.7,1453.6,1396.89,1550.0,-6.22,NEUTRAL,Sector #5 (Healthcare) | Strong uptrend | Pullback Setup,Stale breakout,PULLBACK_SETUP
2026-W24,2026-06-12,163,MMTC.NS,Services,53.04,62.63,C,AVOID,2.68,64.69,62.24,71.28,-9.25,NEUTRAL,Best factor: liquidity 85 | Pullback Setup | RR 2.7:1,Stale breakout,PULLBACK_SETUP
2026-W24,2026-06-12,164,BALRAMCHIN.NS,Fast Moving Consumer Goods,67.96,62.57,B,AVOID,0.85,536.55,505.05,563.4,-4.77,SECTOR_LEADER,Top 20% Relative Strength | Sector Leader | Strong uptrend | Pullback Setup,Stale breakout | Poor RR (0.8),PULLBACK_SETUP
2026-W24,2026-06-12,165,PFC.NS,Financial Services,63.46,62.42,B,AVOID,2.46,431.3,404.37,497.45,-4.78,SECTOR_LEADER,Top 20% Relative Strength | Sector Leader | Base Building | RR 2.5:1,Stale breakout,BASE_BUILDING
2026-W24,2026-06-12,166,ENGINERSIN.NS,Construction,61.26,62.38,B,AVOID,1.92,232.05,218.89,257.3,-9.81,SECTOR_LEADER,Top 20% Relative Strength | Sector Leader | Ideal volatility | Pullback Setup,Stale breakout,PULLBACK_SETUP
2026-W24,2026-06-12,167,AARTIIND.NS,Chemicals,51.38,62.22,C,AVOID,5.01,433.65,420.12,501.4,-13.51,NEUTRAL,Best factor: liquidity 85 | Pullback Setup | RR 5.0:1,Stale breakout,PULLBACK_SETUP
2026-W24,2026-06-12,168,CIPLA.NS,Healthcare,60.94,62.16,B,AVOID,1.1,1377.0,1328.0,1431.07,-3.78,NEUTRAL,Sector #5 (Healthcare) | Strong uptrend | Pullback Setup,Stale breakout,PULLBACK_SETUP
2026-W24,2026-06-12,169,GRAVITA.NS,Metals & Mining,46.96,62.12,D,AVOID,3.04,1579.9,1524.6,1748.2,-9.63,LAGGARD,Sector #3 (Metals & Mining) | Pullback Setup | RR 3.0:1,Stale breakout | RS laggard,PULLBACK_SETUP
2026-W24,2026-06-12,170,CGCL.NS,Financial Services,69.44,62.11,B,AVOID,0.49,201.72,188.0,208.4,-3.21,SECTOR_LEADER,Top 20% Relative Strength | Sector Leader | Strong uptrend | Pullback Setup,Stale breakout | Poor RR (0.5),PULLBACK_SETUP
2026-W24,2026-06-12,171,ANURAS.NS,Chemicals,54.38,62.07,C,AVOID,6.02,1272.3,1230.14,1526.2,-8.52,NEUTRAL,Best factor: liquidity 85 | Base Building | RR 6.0:1,Stale breakout,BASE_BUILDING
2026-W24,2026-06-12,172,RAINBOW.NS,Healthcare,60.48,61.84,B,AVOID,1.27,1340.6,1297.89,1395.0,-3.9,NEUTRAL,Sector #5 (Healthcare) | Strong uptrend | Pullback Setup,Stale breakout,PULLBACK_SETUP
2026-W24,2026-06-12,173,GESHIP.NS,Services,50.72,61.75,C,AVOID,6.07,1367.8,1298.94,1785.74,-23.4,NEUTRAL,Ideal volatility | Pullback Setup | RR 6.1:1,Stale breakout,PULLBACK_SETUP
2026-W24,2026-06-12,174,ANTHEM.NS,Healthcare,60.16,61.61,B,AVOID,1.6,766.05,728.79,825.65,-7.22,NEUTRAL,Sector #5 (Healthcare) | Strong uptrend | Pullback Setup,Stale breakout,PULLBACK_SETUP
2026-W24,2026-06-12,175,WELSPUNLIV.NS,Textiles,60.14,61.6,B,AVOID,1.35,140.21,135.93,146.0,-3.97,NEUTRAL,Sector #2 (Textiles) | Pullback Setup,Stale breakout,PULLBACK_SETUP
2026-W24,2026-06-12,176,CEMPRO.NS,Construction,78.3,61.56,B+,EXTENDED,1.08,1237.1,816.75,1689.8,-1.61,MARKET_LEADER,Top 10% Relative Strength | Market Leader | Fresh breakout (≤2d) | 2.2x volume expansion | Strong uptrend | Ideal volatility | Breakout Setup,Extended 20.7% (vs breakout/EMA20) | Wide stop (34%),BREAKOUT_SETUP
2026-W24,2026-06-12,177,JBCHEPHARM.NS,Healthcare,66.48,61.54,B,AVOID,0.52,2201.5,2060.09,2275.66,-3.26,NEUTRAL,Sector #5 (Healthcare) | Strong uptrend | Pullback Setup,Stale breakout | Poor RR (0.5),PULLBACK_SETUP
2026-W24,2026-06-12,178,INDUSINDBK.NS,Financial Services,53.62,61.53,C,AVOID,5.59,883.95,861.35,1010.2,-5.98,NEUTRAL,Best factor: liquidity 100 | Base Building | RR 5.6:1,Stale breakout,BASE_BUILDING
2026-W24,2026-06-12,179,CHAMBLFERT.NS,Chemicals,65.36,61.5,B,WATCHLIST,1.11,477.65,417.78,544.0,-1.11,NEUTRAL,3.2x volume expansion | Strong uptrend | High-quality base | Breakout Setup,Stale breakout | Wide stop (13%),BREAKOUT_SETUP
2026-W24,2026-06-12,180,COFORGE.NS,Information Technology,53.53,61.47,C,AVOID,2.96,1402.7,1351.56,1554.0,-9.74,EMERGING_LEADER,Strong uptrend | Pullback Setup | RR 3.0:1,,PULLBACK_SETUP
2026-W24,2026-06-12,181,ATUL.NS,Chemicals,53.48,61.44,C,AVOID,5.39,6641.5,6415.69,7859.5,-7.37,NEUTRAL,Best factor: liquidity 70 | Base Building | RR 5.4:1,Stale breakout,BASE_BUILDING
2026-W24,2026-06-12,182,CASTROLIND.NS,Oil Gas & Consumable Fuels,51.34,61.44,C,AVOID,2.29,182.59,178.69,191.5,-1.83,NEUTRAL,Best factor: breakout 74 | Breakout Setup | RR 2.3:1,Stale breakout,BREAKOUT_SETUP
2026-W24,2026-06-12,183,ERIS.NS,Healthcare,44.66,61.26,D,AVOID,4.22,1366.9,1330.15,1521.83,-10.18,LAGGARD,Sector #5 (Healthcare) | Strong uptrend | Pullback Setup | RR 4.2:1,Stale breakout | RS laggard,PULLBACK_SETUP
2026-W24,2026-06-12,184,TATACOMM.NS,Telecommunication,74.56,61.19,B+,AVOID,0.51,1978.6,1839.12,2049.9,-3.48,SECTOR_LEADER,Top 20% Relative Strength | Sector Leader | Strong uptrend | Ideal volatility | Pullback Setup,Stale breakout | Poor RR (0.5),PULLBACK_SETUP
2026-W24,2026-06-12,185,EXIDEIND.NS,Automobile and Auto Components,61.68,61.18,B,AVOID,1.74,386.35,372.91,409.8,-5.72,NEUTRAL,Strong uptrend | Pullback Setup,,PULLBACK_SETUP
2026-W24,2026-06-12,186,TIINDIA.NS,Automobile and Auto Components,61.68,61.18,B,AVOID,1.84,3062.3,2960.4,3250.0,-5.78,NEUTRAL,Strong uptrend | Pullback Setup,,PULLBACK_SETUP
2026-W24,2026-06-12,187,MARICO.NS,Fast Moving Consumer Goods,59.4,61.08,C,AVOID,2.45,819.9,786.9,900.65,-3.29,NEUTRAL,Strong uptrend | High-quality base | Base Building | RR 2.5:1,Stale breakout,BASE_BUILDING
2026-W24,2026-06-12,188,ZYDUSWELL.NS,Fast Moving Consumer Goods,59.2,60.94,C,AVOID,1.82,496.75,475.5,535.45,-7.23,SECTOR_LEADER,Top 20% Relative Strength | Sector Leader | Pullback Setup,Stale breakout,PULLBACK_SETUP
2026-W24,2026-06-12,189,IPCALAB.NS,Healthcare,67.66,60.86,B,AVOID,0.28,1630.2,1455.3,1679.11,-2.87,NEUTRAL,Sector #5 (Healthcare) | Strong uptrend | Pullback Setup,Poor RR (0.3) | Wide stop (11%),PULLBACK_SETUP
2026-W24,2026-06-12,190,TITAGARH.NS,Capital Goods,67.52,60.76,B,AVOID,0.85,833.75,782.1,877.5,-4.99,NEUTRAL,Sector #1 (Capital Goods) | Strong uptrend | Pullback Setup,Poor RR (0.8),PULLBACK_SETUP
2026-W24,2026-06-12,191,HONASA.NS,Fast Moving Consumer Goods,71.74,60.72,B+,WATCHLIST,1.22,414.6,337.14,509.25,-2.42,MARKET_LEADER,Top 10% Relative Strength | Market Leader | Strong uptrend | Ideal volatility | Breakout Setup,Wide stop (19%),BREAKOUT_SETUP
2026-W24,2026-06-12,192,IKS.NS,Information Technology,60.9,60.63,B,AVOID,1.15,1678.5,1604.1,1763.8,-4.84,SECTOR_LEADER,Top 20% Relative Strength | Sector Leader | Strong uptrend | Pullback Setup,Stale breakout,PULLBACK_SETUP
2026-W24,2026-06-12,193,MANAPPURAM.NS,Financial Services,48.94,60.51,D,AVOID,5.03,288.25,279.16,334.0,-13.7,NEUTRAL,Best factor: liquidity 100 | Pullback Setup | RR 5.0:1,Stale breakout,PULLBACK_SETUP
2026-W24,2026-06-12,194,ELGIEQUIP.NS,Capital Goods,69.02,60.31,B,AVOID,0.75,602.85,561.63,633.85,-4.89,NEUTRAL,Sector #1 (Capital Goods) | Strong uptrend | Pullback Setup,Poor RR (0.8),PULLBACK_SETUP
2026-W24,2026-06-12,195,HUDCO.NS,Financial Services,49.7,60.29,D,AVOID,2.51,205.56,197.01,226.99,-9.44,NEUTRAL,Best factor: liquidity 100 | Pullback Setup | RR 2.5:1,Stale breakout,PULLBACK_SETUP
2026-W24,2026-06-12,196,APTUS.NS,Financial Services,51.82,60.27,C,AVOID,6.58,252.55,245.28,300.4,-7.9,NEUTRAL,1.6x volume expansion | Base Building | RR 6.6:1,Stale breakout,BASE_BUILDING
2026-W24,2026-06-12,197,NIACL.NS,Financial Services,44.28,60.25,D,AVOID,3.16,150.19,144.04,169.6,-11.44,NEUTRAL,Best factor: atr 80 | Pullback Setup | RR 3.2:1,Stale breakout,PULLBACK_SETUP
2026-W24,2026-06-12,198,NETWEB.NS,Information Technology,53.88,60.22,C,AVOID,2.34,4295.6,4009.7,4965.0,-13.48,MARKET_LEADER,Top 10% Relative Strength | Market Leader | Ideal volatility | Pullback Setup | RR 2.3:1,,PULLBACK_SETUP
2026-W24,2026-06-12,199,PHOENIXLTD.NS,Realty,68.82,60.17,B,WATCHLIST,1.84,1765.7,1658.25,1963.6,-2.95,SECTOR_LEADER,Sector Leader | 1.6x volume expansion | Strong uptrend | High-quality base | Base Building,Stale breakout,BASE_BUILDING
2026-W24,2026-06-12,200,KOTAKBANK.NS,Financial Services,58.05,60.13,C,AVOID,1.53,388.1,368.48,418.1,-1.78,EMERGING_LEADER,High-quality base | Breakout Setup,Stale breakout,BREAKOUT_SETUP
2026-W24,2026-06-12,201,SUPREMEIND.NS,Capital Goods,58.0,60.1,C,AVOID,8.78,3488.5,3350.49,4699.79,-5.35,NEUTRAL,Sector #1 (Capital Goods) | No Setup | RR 8.8:1,Downtrend,NO_SETUP
2026-W24,2026-06-12,202,ABCAPITAL.NS,Financial Services,51.3,59.91,C,AVOID,5.82,342.7,333.09,398.6,-7.33,NEUTRAL,Best factor: liquidity 100 | Base Building | RR 5.8:1,Stale breakout,BASE_BUILDING
2026-W24,2026-06-12,203,CAMS.NS,Financial Services,51.3,59.91,C,AVOID,6.63,741.1,720.37,878.55,-8.22,NEUTRAL,Best factor: liquidity 100 | Base Building | RR 6.6:1,Stale breakout,BASE_BUILDING
2026-W24,2026-06-12,204,LICHSGFIN.NS,Financial Services,51.3,59.91,C,AVOID,4.29,541.0,518.31,638.35,-6.88,NEUTRAL,Best factor: liquidity 100 | Base Building | RR 4.3:1,Stale breakout,BASE_BUILDING
2026-W24,2026-06-12,205,NUVOCO.NS,Construction Materials,43.32,59.57,D,AVOID,4.63,309.7,297.6,365.75,-15.32,NEUTRAL,Best factor: atr 80 | Pullback Setup | RR 4.6:1,,PULLBACK_SETUP
2026-W24,2026-06-12,206,ZFCVINDIA.NS,Automobile and Auto Components,59.36,59.55,C,AVOID,2.16,14714.0,13741.2,16818.0,-4.14,NEUTRAL,Strong uptrend | Base Building | RR 2.2:1,Stale breakout,BASE_BUILDING
2026-W24,2026-06-12,207,MINDACORP.NS,Automobile and Auto Components,75.34,59.49,B+,WATCHLIST,1.16,648.1,496.98,824.0,-2.25,SECTOR_LEADER,Top 20% Relative Strength | Sector Leader | Strong uptrend | Breakout Setup,Wide stop (23%),BREAKOUT_SETUP
2026-W24,2026-06-12,208,JWL.NS,Capital Goods,56.88,59.32,C,AVOID,8.4,270.85,253.82,413.95,-12.2,NEUTRAL,Sector #1 (Capital Goods) | Ideal volatility | No Setup | RR 8.4:1,Stale breakout,NO_SETUP
2026-W24,2026-06-12,209,AJANTPHARM.NS,Healthcare,63.26,59.28,B,AVOID,0.95,3074.9,2821.5,3314.9,-7.24,NEUTRAL,Sector #5 (Healthcare) | Strong uptrend | Pullback Setup,Stale breakout | Poor RR (0.9) | Wide stop (8%),PULLBACK_SETUP
2026-W24,2026-06-12,210,PCBL.NS,Chemicals,56.14,58.8,C,AVOID,1.28,287.15,274.23,303.65,-5.43,NEUTRAL,Best factor: liquidity 100 | Pullback Setup,Stale breakout,PULLBACK_SETUP
2026-W24,2026-06-12,211,LT.NS,Construction,49.58,58.71,D,AVOID,3.72,3917.5,3776.59,4441.26,-5.1,NEUTRAL,Best factor: liquidity 100 | Base Building | RR 3.7:1,Stale breakout,BASE_BUILDING
2026-W24,2026-06-12,212,GMRAIRPORT.NS,Services,62.42,58.69,B,AVOID,0.5,100.92,94.52,104.14,-3.09,NEUTRAL,Strong uptrend | Pullback Setup,Stale breakout | Poor RR (0.5),PULLBACK_SETUP
2026-W24,2026-06-12,213,FLUOROCHEM.NS,Chemicals,58.12,58.68,C,AVOID,2.93,3641.0,3416.69,4298.6,-6.04,NEUTRAL,Strong uptrend | Base Building | RR 2.9:1,Stale breakout,BASE_BUILDING
2026-W24,2026-06-12,214,360ONE.NS,Financial Services,49.48,58.64,D,AVOID,7.0,1052.0,1022.8,1256.3,-8.68,NEUTRAL,Best factor: liquidity 100 | Base Building | RR 7.0:1,Stale breakout,BASE_BUILDING
2026-W24,2026-06-12,215,OLECTRA.NS,Automobile and Auto Components,62.3,58.61,B,AVOID,0.96,1276.4,1154.74,1393.0,-8.37,NEUTRAL,Top 20% Relative Strength | Strong uptrend | Ideal volatility | Pullback Setup,Stale breakout | Poor RR (1.0) | Wide stop (10%),PULLBACK_SETUP
2026-W24,2026-06-12,216,IGIL.NS,Services,49.22,58.45,D,AVOID,2.12,360.2,346.95,388.3,-7.24,NEUTRAL,Best factor: liquidity 85 | Pullback Setup | RR 2.1:1,Stale breakout,PULLBACK_SETUP
2026-W24,2026-06-12,217,IGL.NS,Oil Gas & Consumable Fuels,57.73,58.41,C,AVOID,8.81,162.17,155.26,223.11,-4.55,EMERGING_LEADER,Best factor: liquidity 100 | No Setup | RR 8.8:1,Stale breakout,NO_SETUP
2026-W24,2026-06-12,218,IIFL.NS,Financial Services,64.09,58.36,B,AVOID,0.94,496.3,455.1,534.9,-7.22,EMERGING_LEADER,Strong uptrend | Ideal volatility | Pullback Setup,Poor RR (0.9) | Wide stop (8%),PULLBACK_SETUP
2026-W24,2026-06-12,219,WAAREEENER.NS,Capital Goods,55.5,58.35,C,AVOID,7.26,3017.2,2900.71,3862.83,-5.12,NEUTRAL,Sector #1 (Capital Goods) | No Setup | RR 7.3:1,Downtrend | Stale breakout,NO_SETUP
2026-W24,2026-06-12,220,MEESHO.NS,Consumer Services,45.72,58.25,D,AVOID,4.78,166.06,158.54,201.99,-17.79,NEUTRAL,9.0x volume expansion | Ideal volatility | Pullback Setup | RR 4.8:1,Stale breakout,PULLBACK_SETUP
2026-W24,2026-06-12,221,JSWINFRA.NS,Services,66.04,58.23,B,WATCHLIST,1.68,278.6,253.44,320.8,-3.4,NEUTRAL,2.5x volume expansion | Strong uptrend | High-quality base | Base Building,Stale breakout | Wide stop (9%),BASE_BUILDING
2026-W24,2026-06-12,222,GAIL.NS,Oil Gas & Consumable Fuels,57.46,58.22,C,AVOID,1.21,168.01,149.9,189.99,-1.58,NEUTRAL,Strong uptrend | Breakout Setup,Stale breakout | Wide stop (11%),BREAKOUT_SETUP
2026-W24,2026-06-12,223,ZENTEC.NS,Capital Goods,70.28,58.2,B+,AVOID,0.63,1761.8,1566.48,1885.0,-6.54,NEUTRAL,Top 20% Relative Strength | Sector #1 (Capital Goods) | Strong uptrend | Ideal volatility | Pullback Setup,Poor RR (0.6) | Wide stop (11%),PULLBACK_SETUP
2026-W24,2026-06-12,224,LALPATHLAB.NS,Healthcare,55.16,58.11,C,AVOID,1.81,1568.7,1485.1,1719.9,-8.79,NEUTRAL,Sector #5 (Healthcare) | Pullback Setup,Stale breakout,PULLBACK_SETUP
2026-W24,2026-06-12,225,LUPIN.NS,Healthcare,55.04,58.03,C,AVOID,4.56,2247.2,2193.05,2494.0,-2.7,NEUTRAL,Sector #5 (Healthcare) | No Setup | RR 4.6:1,Stale breakout,NO_SETUP
2026-W24,2026-06-12,226,CROMPTON.NS,Consumer Durables,45.36,58.0,D,AVOID,7.16,254.65,246.85,310.5,-17.99,NEUTRAL,Best factor: liquidity 100 | Pullback Setup | RR 7.2:1,Stale breakout,PULLBACK_SETUP
2026-W24,2026-06-12,227,ELECON.NS,Capital Goods,63.4,57.88,B,AVOID,0.83,522.95,490.55,550.0,-4.92,NEUTRAL,Sector #1 (Capital Goods) | Strong uptrend | Pullback Setup,Stale breakout | Poor RR (0.8),PULLBACK_SETUP
2026-W24,2026-06-12,228,CREDITACC.NS,Financial Services,48.3,57.81,D,AVOID,4.63,1267.8,1216.81,1503.7,-7.22,NEUTRAL,Best factor: liquidity 70 | Base Building | RR 4.6:1,Stale breakout,BASE_BUILDING
2026-W24,2026-06-12,229,ASIANPAINT.NS,Consumer Durables,57.78,57.7,C,AVOID,1.55,2715.1,2530.44,3001.6,-2.29,NEUTRAL,Strong uptrend | Breakout Setup,Stale breakout,BREAKOUT_SETUP
2026-W24,2026-06-12,230,KAJARIACER.NS,Consumer Durables,48.08,57.66,D,AVOID,3.86,1067.4,1030.79,1208.8,-5.12,NEUTRAL,Best factor: liquidity 70 | Base Building | RR 3.9:1,Stale breakout,BASE_BUILDING
2026-W24,2026-06-12,231,ASTRAL.NS,Capital Goods,54.5,57.65,C,AVOID,4.27,1501.5,1438.86,1768.7,-7.02,NEUTRAL,Sector #1 (Capital Goods) | No Setup | RR 4.3:1,Downtrend,NO_SETUP
2026-W24,2026-06-12,232,TEGA.NS,Capital Goods,62.68,57.38,B,AVOID,0.67,1738.9,1506.98,1894.0,-8.19,NEUTRAL,Sector #1 (Capital Goods) | Strong uptrend | Ideal volatility | Pullback Setup,Poor RR (0.7) | Wide stop (13%),PULLBACK_SETUP
2026-W24,2026-06-12,233,GABRIEL.NS,Automobile and Auto Components,50.8,57.31,C,AVOID,2.77,1014.6,965.84,1149.8,-11.76,NEUTRAL,Best factor: liquidity 85 | Pullback Setup | RR 2.8:1,Stale breakout,PULLBACK_SETUP
2026-W24,2026-06-12,234,COLPAL.NS,Fast Moving Consumer Goods,47.48,57.24,D,AVOID,3.55,2056.3,1953.07,2422.78,-6.44,NEUTRAL,2.5x volume expansion | Base Building | RR 3.5:1,Stale breakout,BASE_BUILDING
2026-W24,2026-06-12,235,TENNIND.NS,Automobile and Auto Components,53.8,57.16,C,AVOID,1.83,578.35,548.51,633.0,-8.63,NEUTRAL,Best factor: liquidity 85 | Pullback Setup,Stale breakout,PULLBACK_SETUP
2026-W24,2026-06-12,236,ARE&M.NS,Automobile and Auto Components,43.66,56.81,D,AVOID,3.82,811.05,781.37,924.5,-12.27,LAGGARD,Best factor: liquidity 100 | Pullback Setup | RR 3.8:1,Stale breakout | RS laggard,PULLBACK_SETUP
2026-W24,2026-06-12,237,MEDANTA.NS,Healthcare,59.68,56.78,C,AVOID,0.62,1225.5,1141.47,1278.0,-4.11,NEUTRAL,Sector #5 (Healthcare) | Strong uptrend | Pullback Setup,Stale breakout | Poor RR (0.6),PULLBACK_SETUP
2026-W24,2026-06-12,238,BEL.NS,Capital Goods,52.74,56.42,C,AVOID,4.88,408.35,395.01,473.45,-6.16,NEUTRAL,Sector #1 (Capital Goods) | No Setup | RR 4.9:1,Downtrend | Stale breakout,NO_SETUP
2026-W24,2026-06-12,239,INDHOTEL.NS,Consumer Services,52.62,56.33,C,AVOID,1.55,665.85,627.07,726.1,-2.04,NEUTRAL,Strong uptrend | High-quality base | Breakout Setup,Stale breakout,BREAKOUT_SETUP
2026-W24,2026-06-12,240,INTELLECT.NS,Information Technology,60.95,56.16,B,AVOID,0.96,746.45,700.33,790.95,-5.63,EMERGING_LEADER,2.4x volume expansion | Strong uptrend | High-quality base | Pullback Setup,Stale breakout | Poor RR (1.0),PULLBACK_SETUP
2026-W24,2026-06-12,241,PTCIL.NS,Capital Goods,67.18,56.03,B,AVOID,0.46,18571.0,15770.7,19851.0,-6.45,NEUTRAL,Sector #1 (Capital Goods) | Strong uptrend | Ideal volatility | Pullback Setup,Poor RR (0.5) | Wide stop (15%),PULLBACK_SETUP
2026-W24,2026-06-12,242,NTPCGREEN.NS,Power,52.18,56.03,C,AVOID,5.29,98.32,94.23,119.95,-12.76,NEUTRAL,Sector #4 (Power) | No Setup | RR 5.3:1,Stale breakout,NO_SETUP
2026-W24,2026-06-12,243,JINDALSTEL.NS,Metals & Mining,52.08,55.96,C,AVOID,4.87,1121.1,1083.05,1306.2,-10.95,NEUTRAL,Sector #3 (Metals & Mining) | No Setup | RR 4.9:1,Downtrend | Stale breakout,NO_SETUP
2026-W24,2026-06-12,244,HEXT.NS,Information Technology,52.03,55.92,C,AVOID,1.71,515.45,493.81,552.5,-6.71,EMERGING_LEADER,Strong uptrend | Pullback Setup,,PULLBACK_SETUP
2026-W24,2026-06-12,245,HONAUT.NS,Capital Goods,64.68,55.78,B,AVOID,1.1,36130.0,27868.5,45250.0,-1.55,NEUTRAL,Sector #1 (Capital Goods) | Strong uptrend | Breakout Setup,Stale breakout | Wide stop (23%),BREAKOUT_SETUP
2026-W24,2026-06-12,246,HINDCOPPER.NS,Metals & Mining,51.0,55.2,C,AVOID,10.41,510.7,486.86,758.83,-17.38,NEUTRAL,Sector #3 (Metals & Mining) | No Setup | RR 10.4:1,Stale breakout,NO_SETUP
2026-W24,2026-06-12,247,SYNGENE.NS,Healthcare,44.44,55.11,D,AVOID,3.11,454.65,427.83,538.05,-6.28,LAGGARD,Sector #5 (Healthcare) | 1.5x volume expansion | Base Building | RR 3.1:1,Stale breakout | RS laggard,BASE_BUILDING
2026-W24,2026-06-12,248,AXISBANK.NS,Financial Services,53.8,54.91,C,AVOID,1.11,1314.5,1209.88,1430.9,-0.9,NEUTRAL,1.8x volume expansion | High-quality base | Breakout Setup,Stale breakout,BREAKOUT_SETUP
2026-W24,2026-06-12,249,JSWDULUX.NS,Consumer Durables,61.21,54.85,B,AVOID,1.35,3175.6,2828.43,3642.6,-2.28,EMERGING_LEADER,Strong uptrend | Breakout Setup,Wide stop (11%),BREAKOUT_SETUP
2026-W24,2026-06-12,250,KPRMILL.NS,Textiles,65.44,54.81,B,AVOID,0.62,1045.55,921.24,1123.0,-6.9,NEUTRAL,Sector #2 (Textiles) | 1.5x volume expansion | Strong uptrend | Pullback Setup,Poor RR (0.6) | Wide stop (12%),PULLBACK_SETUP
2026-W24,2026-06-12,251,SJVN.NS,Power,50.28,54.7,C,AVOID,12.19,71.81,69.18,103.89,-9.62,NEUTRAL,Sector #4 (Power) | No Setup | RR 12.2:1,Downtrend | Stale breakout,NO_SETUP
2026-W24,2026-06-12,252,NHPC.NS,Power,50.18,54.63,C,AVOID,4.86,72.67,69.28,89.14,-11.04,NEUTRAL,Sector #4 (Power) | No Setup | RR 4.9:1,Downtrend | Stale breakout,NO_SETUP
2026-W24,2026-06-12,253,POWERGRID.NS,Power,50.18,54.63,C,AVOID,3.26,287.2,275.62,324.95,-6.8,NEUTRAL,Sector #4 (Power) | No Setup | RR 3.3:1,Downtrend | Stale breakout,NO_SETUP
2026-W24,2026-06-12,254,AFCONS.NS,Construction,58.52,54.46,C,AVOID,0.69,330.05,306.06,346.5,-4.75,NEUTRAL,11.5x volume expansion | Strong uptrend | High-quality base | Pullback Setup,Stale breakout | Poor RR (0.7),PULLBACK_SETUP
2026-W24,2026-06-12,255,OBEROIRLTY.NS,Realty,43.52,54.46,D,AVOID,7.33,1591.6,1547.21,1917.0,-8.74,NEUTRAL,Best factor: liquidity 100 | Base Building | RR 7.3:1,Stale breakout,BASE_BUILDING
2026-W24,2026-06-12,256,CONCORDBIO.NS,Healthcare,68.0,54.35,B,EXTENDED,1.09,1330.7,1011.98,1677.6,-1.42,NEUTRAL,Sector #5 (Healthcare) | Fresh breakout (≤2d) | 2.0x volume expansion | Strong uptrend | Ideal volatility | Breakout Setup,Extended 13.0% (vs breakout/EMA20) | Wide stop (24%),BREAKOUT_SETUP
2026-W24,2026-06-12,257,AMBER.NS,Consumer Durables,43.22,54.25,D,AVOID,2.68,7625.0,7283.43,8541.0,-10.72,NEUTRAL,Best factor: liquidity 100 | Pullback Setup | RR 2.7:1,Stale breakout,PULLBACK_SETUP
2026-W24,2026-06-12,258,SARDAEN.NS,Metals & Mining,49.46,54.12,D,AVOID,4.5,524.3,498.62,639.75,-9.7,NEUTRAL,Sector #3 (Metals & Mining) | No Setup | RR 4.5:1,Downtrend | Stale breakout,NO_SETUP
2026-W24,2026-06-12,259,MOTILALOFS.NS,Financial Services,49.44,54.11,D,AVOID,1.84,841.0,804.13,909.0,-7.48,NEUTRAL,Best factor: liquidity 100 | Pullback Setup,Stale breakout,PULLBACK_SETUP
2026-W24,2026-06-12,260,NTPC.NS,Power,49.3,54.01,D,AVOID,4.85,351.65,338.72,414.4,-12.76,NEUTRAL,Sector #4 (Power) | No Setup | RR 4.8:1,Downtrend | Stale breakout,NO_SETUP
2026-W24,2026-06-12,261,TORNTPOWER.NS,Power,49.18,53.93,D,AVOID,7.35,1399.1,1341.29,1824.1,-9.38,NEUTRAL,Sector #4 (Power) | No Setup | RR 7.3:1,Downtrend | Stale breakout,NO_SETUP
2026-W24,2026-06-12,262,AFFLE.NS,Information Technology,42.74,53.92,D,AVOID,3.58,1462.1,1401.35,1679.9,-5.53,NEUTRAL,Best factor: liquidity 85 | Base Building | RR 3.6:1,Stale breakout,BASE_BUILDING
2026-W24,2026-06-12,263,GLENMARK.NS,Healthcare,55.54,53.88,C,AVOID,2.55,2144.4,2014.92,2474.0,-11.64,NEUTRAL,Sector #5 (Healthcare) | Ideal volatility | No Setup | RR 2.5:1,Stale breakout,NO_SETUP
2026-W24,2026-06-12,264,MGL.NS,Oil Gas & Consumable Fuels,48.84,53.69,D,AVOID,9.99,1080.5,1033.56,1549.34,-3.61,NEUTRAL,Best factor: liquidity 70 | No Setup | RR 10.0:1,Stale breakout,NO_SETUP
2026-W24,2026-06-12,265,DELHIVERY.NS,Services,48.68,53.58,D,AVOID,3.62,431.1,414.84,490.0,-10.84,NEUTRAL,Best factor: liquidity 100 | No Setup | RR 3.6:1,Stale breakout,NO_SETUP
2026-W24,2026-06-12,266,RAILTEL.NS,Telecommunication,48.52,53.46,D,AVOID,12.28,302.75,289.53,465.06,-8.51,NEUTRAL,Best factor: sector 72 | No Setup | RR 12.3:1,Stale breakout,NO_SETUP
2026-W24,2026-06-12,267,PETRONET.NS,Oil Gas & Consumable Fuels,48.18,53.23,D,AVOID,6.48,268.3,259.34,326.4,-5.61,NEUTRAL,Best factor: liquidity 100 | No Setup | RR 6.5:1,Downtrend | Stale breakout,NO_SETUP
2026-W24,2026-06-12,268,AUBANK.NS,Financial Services,47.86,53.0,D,AVOID,3.27,959.2,922.36,1079.55,-6.42,NEUTRAL,Best factor: liquidity 100 | No Setup | RR 3.3:1,Stale breakout,NO_SETUP
2026-W24,2026-06-12,269,ICICIBANK.NS,Financial Services,47.8,52.96,D,AVOID,1.14,1293.3,1201.56,1398.3,-0.97,NEUTRAL,1.6x volume expansion | High-quality base | Breakout Setup,Downtrend | Stale breakout,BREAKOUT_SETUP
2026-W24,2026-06-12,270,HEG.NS,Capital Goods,47.64,52.85,D,AVOID,7.43,518.35,495.23,690.0,-18.69,NEUTRAL,Sector #1 (Capital Goods) | No Setup | RR 7.4:1,Downtrend | Stale breakout,NO_SETUP
2026-W24,2026-06-12,271,LINDEINDIA.NS,Chemicals,47.38,52.67,D,AVOID,4.27,6750.5,6446.59,8049.0,-11.62,NEUTRAL,Best factor: atr 80 | No Setup | RR 4.3:1,Stale breakout,NO_SETUP
2026-W24,2026-06-12,272,TATACAP.NS,Financial Services,50.26,52.43,C,AVOID,1.31,321.3,293.04,358.4,-1.8,NEUTRAL,Fresh breakout (≤2d) | Breakout Setup,Downtrend | Wide stop (9%),BREAKOUT_SETUP
2026-W24,2026-06-12,273,LGEINDIA.NS,Consumer Durables,49.08,52.36,D,AVOID,2.34,1540.4,1447.78,1757.4,-4.32,NEUTRAL,Best factor: liquidity 100 | Base Building | RR 2.3:1,,BASE_BUILDING
2026-W24,2026-06-12,274,TRAVELFOOD.NS,Consumer Services,51.22,52.35,C,AVOID,1.09,1235.7,1156.32,1322.0,-6.53,NEUTRAL,1.7x volume expansion | Strong uptrend | Ideal volatility | Pullback Setup,,PULLBACK_SETUP
2026-W24,2026-06-12,275,CARTRADE.NS,Consumer Services,64.96,52.22,B,AVOID,1.09,2451.4,1673.2,3299.7,-1.74,SECTOR_LEADER,Top 20% Relative Strength | Sector Leader | Fresh breakout (≤2d) | 7.2x volume expansion | Strong uptrend | Ideal volatility | Breakout Setup,Extended above breakout | Extended 27.0% (vs breakout/EMA20) | Wide stop (32%),BREAKOUT_SETUP
2026-W24,2026-06-12,276,ABDL.NS,Fast Moving Consumer Goods,55.22,52.15,C,AVOID,0.46,571.7,532.77,589.65,-3.04,NEUTRAL,Strong uptrend | Pullback Setup,Stale breakout | Poor RR (0.5),PULLBACK_SETUP
2026-W24,2026-06-12,277,GALLANTT.NS,Capital Goods,46.64,52.15,D,AVOID,7.87,640.8,601.77,948.0,-21.54,NEUTRAL,Sector #1 (Capital Goods) | Ideal volatility | No Setup | RR 7.9:1,Downtrend | Stale breakout,NO_SETUP
2026-W24,2026-06-12,278,CIEINDIA.NS,Automobile and Auto Components,46.4,51.98,D,AVOID,4.57,435.25,417.03,518.55,-7.77,NEUTRAL,Best factor: liquidity 70 | No Setup | RR 4.6:1,Downtrend,NO_SETUP
2026-W24,2026-06-12,279,KARURVYSYA.NS,Financial Services,46.26,51.88,D,AVOID,5.46,272.7,259.73,343.45,-9.4,NEUTRAL,2.1x volume expansion | No Setup | RR 5.5:1,Downtrend | Stale breakout,NO_SETUP
2026-W24,2026-06-12,280,TMCV.NS,Capital Goods,46.14,51.8,D,AVOID,8.19,364.9,347.31,509.0,-8.63,LAGGARD,Sector #1 (Capital Goods) | No Setup | RR 8.2:1,Downtrend | RS laggard,NO_SETUP
2026-W24,2026-06-12,281,RECLTD.NS,Financial Services,45.82,51.57,D,AVOID,1.28,348.8,317.79,388.6,-1.69,NEUTRAL,Best factor: liquidity 100 | Breakout Setup,Downtrend | Stale breakout | Wide stop (9%),BREAKOUT_SETUP
2026-W24,2026-06-12,282,CUB.NS,Financial Services,47.86,51.5,D,AVOID,4.29,253.15,236.61,324.1,-3.53,NEUTRAL,2.3x volume expansion | High-quality base | No Setup | RR 4.3:1,Downtrend | Stale breakout,NO_SETUP
2026-W24,2026-06-12,283,EICHERMOT.NS,Automobile and Auto Components,56.42,51.49,C,AVOID,1.7,7219.5,6684.98,8129.5,-2.98,NEUTRAL,Best factor: liquidity 100 | Base Building,,BASE_BUILDING
2026-W24,2026-06-12,284,BANKINDIA.NS,Financial Services,54.16,51.41,C,AVOID,2.4,144.86,133.25,172.72,-2.9,NEUTRAL,Fresh breakout (≤2d) | No Setup | RR 2.4:1,Wide stop (8%),NO_SETUP
2026-W24,2026-06-12,285,FSL.NS,Services,42.32,51.37,D,AVOID,2.96,250.25,239.52,282.05,-11.27,LAGGARD,Ideal volatility | Pullback Setup | RR 3.0:1,Stale breakout | RS laggard,PULLBACK_SETUP
2026-W24,2026-06-12,286,BANKBARODA.NS,Financial Services,48.56,51.24,D,AVOID,1.36,269.3,244.83,302.7,-2.07,NEUTRAL,Fresh breakout (≤2d) | Breakout Setup,Downtrend | Wide stop (9%),BREAKOUT_SETUP
2026-W24,2026-06-12,287,LICI.NS,Financial Services,45.2,51.14,D,AVOID,5.63,395.95,380.38,483.59,-7.61,NEUTRAL,Best factor: liquidity 100 | No Setup | RR 5.6:1,Stale breakout,NO_SETUP
2026-W24,2026-06-12,288,GODFRYPHLP.NS,Fast Moving Consumer Goods,36.44,51.01,D,AVOID,2.73,2234.6,2140.28,2491.7,-10.32,LAGGARD,Best factor: liquidity 100 | Pullback Setup | RR 2.7:1,Stale breakout | RS laggard,PULLBACK_SETUP
2026-W24,2026-06-12,289,INDIGO.NS,Services,45.0,51.0,D,AVOID,1.45,4524.9,4136.22,5089.8,-2.35,LAGGARD,Best factor: liquidity 100 | Breakout Setup,RS laggard | Wide stop (9%),BREAKOUT_SETUP
2026-W24,2026-06-12,290,NBCC.NS,Construction,53.14,50.7,C,AVOID,0.96,103.0,98.07,107.73,-4.39,NEUTRAL,Strong uptrend | Pullback Setup,Poor RR (1.0),PULLBACK_SETUP
2026-W24,2026-06-12,291,MRPL.NS,Oil Gas & Consumable Fuels,55.22,50.65,C,AVOID,2.24,163.62,142.06,212.0,-3.65,NEUTRAL,Fresh breakout (≤2d) | 4.4x volume expansion | No Setup | RR 2.2:1,Downtrend | Wide stop (13%),NO_SETUP
2026-W24,2026-06-12,292,BAYERCROP.NS,Chemicals,44.48,50.64,D,AVOID,12.94,4298.4,4140.29,6344.3,-8.29,NEUTRAL,Best factor: liquidity 70 | No Setup | RR 12.9:1,Downtrend | Stale breakout,NO_SETUP
2026-W24,2026-06-12,293,BERGEPAINT.NS,Consumer Durables,50.76,50.53,C,AVOID,0.58,516.7,476.24,540.35,-4.38,NEUTRAL,Strong uptrend | Pullback Setup,Stale breakout | Poor RR (0.6),PULLBACK_SETUP
2026-W24,2026-06-12,294,APLAPOLLO.NS,Capital Goods,44.24,50.47,D,AVOID,7.45,1762.4,1690.04,2301.4,-9.31,LAGGARD,Sector #1 (Capital Goods) | No Setup | RR 7.5:1,Downtrend | Stale breakout | RS laggard,NO_SETUP
2026-W24,2026-06-12,295,MAZDOCK.NS,Capital Goods,44.24,50.47,D,AVOID,12.17,2367.6,2283.33,3392.88,-7.47,LAGGARD,Sector #1 (Capital Goods) | No Setup | RR 12.2:1,Downtrend | Stale breakout | RS laggard,NO_SETUP
2026-W24,2026-06-12,296,VMM.NS,Consumer Services,46.32,50.42,D,AVOID,2.23,118.84,110.86,136.6,-4.38,NEUTRAL,Best factor: liquidity 100 | Base Building | RR 2.2:1,Stale breakout,BASE_BUILDING
2026-W24,2026-06-12,297,URBANCO.NS,Consumer Services,44.12,50.38,D,AVOID,11.29,122.67,115.72,201.18,-5.61,NEUTRAL,2.2x volume expansion | High-quality base | No Setup | RR 11.3:1,Downtrend | Stale breakout,NO_SETUP
2026-W24,2026-06-12,298,TRENT.NS,Consumer Services,37.62,50.33,D,AVOID,3.2,2754.7,2627.19,3162.27,-5.27,LAGGARD,Best factor: liquidity 100 | Base Building | RR 3.2:1,Stale breakout | RS laggard,BASE_BUILDING
2026-W24,2026-06-12,299,TATAINVEST.NS,Financial Services,43.8,50.16,D,AVOID,19.97,649.7,623.21,1178.62,-8.66,NEUTRAL,Best factor: liquidity 70 | No Setup | RR 20.0:1,Stale breakout,NO_SETUP
2026-W24,2026-06-12,300,NAVA.NS,Power,43.68,50.08,D,AVOID,6.68,570.35,545.05,739.4,-21.22,NEUTRAL,Sector #4 (Power) | No Setup | RR 6.7:1,Downtrend | Stale breakout,NO_SETUP
2026-W24,2026-06-12,301,REDINGTON.NS,Services,45.82,50.07,D,AVOID,1.93,229.74,218.8,250.88,-8.43,LAGGARD,Best factor: liquidity 100 | Pullback Setup,RS laggard,PULLBACK_SETUP
2026-W24,2026-06-12,302,MPHASIS.NS,Information Technology,47.71,49.9,D,AVOID,7.08,2297.8,2193.37,3037.2,-5.46,EMERGING_LEADER,Best factor: liquidity 100 | No Setup | RR 7.1:1,,NO_SETUP
2026-W24,2026-06-12,303,ASHOKLEY.NS,Capital Goods,43.14,49.7,D,AVOID,9.58,141.54,134.2,211.81,-13.18,LAGGARD,Sector #1 (Capital Goods) | No Setup | RR 9.6:1,Downtrend | RS laggard,NO_SETUP
2026-W24,2026-06-12,304,PERSISTENT.NS,Information Technology,45.03,49.52,D,AVOID,6.27,4928.0,4665.18,6575.41,-12.19,EMERGING_LEADER,Best factor: liquidity 100 | No Setup | RR 6.3:1,,NO_SETUP
2026-W24,2026-06-12,305,SBIN.NS,Financial Services,51.4,49.48,C,AVOID,2.78,1003.25,927.83,1212.84,-0.9,NEUTRAL,Fresh breakout (≤2d) | No Setup | RR 2.8:1,Downtrend,NO_SETUP
2026-W24,2026-06-12,306,UNIONBANK.NS,Financial Services,44.82,49.37,D,AVOID,4.91,166.45,158.5,205.49,-3.11,NEUTRAL,Best factor: liquidity 100 | No Setup | RR 4.9:1,Downtrend | Stale breakout,NO_SETUP
2026-W24,2026-06-12,307,SPLPETRO.NS,Chemicals,42.48,49.24,D,AVOID,8.94,675.9,642.37,975.75,-6.76,NEUTRAL,Best factor: atr 80 | No Setup | RR 8.9:1,Downtrend | Thin liquidity | Stale breakout,NO_SETUP
2026-W24,2026-06-12,308,TBOTEK.NS,Consumer Services,44.47,49.13,D,AVOID,7.03,1228.2,1151.87,1764.8,-4.67,EMERGING_LEADER,1.6x volume expansion | No Setup | RR 7.0:1,Downtrend | Stale breakout,NO_SETUP
2026-W24,2026-06-12,309,SHRIRAMFIN.NS,Financial Services,42.3,49.11,D,AVOID,5.94,897.35,861.87,1108.0,-8.02,NEUTRAL,Best factor: liquidity 100 | No Setup | RR 5.9:1,Downtrend | Stale breakout,NO_SETUP
2026-W24,2026-06-12,310,BIKAJI.NS,Fast Moving Consumer Goods,52.82,48.97,C,AVOID,1.71,670.15,626.22,745.45,-2.74,NEUTRAL,Strong uptrend | Base Building,Stale breakout,BASE_BUILDING
2026-W24,2026-06-12,311,TITAN.NS,Consumer Durables,42.08,48.96,D,AVOID,4.11,4042.1,3904.99,4605.0,-5.76,NEUTRAL,Best factor: liquidity 100 | No Setup | RR 4.1:1,Downtrend | Stale breakout,NO_SETUP
2026-W24,2026-06-12,312,HINDUNILVR.NS,Fast Moving Consumer Goods,42.02,48.91,D,AVOID,4.49,2169.5,2045.04,2728.55,-5.63,NEUTRAL,Best factor: liquidity 100 | No Setup | RR 4.5:1,Downtrend | Stale breakout,NO_SETUP
2026-W24,2026-06-12,313,HEROMOTOCO.NS,Automobile and Auto Components,41.72,48.7,D,AVOID,8.06,4856.7,4681.81,6266.36,-5.51,LAGGARD,Best factor: liquidity 100 | No Setup | RR 8.1:1,Downtrend | RS laggard,NO_SETUP
2026-W24,2026-06-12,314,INOXWIND.NS,Capital Goods,41.64,48.65,D,AVOID,18.75,82.73,77.07,188.89,-16.56,LAGGARD,Sector #1 (Capital Goods) | Ideal volatility | No Setup | RR 18.8:1,Downtrend | Stale breakout | RS laggard,NO_SETUP
2026-W24,2026-06-12,315,ETERNAL.NS,Consumer Services,41.56,48.59,D,AVOID,11.53,239.8,228.64,368.45,-7.37,NEUTRAL,Best factor: liquidity 100 | No Setup | RR 11.5:1,Stale breakout,NO_SETUP
2026-W24,2026-06-12,316,ABBOTINDIA.NS,Healthcare,41.54,48.58,D,AVOID,9.63,26455.0,25413.3,36491.76,-6.45,LAGGARD,Sector #5 (Healthcare) | No Setup | RR 9.6:1,Stale breakout | RS laggard,NO_SETUP
2026-W24,2026-06-12,317,ALKEM.NS,Healthcare,47.92,48.54,D,AVOID,2.52,5299.5,5066.68,5886.05,-8.46,NEUTRAL,Sector #5 (Healthcare) | No Setup | RR 2.5:1,Downtrend | Stale breakout,NO_SETUP
2026-W24,2026-06-12,318,INDIANB.NS,Financial Services,49.82,48.37,D,AVOID,2.8,833.45,781.15,980.02,-3.41,NEUTRAL,Fresh breakout (≤2d) | No Setup | RR 2.8:1,Downtrend,NO_SETUP
2026-W24,2026-06-12,319,COROMANDEL.NS,Chemicals,45.48,48.34,D,AVOID,4.33,1880.7,1689.43,2708.22,-1.82,LAGGARD,1.6x volume expansion | High-quality base | No Setup | RR 4.3:1,Downtrend | Stale breakout | RS laggard | Wide stop (10%),NO_SETUP
2026-W24,2026-06-12,320,ESCORTS.NS,Capital Goods,41.14,48.3,D,AVOID,12.26,2740.6,2624.9,4159.02,-9.93,LAGGARD,Sector #1 (Capital Goods) | No Setup | RR 12.3:1,Downtrend | Stale breakout | RS laggard,NO_SETUP
2026-W24,2026-06-12,321,SHREECEM.NS,Construction Materials,41.14,48.3,D,AVOID,10.78,23850.0,23057.1,32398.19,-6.84,NEUTRAL,2.2x volume expansion | No Setup | RR 10.8:1,Downtrend | Stale breakout,NO_SETUP
2026-W24,2026-06-12,322,PRESTIGE.NS,Realty,40.82,48.07,D,AVOID,7.21,1328.0,1260.93,1811.91,-7.39,NEUTRAL,Best factor: liquidity 100 | No Setup | RR 7.2:1,Stale breakout,NO_SETUP
2026-W24,2026-06-12,323,BDL.NS,Capital Goods,40.64,47.95,D,AVOID,14.59,1183.8,1127.49,2005.55,-14.37,LAGGARD,Sector #1 (Capital Goods) | No Setup | RR 14.6:1,Downtrend | Stale breakout | RS laggard,NO_SETUP
2026-W24,2026-06-12,324,COCHINSHIP.NS,Capital Goods,40.64,47.95,D,AVOID,13.41,1404.2,1339.71,2269.23,-16.01,LAGGARD,Sector #1 (Capital Goods) | No Setup | RR 13.4:1,Downtrend | Stale breakout | RS laggard,NO_SETUP
2026-W24,2026-06-12,325,KAYNES.NS,Capital Goods,40.64,47.95,D,AVOID,30.94,3073.0,2923.31,7705.0,-18.28,LAGGARD,Sector #1 (Capital Goods) | No Setup | RR 30.9:1,Downtrend | Stale breakout | RS laggard,NO_SETUP
2026-W24,2026-06-12,326,TATAELXSI.NS,Information Technology,42.75,47.92,D,AVOID,15.26,4092.2,3930.36,6562.32,-8.3,EMERGING_LEADER,Best factor: liquidity 100 | No Setup | RR 15.3:1,Downtrend,NO_SETUP
2026-W24,2026-06-12,327,AADHARHFC.NS,Financial Services,40.56,47.89,D,AVOID,3.34,469.85,446.49,547.8,-3.87,NEUTRAL,Best factor: liquidity 70 | No Setup | RR 3.3:1,Downtrend | Stale breakout,NO_SETUP
2026-W24,2026-06-12,328,MARUTI.NS,Automobile and Auto Components,40.42,47.79,D,AVOID,8.59,13073.0,12573.0,17370.0,-3.22,LAGGARD,Best factor: liquidity 100 | No Setup | RR 8.6:1,Downtrend | RS laggard,NO_SETUP
2026-W24,2026-06-12,329,HOMEFIRST.NS,Financial Services,40.3,47.71,D,AVOID,9.72,1049.1,1001.46,1511.93,-7.49,NEUTRAL,Best factor: atr 80 | No Setup | RR 9.7:1,Downtrend | Stale breakout,NO_SETUP
2026-W24,2026-06-12,330,CANFINHOME.NS,Financial Services,48.8,47.66,D,AVOID,2.06,845.9,784.97,971.5,-1.05,NEUTRAL,1.8x volume expansion | High-quality base | No Setup | RR 2.1:1,Downtrend,NO_SETUP
2026-W24,2026-06-12,331,ONGC.NS,Oil Gas & Consumable Fuels,40.22,47.65,D,AVOID,5.51,251.9,241.81,307.5,-17.4,NEUTRAL,Best factor: liquidity 100 | No Setup | RR 5.5:1,Downtrend | Stale breakout,NO_SETUP
2026-W24,2026-06-12,332,SWANCORP.NS,Chemicals,40.1,47.57,D,AVOID,13.66,311.5,295.76,526.59,-8.11,LAGGARD,Best factor: atr 80 | No Setup | RR 13.7:1,Downtrend | RS laggard,NO_SETUP
2026-W24,2026-06-12,333,HDFCAMC.NS,Financial Services,39.7,47.29,D,AVOID,4.7,2447.8,2350.89,2903.74,-10.98,NEUTRAL,Best factor: liquidity 100 | No Setup | RR 4.7:1,Downtrend | Stale breakout,NO_SETUP
2026-W24,2026-06-12,334,IREDA.NS,Financial Services,39.7,47.29,D,AVOID,12.8,120.58,115.66,183.51,-11.01,NEUTRAL,Best factor: liquidity 100 | No Setup | RR 12.8:1,Downtrend | Stale breakout,NO_SETUP
2026-W24,2026-06-12,335,UPL.NS,Chemicals,39.6,47.22,D,AVOID,10.41,611.0,591.68,812.2,-7.65,LAGGARD,Best factor: liquidity 100 | No Setup | RR 10.4:1,Downtrend | Stale breakout | RS laggard,NO_SETUP
2026-W24,2026-06-12,336,JUBLINGREA.NS,Chemicals,39.42,47.09,D,AVOID,6.07,619.6,582.33,846.0,-19.48,NEUTRAL,Ideal volatility | No Setup | RR 6.1:1,Downtrend | Stale breakout,NO_SETUP
2026-W24,2026-06-12,337,SUNTV.NS,Media Entertainment & Publication,39.34,47.04,D,AVOID,5.5,506.05,477.91,660.7,-6.8,LAGGARD,Best factor: liquidity 85 | No Setup | RR 5.5:1,Downtrend | RS laggard,NO_SETUP
2026-W24,2026-06-12,338,IDBI.NS,Financial Services,41.26,46.88,D,AVOID,10.43,74.93,70.77,118.38,-3.22,LAGGARD,2.2x volume expansion | High-quality base | No Setup | RR 10.4:1,Downtrend | RS laggard,NO_SETUP
2026-W24,2026-06-12,339,VEDL.NS,Metals & Mining,38.96,46.77,D,AVOID,30.64,299.3,283.12,795.0,-16.86,LAGGARD,Sector #3 (Metals & Mining) | No Setup | RR 30.6:1,Downtrend | Stale breakout | RS laggard,NO_SETUP
2026-W24,2026-06-12,340,GICRE.NS,Financial Services,45.06,46.54,D,AVOID,2.56,380.05,365.22,417.95,-5.46,NEUTRAL,Best factor: liquidity 70 | No Setup | RR 2.6:1,Stale breakout,NO_SETUP
2026-W24,2026-06-12,341,GILLETTE.NS,Fast Moving Consumer Goods,38.48,46.44,D,AVOID,11.23,7701.5,7388.64,11214.86,-8.68,NEUTRAL,Best factor: liquidity 70 | No Setup | RR 11.2:1,Downtrend,NO_SETUP
2026-W24,2026-06-12,342,DMART.NS,Consumer Services,38.18,46.23,D,AVOID,6.31,4043.4,3899.85,4949.5,-7.85,NEUTRAL,Best factor: liquidity 100 | No Setup | RR 6.3:1,Downtrend | Stale breakout,NO_SETUP
2026-W24,2026-06-12,343,CANBK.NS,Financial Services,40.3,46.21,D,AVOID,3.19,133.46,124.25,162.89,-3.47,LAGGARD,Fresh breakout (≤2d) | No Setup | RR 3.2:1,Downtrend | RS laggard,NO_SETUP
2026-W24,2026-06-12,344,PNB.NS,Financial Services,40.3,46.21,D,AVOID,5.06,107.17,101.64,135.15,-3.01,LAGGARD,Fresh breakout (≤2d) | No Setup | RR 5.1:1,Downtrend | RS laggard,NO_SETUP
2026-W24,2026-06-12,345,PVRINOX.NS,Media Entertainment & Publication,38.06,46.14,D,AVOID,8.7,957.7,924.12,1249.7,-7.24,LAGGARD,Best factor: sector 74 | No Setup | RR 8.7:1,Downtrend | Stale breakout | RS laggard,NO_SETUP
2026-W24,2026-06-12,346,JYOTICNC.NS,Capital Goods,42.14,46.0,D,AVOID,9.03,639.85,574.3,1232.0,-13.42,LAGGARD,Sector #1 (Capital Goods) | Ideal volatility | No Setup | RR 9.0:1,Downtrend | RS laggard | Wide stop (10%),NO_SETUP
2026-W24,2026-06-12,347,JSL.NS,Metals & Mining,37.46,45.72,D,AVOID,7.11,661.9,630.81,882.91,-12.82,LAGGARD,Sector #3 (Metals & Mining) | No Setup | RR 7.1:1,Downtrend | Stale breakout | RS laggard,NO_SETUP
2026-W24,2026-06-12,348,CLEAN.NS,Chemicals,37.38,45.67,D,AVOID,20.44,752.55,715.35,1512.97,-10.3,LAGGARD,Best factor: atr 80 | No Setup | RR 20.4:1,Stale breakout | RS laggard,NO_SETUP
2026-W24,2026-06-12,349,ULTRACEMCO.NS,Construction Materials,37.2,45.54,D,AVOID,7.28,10866.0,10557.64,13110.0,-7.88,NEUTRAL,Best factor: liquidity 100 | No Setup | RR 7.3:1,Downtrend | Stale breakout,NO_SETUP
2026-W24,2026-06-12,350,HDFCBANK.NS,Financial Services,37.12,45.48,D,AVOID,11.95,746.85,723.95,1020.5,-5.56,LAGGARD,Best factor: liquidity 100 | No Setup | RR 11.9:1,Downtrend | RS laggard,NO_SETUP
2026-W24,2026-06-12,351,M&M.NS,Automobile and Auto Components,36.9,45.33,D,AVOID,8.31,2952.5,2845.67,3839.9,-7.41,LAGGARD,Best factor: liquidity 100 | No Setup | RR 8.3:1,Downtrend | Stale breakout | RS laggard,NO_SETUP
2026-W24,2026-06-12,352,TVSMOTOR.NS,Automobile and Auto Components,36.9,45.33,D,AVOID,5.39,3334.9,3219.72,3956.17,-5.89,LAGGARD,Best factor: liquidity 100 | No Setup | RR 5.4:1,Downtrend | Stale breakout | RS laggard,NO_SETUP
2026-W24,2026-06-12,353,FORCEMOT.NS,Automobile and Auto Components,36.8,45.26,D,AVOID,7.91,17363.0,16214.32,26450.0,-17.71,LAGGARD,Ideal volatility | No Setup | RR 7.9:1,Downtrend | RS laggard,NO_SETUP
2026-W24,2026-06-12,354,PFIZER.NS,Healthcare,36.78,45.25,D,AVOID,7.22,4537.8,4352.73,5873.5,-9.88,LAGGARD,Sector #5 (Healthcare) | No Setup | RR 7.2:1,Downtrend | RS laggard,NO_SETUP
2026-W24,2026-06-12,355,MRF.NS,Automobile and Auto Components,36.66,45.16,D,AVOID,14.76,122595.0,119816.79,163593.54,-5.33,LAGGARD,Best factor: liquidity 100 | No Setup | RR 14.8:1,Downtrend | Stale breakout | RS laggard,NO_SETUP
2026-W24,2026-06-12,356,HINDPETRO.NS,Oil Gas & Consumable Fuels,36.46,45.02,D,AVOID,8.74,374.4,359.07,508.45,-9.25,LAGGARD,Best factor: liquidity 100 | No Setup | RR 8.7:1,Stale breakout | RS laggard,NO_SETUP
2026-W24,2026-06-12,357,THELEELA.NS,Consumer Services,36.38,44.97,D,AVOID,3.86,409.95,393.26,474.4,-4.54,NEUTRAL,Best factor: breakout 68 | No Setup | RR 3.9:1,Downtrend,NO_SETUP
2026-W24,2026-06-12,358,JAINREC.NS,Metals & Mining,36.36,44.95,D,AVOID,8.43,337.95,307.57,593.95,-42.51,LAGGARD,Sector #3 (Metals & Mining) | Ideal volatility | No Setup | RR 8.4:1,Downtrend | Stale breakout | RS laggard | Wide stop (9%),NO_SETUP
2026-W24,2026-06-12,359,APOLLOTYRE.NS,Automobile and Auto Components,38.4,44.88,D,AVOID,10.01,385.85,370.78,536.76,-10.01,LAGGARD,Best factor: liquidity 100 | No Setup | RR 10.0:1,Downtrend | RS laggard,NO_SETUP
2026-W24,2026-06-12,360,PAYTM.NS,Financial Services,36.26,44.88,D,AVOID,6.02,1066.3,1013.89,1381.8,-9.02,LAGGARD,2.2x volume expansion | No Setup | RR 6.0:1,Downtrend | Stale breakout | RS laggard,NO_SETUP
2026-W24,2026-06-12,361,INDIAMART.NS,Consumer Services,36.12,44.78,D,AVOID,10.6,2010.0,1935.55,2799.0,-1.81,NEUTRAL,High-quality base | No Setup | RR 10.6:1,Downtrend | Stale breakout,NO_SETUP
2026-W24,2026-06-12,362,IRFC.NS,Financial Services,35.82,44.57,D,AVOID,17.16,94.8,91.88,144.9,-8.52,LAGGARD,1.6x volume expansion | No Setup | RR 17.2:1,Downtrend | Stale breakout | RS laggard,NO_SETUP
2026-W24,2026-06-12,363,JKTYRE.NS,Automobile and Auto Components,35.8,44.56,D,AVOID,12.26,363.7,343.46,611.9,-13.95,LAGGARD,Best factor: liquidity 100 | No Setup | RR 12.3:1,Downtrend | RS laggard,NO_SETUP
2026-W24,2026-06-12,364,AAVAS.NS,Financial Services,35.72,44.5,D,AVOID,13.23,1299.6,1235.12,2152.9,-8.27,LAGGARD,1.6x volume expansion | No Setup | RR 13.2:1,Stale breakout | RS laggard,NO_SETUP
2026-W24,2026-06-12,365,IOC.NS,Oil Gas & Consumable Fuels,35.72,44.5,D,AVOID,10.76,136.88,132.26,186.61,-6.88,LAGGARD,Best factor: liquidity 100 | No Setup | RR 10.8:1,Downtrend | RS laggard,NO_SETUP
2026-W24,2026-06-12,366,HYUNDAI.NS,Automobile and Auto Components,37.78,44.45,D,AVOID,12.43,1891.0,1810.64,2890.0,-5.67,LAGGARD,Best factor: liquidity 100 | No Setup | RR 12.4:1,Downtrend | RS laggard,NO_SETUP
2026-W24,2026-06-12,367,RELIANCE.NS,Oil Gas & Consumable Fuels,35.44,44.31,D,AVOID,10.25,1258.8,1225.09,1604.38,-8.23,LAGGARD,Best factor: liquidity 100 | No Setup | RR 10.2:1,Downtrend | Stale breakout | RS laggard,NO_SETUP
2026-W24,2026-06-12,368,RHIM.NS,Capital Goods,39.72,44.3,D,AVOID,4.33,368.85,330.46,534.89,-12.48,LAGGARD,Sector #1 (Capital Goods) | Ideal volatility | No Setup | RR 4.3:1,Downtrend | Stale breakout | RS laggard | Wide stop (10%),NO_SETUP
2026-W24,2026-06-12,369,CEATLTD.NS,Automobile and Auto Components,35.4,44.28,D,AVOID,11.26,3117.6,3000.36,4438.0,-7.48,LAGGARD,Best factor: liquidity 85 | No Setup | RR 11.3:1,Downtrend | Stale breakout | RS laggard,NO_SETUP
2026-W24,2026-06-12,370,BHARTIHEXA.NS,Telecommunication,35.26,44.18,D,AVOID,11.86,1457.2,1407.91,2041.65,-10.22,LAGGARD,1.8x volume expansion | No Setup | RR 11.9:1,Downtrend | Stale breakout | RS laggard,NO_SETUP
2026-W24,2026-06-12,371,POLYMED.NS,Healthcare,36.94,43.86,D,AVOID,6.86,1417.5,1287.0,2312.54,-13.26,LAGGARD,Sector #5 (Healthcare) | 1.8x volume expansion | Ideal volatility | No Setup | RR 6.9:1,Downtrend | Stale breakout | RS laggard | Wide stop (9%),NO_SETUP
2026-W24,2026-06-12,372,VOLTAS.NS,Consumer Durables,43.34,43.84,D,AVOID,2.98,1290.0,1191.96,1582.5,-2.99,NEUTRAL,Best factor: liquidity 100 | No Setup | RR 3.0:1,Downtrend | Stale breakout,NO_SETUP
2026-W24,2026-06-12,373,UNOMINDA.NS,Automobile and Auto Components,36.9,43.83,D,AVOID,6.28,1080.5,1032.98,1378.85,-6.83,LAGGARD,Best factor: liquidity 100 | No Setup | RR 6.3:1,Downtrend | Stale breakout | RS laggard,NO_SETUP
2026-W24,2026-06-12,374,BALKRISIND.NS,Automobile and Auto Components,34.6,43.72,D,AVOID,7.09,2083.2,1983.83,2787.61,-11.41,LAGGARD,Best factor: liquidity 85 | No Setup | RR 7.1:1,Downtrend | Stale breakout | RS laggard,NO_SETUP
2026-W24,2026-06-12,375,GLAXO.NS,Healthcare,34.28,43.5,D,AVOID,21.94,2174.9,2118.46,3413.12,-9.57,LAGGARD,Sector #5 (Healthcare) | No Setup | RR 21.9:1,Downtrend | RS laggard,NO_SETUP
2026-W24,2026-06-12,376,BHARTIARTL.NS,Telecommunication,34.26,43.48,D,AVOID,7.84,1775.2,1724.24,2174.5,-9.14,LAGGARD,Best factor: liquidity 100 | No Setup | RR 7.8:1,Downtrend | Stale breakout | RS laggard,NO_SETUP
2026-W24,2026-06-12,377,CHOLAFIN.NS,Financial Services,33.82,43.17,D,AVOID,4.88,1472.6,1399.32,1830.13,-9.65,LAGGARD,Best factor: liquidity 100 | No Setup | RR 4.9:1,Downtrend | Stale breakout | RS laggard,NO_SETUP
2026-W24,2026-06-12,378,AIIL.NS,Financial Services,35.84,43.09,D,AVOID,7.16,465.15,434.73,683.0,-12.93,NEUTRAL,Ideal volatility | No Setup | RR 7.2:1,Downtrend | Stale breakout,NO_SETUP
2026-W24,2026-06-12,379,BRITANNIA.NS,Fast Moving Consumer Goods,33.56,42.99,D,AVOID,6.25,5171.0,4984.65,6336.0,-5.47,LAGGARD,Best factor: liquidity 100 | No Setup | RR 6.2:1,Downtrend | RS laggard,NO_SETUP
2026-W24,2026-06-12,380,CDSL.NS,Financial Services,33.56,42.99,D,AVOID,16.24,1200.9,1164.05,1799.33,-5.39,LAGGARD,Best factor: liquidity 100 | No Setup | RR 16.2:1,Downtrend | Stale breakout | RS laggard,NO_SETUP
2026-W24,2026-06-12,381,SBFC.NS,Financial Services,33.56,42.99,D,AVOID,8.06,91.63,87.74,123.0,-5.54,LAGGARD,Best factor: breakout 62 | No Setup | RR 8.1:1,Stale breakout | RS laggard,NO_SETUP
2026-W24,2026-06-12,382,DOMS.NS,Fast Moving Consumer Goods,33.46,42.92,D,AVOID,8.35,2118.6,2040.98,2766.64,-10.04,LAGGARD,5.7x volume expansion | No Setup | RR 8.3:1,Downtrend | RS laggard,NO_SETUP
2026-W24,2026-06-12,383,NATCOPHARM.NS,Healthcare,33.32,42.82,D,AVOID,5.52,854.6,787.21,1226.8,-30.24,LAGGARD,Sector #5 (Healthcare) | Ideal volatility | No Setup | RR 5.5:1,Downtrend | Stale breakout | RS laggard,NO_SETUP
2026-W24,2026-06-12,384,KFINTECH.NS,Financial Services,33.3,42.81,D,AVOID,14.48,819.2,780.53,1379.27,-6.58,LAGGARD,Best factor: liquidity 100 | No Setup | RR 14.5:1,Downtrend | Stale breakout | RS laggard,NO_SETUP
2026-W24,2026-06-12,385,PWL.NS,Consumer Services,44.0,42.8,D,AVOID,0.65,107.1,88.9,118.9,-9.92,NEUTRAL,Strong uptrend | Ideal volatility | Pullback Setup,Stale breakout | Poor RR (0.7) | Wide stop (17%),PULLBACK_SETUP
2026-W24,2026-06-12,386,BPCL.NS,Oil Gas & Consumable Fuels,33.22,42.75,D,AVOID,9.71,288.0,277.32,391.65,-7.69,LAGGARD,Best factor: liquidity 100 | No Setup | RR 9.7:1,Downtrend | Stale breakout | RS laggard,NO_SETUP
2026-W24,2026-06-12,387,SUNDARMFIN.NS,Financial Services,33.22,42.75,D,AVOID,5.92,4203.2,3960.0,5642.0,-10.27,LAGGARD,2.0x volume expansion | No Setup | RR 5.9:1,Downtrend | RS laggard,NO_SETUP
2026-W24,2026-06-12,388,SBICARD.NS,Financial Services,33.2,42.74,D,AVOID,23.36,580.7,562.26,1011.46,-9.08,LAGGARD,Best factor: liquidity 100 | No Setup | RR 23.4:1,Downtrend | RS laggard,NO_SETUP
2026-W24,2026-06-12,389,MAXHEALTH.NS,Healthcare,35.06,42.54,D,AVOID,3.06,1010.1,910.6,1314.3,-9.08,LAGGARD,Sector #5 (Healthcare) | No Setup | RR 3.1:1,Downtrend | Stale breakout | RS laggard | Wide stop (10%),NO_SETUP
2026-W24,2026-06-12,390,BLUEDART.NS,Services,32.7,42.39,D,AVOID,13.15,4756.6,4582.22,7049.45,-7.1,LAGGARD,1.9x volume expansion | No Setup | RR 13.2:1,Downtrend | Stale breakout | RS laggard,NO_SETUP
2026-W24,2026-06-12,391,ECLERX.NS,Services,32.68,42.38,D,AVOID,12.65,1359.8,1269.84,2497.5,-16.11,LAGGARD,Ideal volatility | No Setup | RR 12.7:1,Downtrend | Stale breakout | RS laggard,NO_SETUP
2026-W24,2026-06-12,392,BAJAJHLDNG.NS,Financial Services,32.44,42.21,D,AVOID,11.81,10035.0,9640.82,14690.34,-8.2,LAGGARD,Best factor: liquidity 85 | No Setup | RR 11.8:1,Stale breakout | RS laggard,NO_SETUP
2026-W24,2026-06-12,393,BAJFINANCE.NS,Financial Services,32.3,42.11,D,AVOID,6.75,884.1,851.75,1102.5,-6.78,LAGGARD,Best factor: liquidity 100 | No Setup | RR 6.8:1,Downtrend | Stale breakout | RS laggard,NO_SETUP
2026-W24,2026-06-12,394,IEX.NS,Financial Services,32.3,42.11,D,AVOID,21.57,118.75,114.59,208.36,-8.51,LAGGARD,Best factor: liquidity 100 | No Setup | RR 21.6:1,Downtrend | Stale breakout | RS laggard,NO_SETUP
2026-W24,2026-06-12,395,JIOFIN.NS,Financial Services,32.3,42.11,D,AVOID,14.03,230.17,222.48,338.07,-6.11,LAGGARD,Best factor: liquidity 100 | No Setup | RR 14.0:1,Downtrend | Stale breakout | RS laggard,NO_SETUP
2026-W24,2026-06-12,396,HDFCLIFE.NS,Financial Services,32.2,42.04,D,AVOID,14.58,549.55,530.94,820.75,-11.94,LAGGARD,Best factor: liquidity 100 | No Setup | RR 14.6:1,Downtrend | RS laggard,NO_SETUP
2026-W24,2026-06-12,397,CONCOR.NS,Services,32.18,42.03,D,AVOID,10.68,445.5,427.66,636.11,-15.6,LAGGARD,Best factor: liquidity 100 | No Setup | RR 10.7:1,Downtrend | Stale breakout | RS laggard,NO_SETUP
2026-W24,2026-06-12,398,HAVELLS.NS,Consumer Durables,32.08,41.96,D,AVOID,10.49,1155.5,1112.36,1608.14,-5.24,LAGGARD,Best factor: liquidity 100 | No Setup | RR 10.5:1,Downtrend | Stale breakout | RS laggard,NO_SETUP
2026-W24,2026-06-12,399,INDIACEM.NS,Construction Materials,32.08,41.96,D,AVOID,7.32,375.9,360.89,485.8,-8.43,NEUTRAL,Best factor: atr 60 | No Setup | RR 7.3:1,Downtrend | Stale breakout,NO_SETUP
2026-W24,2026-06-12,400,CRISIL.NS,Financial Services,34.22,41.95,D,AVOID,7.7,4003.3,3737.25,6051.88,-5.8,LAGGARD,3.8x volume expansion | High-quality base | No Setup | RR 7.7:1,Downtrend | Stale breakout | RS laggard,NO_SETUP
2026-W24,2026-06-12,401,PGEL.NS,Consumer Durables,31.82,41.77,D,AVOID,14.26,465.9,439.94,836.08,-7.03,LAGGARD,Best factor: liquidity 100 | No Setup | RR 14.3:1,Downtrend | Stale breakout | RS laggard,NO_SETUP
2026-W24,2026-06-12,402,AWL.NS,Fast Moving Consumer Goods,31.72,41.7,D,AVOID,14.69,187.14,180.41,286.0,-8.17,LAGGARD,1.9x volume expansion | No Setup | RR 14.7:1,Downtrend | Stale breakout | RS laggard,NO_SETUP
2026-W24,2026-06-12,403,GODIGIT.NS,Financial Services,31.7,41.69,D,AVOID,6.0,293.65,279.03,381.4,-12.05,LAGGARD,Best factor: liquidity 85 | No Setup | RR 6.0:1,Downtrend | RS laggard,NO_SETUP
2026-W24,2026-06-12,404,GODREJCP.NS,Fast Moving Consumer Goods,33.82,41.67,D,AVOID,4.26,1027.6,965.65,1291.23,-2.47,LAGGARD,Best factor: liquidity 100 | No Setup | RR 4.3:1,Downtrend | Stale breakout | RS laggard,NO_SETUP
2026-W24,2026-06-12,405,MFSL.NS,Financial Services,31.54,41.58,D,AVOID,4.05,1598.3,1525.59,1892.5,-8.56,LAGGARD,Best factor: liquidity 100 | No Setup | RR 4.0:1,Downtrend | Stale breakout | RS laggard,NO_SETUP
2026-W24,2026-06-12,406,ICICIGI.NS,Financial Services,31.5,41.55,D,AVOID,4.97,1732.2,1666.89,2057.09,-7.88,LAGGARD,Best factor: liquidity 100 | No Setup | RR 5.0:1,Downtrend | Stale breakout | RS laggard,NO_SETUP
2026-W24,2026-06-12,407,LTTS.NS,Information Technology,33.14,41.2,D,AVOID,6.28,3328.0,3113.91,4673.3,-9.61,NEUTRAL,Ideal volatility | No Setup | RR 6.3:1,Downtrend | Stale breakout,NO_SETUP
2026-W24,2026-06-12,408,AEGISVOPAK.NS,Oil Gas & Consumable Fuels,32.98,41.09,D,AVOID,6.06,197.85,180.68,302.0,-7.42,LAGGARD,4.0x volume expansion | No Setup | RR 6.1:1,Downtrend | Stale breakout | RS laggard | Wide stop (9%),NO_SETUP
2026-W24,2026-06-12,409,CHOICEIN.NS,Financial Services,30.8,41.06,D,AVOID,10.31,640.8,619.48,860.5,-7.93,LAGGARD,Best factor: liquidity 85 | No Setup | RR 10.3:1,Downtrend | Stale breakout | RS laggard,NO_SETUP
2026-W24,2026-06-12,410,UBL.NS,Fast Moving Consumer Goods,30.8,41.06,D,AVOID,12.43,1327.3,1263.24,2123.76,-4.89,LAGGARD,Best factor: liquidity 70 | No Setup | RR 12.4:1,Downtrend | RS laggard,NO_SETUP
2026-W24,2026-06-12,411,CHALET.NS,Consumer Services,30.76,41.03,D,AVOID,10.38,743.9,711.44,1080.8,-8.16,NEUTRAL,Best factor: atr 60 | No Setup | RR 10.4:1,Downtrend | Stale breakout,NO_SETUP
2026-W24,2026-06-12,412,POLICYBZR.NS,Financial Services,30.74,41.02,D,AVOID,5.92,1509.6,1430.47,1978.0,-18.2,LAGGARD,Best factor: liquidity 100 | No Setup | RR 5.9:1,Stale breakout | RS laggard,NO_SETUP
2026-W24,2026-06-12,413,SOBHA.NS,Realty,30.72,41.0,D,AVOID,7.39,1296.8,1237.83,1732.5,-10.56,NEUTRAL,Best factor: atr 80 | No Setup | RR 7.4:1,Downtrend | Stale breakout,NO_SETUP
2026-W24,2026-06-12,414,SBILIFE.NS,Financial Services,30.66,40.96,D,AVOID,7.94,1728.7,1678.3,2129.04,-9.35,LAGGARD,Best factor: liquidity 100 | No Setup | RR 7.9:1,Downtrend | Stale breakout | RS laggard,NO_SETUP
2026-W24,2026-06-12,415,CANHLIFE.NS,Financial Services,41.32,40.92,D,AVOID,1.67,140.95,130.88,157.8,-2.79,NEUTRAL,Best factor: atr 80 | Base Building,Downtrend | Stale breakout,BASE_BUILDING
2026-W24,2026-06-12,416,BAJAJHFL.NS,Financial Services,30.56,40.89,D,AVOID,18.79,82.74,80.36,127.5,-5.39,LAGGARD,Best factor: liquidity 85 | No Setup | RR 18.8:1,Downtrend | Stale breakout | RS laggard,NO_SETUP
2026-W24,2026-06-12,417,PATANJALI.NS,Fast Moving Consumer Goods,30.56,40.89,D,AVOID,12.75,419.6,401.62,648.84,-12.15,LAGGARD,Best factor: liquidity 100 | No Setup | RR 12.8:1,Downtrend | RS laggard,NO_SETUP
2026-W24,2026-06-12,418,BLUESTARCO.NS,Consumer Durables,30.28,40.7,D,AVOID,5.17,1581.7,1493.02,2040.0,-7.54,LAGGARD,Best factor: liquidity 100 | No Setup | RR 5.2:1,Downtrend | Stale breakout | RS laggard,NO_SETUP
2026-W24,2026-06-12,419,HDBFS.NS,Financial Services,30.22,40.65,D,AVOID,13.87,620.1,600.67,889.5,-10.66,LAGGARD,1.6x volume expansion | No Setup | RR 13.9:1,Downtrend | Stale breakout | RS laggard,NO_SETUP
2026-W24,2026-06-12,420,KALYANKJIL.NS,Consumer Durables,30.22,40.65,D,AVOID,14.89,338.7,320.08,615.9,-9.5,LAGGARD,Best factor: liquidity 100 | No Setup | RR 14.9:1,Downtrend | Stale breakout | RS laggard,NO_SETUP
2026-W24,2026-06-12,421,FIVESTAR.NS,Financial Services,30.2,40.64,D,AVOID,17.84,430.15,408.01,825.14,-8.34,LAGGARD,Best factor: liquidity 85 | No Setup | RR 17.8:1,Downtrend | Stale breakout | RS laggard,NO_SETUP
2026-W24,2026-06-12,422,ICICIPRULI.NS,Financial Services,30.2,40.64,D,AVOID,12.96,465.8,447.39,704.36,-15.13,LAGGARD,Best factor: liquidity 100 | No Setup | RR 13.0:1,Downtrend | RS laggard,NO_SETUP
2026-W24,2026-06-12,423,PIIND.NS,Chemicals,32.02,40.41,D,AVOID,8.5,2807.7,2630.63,4312.31,-12.1,LAGGARD,Best factor: liquidity 100 | No Setup | RR 8.5:1,Downtrend | Stale breakout | RS laggard,NO_SETUP
2026-W24,2026-06-12,424,NCC.NS,Construction,29.82,40.37,D,AVOID,15.63,144.74,138.76,238.17,-12.09,LAGGARD,2.0x volume expansion | No Setup | RR 15.6:1,Downtrend | Stale breakout | RS laggard,NO_SETUP
2026-W24,2026-06-12,425,UNITDSPR.NS,Fast Moving Consumer Goods,29.8,40.36,D,AVOID,6.33,1259.9,1216.91,1531.83,-6.12,LAGGARD,Best factor: liquidity 100 | No Setup | RR 6.3:1,Downtrend | Stale breakout | RS laggard,NO_SETUP
2026-W24,2026-06-12,426,DABUR.NS,Fast Moving Consumer Goods,29.76,40.33,D,AVOID,8.37,427.9,410.45,573.97,-9.25,LAGGARD,Best factor: liquidity 100 | No Setup | RR 8.4:1,Downtrend | Stale breakout | RS laggard,NO_SETUP
2026-W24,2026-06-12,427,LTF.NS,Financial Services,29.7,40.29,D,AVOID,5.73,260.35,248.87,326.09,-10.04,LAGGARD,Best factor: liquidity 100 | No Setup | RR 5.7:1,Downtrend | Stale breakout | RS laggard,NO_SETUP
2026-W24,2026-06-12,428,BBTC.NS,Fast Moving Consumer Goods,29.32,40.02,D,AVOID,9.61,1520.2,1456.29,2134.48,-2.85,LAGGARD,Best factor: breakout 69 | No Setup | RR 9.6:1,Downtrend | Stale breakout | RS laggard,NO_SETUP
2026-W24,2026-06-12,429,SAPPHIRE.NS,Consumer Services,29.32,40.02,D,AVOID,18.95,174.9,164.71,368.0,-6.5,LAGGARD,4.5x volume expansion | High-quality base | No Setup | RR 18.9:1,Downtrend | Stale breakout | RS laggard,NO_SETUP
2026-W24,2026-06-12,430,ITC.NS,Fast Moving Consumer Goods,29.26,39.98,D,AVOID,10.97,283.65,272.3,408.19,-7.28,LAGGARD,Best factor: liquidity 100 | No Setup | RR 11.0:1,Downtrend | Stale breakout | RS laggard,NO_SETUP
2026-W24,2026-06-12,431,BAJAJFINSV.NS,Financial Services,29.2,39.94,D,AVOID,10.89,1664.2,1615.45,2195.0,-8.44,LAGGARD,Best factor: liquidity 100 | No Setup | RR 10.9:1,Downtrend | Stale breakout | RS laggard,NO_SETUP
2026-W24,2026-06-12,432,MUTHOOTFIN.NS,Financial Services,28.82,39.67,D,AVOID,9.05,2898.8,2764.41,4114.71,-19.19,LAGGARD,Best factor: liquidity 100 | No Setup | RR 9.1:1,Downtrend | Stale breakout | RS laggard,NO_SETUP
2026-W24,2026-06-12,433,M&MFIN.NS,Financial Services,28.7,39.59,D,AVOID,10.24,277.25,264.07,412.2,-14.57,LAGGARD,Best factor: liquidity 100 | No Setup | RR 10.2:1,Downtrend | Stale breakout | RS laggard,NO_SETUP
2026-W24,2026-06-12,434,RITES.NS,Construction,28.36,39.35,D,AVOID,12.68,202.78,195.16,299.34,-6.8,LAGGARD,Best factor: liquidity 70 | No Setup | RR 12.7:1,Downtrend | Stale breakout | RS laggard,NO_SETUP
2026-W24,2026-06-12,435,EMAMILTD.NS,Fast Moving Consumer Goods,28.22,39.25,D,AVOID,10.22,394.85,372.64,621.89,-9.85,LAGGARD,1.9x volume expansion | No Setup | RR 10.2:1,Downtrend | Stale breakout | RS laggard,NO_SETUP
2026-W24,2026-06-12,436,LODHA.NS,Realty,28.22,39.25,D,AVOID,14.37,862.0,817.27,1504.84,-11.04,LAGGARD,Best factor: liquidity 100 | No Setup | RR 14.4:1,Stale breakout | RS laggard,NO_SETUP
2026-W24,2026-06-12,437,ACC.NS,Construction Materials,28.2,39.24,D,AVOID,16.49,1316.2,1272.99,2028.8,-8.18,LAGGARD,Best factor: liquidity 70 | No Setup | RR 16.5:1,Downtrend | RS laggard,NO_SETUP
2026-W24,2026-06-12,438,EIDPARRY.NS,Fast Moving Consumer Goods,28.2,39.24,D,AVOID,14.66,723.25,687.53,1246.8,-10.21,LAGGARD,Best factor: liquidity 85 | No Setup | RR 14.7:1,Downtrend | Stale breakout | RS laggard,NO_SETUP
2026-W24,2026-06-12,439,JMFINANCIL.NS,Financial Services,28.2,39.24,D,AVOID,10.29,117.95,110.19,197.86,-15.75,LAGGARD,Ideal volatility | No Setup | RR 10.3:1,Downtrend | Stale breakout | RS laggard,NO_SETUP
2026-W24,2026-06-12,440,POONAWALLA.NS,Financial Services,28.2,39.24,D,AVOID,12.1,380.2,364.48,570.4,-10.72,LAGGARD,Best factor: liquidity 85 | No Setup | RR 12.1:1,Downtrend | Stale breakout | RS laggard,NO_SETUP
2026-W24,2026-06-12,441,BLS.NS,Consumer Services,28.18,39.23,D,AVOID,11.4,253.65,239.86,410.82,-11.6,LAGGARD,Best factor: liquidity 100 | No Setup | RR 11.4:1,Downtrend | Stale breakout | RS laggard,NO_SETUP
2026-W24,2026-06-12,442,AMBUJACEM.NS,Construction Materials,28.08,39.16,D,AVOID,13.08,409.8,393.35,624.95,-11.3,LAGGARD,Best factor: liquidity 100 | No Setup | RR 13.1:1,Downtrend | RS laggard,NO_SETUP
2026-W24,2026-06-12,443,UTIAMC.NS,Financial Services,27.56,38.79,D,AVOID,17.7,930.1,900.95,1445.98,-5.67,LAGGARD,Best factor: breakout 62 | No Setup | RR 17.7:1,Downtrend | Stale breakout | RS laggard,NO_SETUP
2026-W24,2026-06-12,444,PINELABS.NS,Financial Services,31.82,38.77,D,AVOID,10.99,150.32,138.15,284.0,-10.87,LAGGARD,Ideal volatility | No Setup | RR 11.0:1,Downtrend | Stale breakout | RS laggard | Wide stop (8%),NO_SETUP
2026-W24,2026-06-12,445,3MINDIA.NS,Diversified,27.5,38.75,D,AVOID,5.5,31580.0,30406.25,38030.0,-8.58,LAGGARD,Best factor: liquidity 70 | No Setup | RR 5.5:1,Downtrend | Stale breakout | RS laggard,NO_SETUP
2026-W24,2026-06-12,446,SONATSOFTW.NS,Information Technology,27.24,38.57,D,AVOID,13.02,261.0,247.02,443.11,-10.74,LAGGARD,Best factor: liquidity 85 | No Setup | RR 13.0:1,Stale breakout | RS laggard,NO_SETUP
2026-W24,2026-06-12,447,CHOLAHLDNG.NS,Financial Services,27.2,38.54,D,AVOID,11.1,1431.3,1359.36,2230.06,-16.29,LAGGARD,Best factor: liquidity 85 | No Setup | RR 11.1:1,Downtrend | Stale breakout | RS laggard,NO_SETUP
2026-W24,2026-06-12,448,KEC.NS,Construction,29.26,38.48,D,AVOID,23.87,494.75,476.05,941.06,-11.97,LAGGARD,Best factor: liquidity 100 | No Setup | RR 23.9:1,Downtrend | RS laggard,NO_SETUP
2026-W24,2026-06-12,449,LTFOODS.NS,Fast Moving Consumer Goods,26.7,38.19,D,AVOID,7.86,367.9,349.19,514.98,-12.4,LAGGARD,Best factor: atr 80 | No Setup | RR 7.9:1,Downtrend | Stale breakout | RS laggard,NO_SETUP
2026-W24,2026-06-12,450,JKCEMENT.NS,Construction Materials,26.6,38.12,D,AVOID,12.41,4815.0,4593.38,7565.5,-14.34,LAGGARD,1.7x volume expansion | No Setup | RR 12.4:1,Downtrend | Stale breakout | RS laggard,NO_SETUP
2026-W24,2026-06-12,451,BATAINDIA.NS,Consumer Durables,26.32,37.92,D,AVOID,23.19,664.05,637.38,1282.5,-7.13,LAGGARD,Best factor: atr 60 | No Setup | RR 23.2:1,Downtrend | Stale breakout | RS laggard,NO_SETUP
2026-W24,2026-06-12,452,RAMCOCEM.NS,Construction Materials,26.14,37.8,D,AVOID,9.63,851.45,813.74,1214.5,-10.28,LAGGARD,Best factor: liquidity 70 | No Setup | RR 9.6:1,Downtrend | RS laggard,NO_SETUP
2026-W24,2026-06-12,453,ITCHOTELS.NS,Consumer Services,25.82,37.57,D,AVOID,22.84,150.48,145.69,259.92,-5.83,LAGGARD,Best factor: liquidity 85 | No Setup | RR 22.8:1,Downtrend | Stale breakout | RS laggard,NO_SETUP
2026-W24,2026-06-12,454,IRCON.NS,Construction,25.76,37.53,D,AVOID,15.96,133.01,127.72,217.5,-11.27,LAGGARD,Best factor: liquidity 70 | No Setup | RR 16.0:1,Downtrend | Stale breakout | RS laggard,NO_SETUP
2026-W24,2026-06-12,455,RVNL.NS,Construction,25.76,37.53,D,AVOID,17.95,228.17,216.81,432.08,-21.69,LAGGARD,Best factor: liquidity 100 | No Setup | RR 17.9:1,Downtrend | Stale breakout | RS laggard,NO_SETUP
2026-W24,2026-06-12,456,SWIGGY.NS,Consumer Services,25.52,37.36,D,AVOID,16.37,242.3,228.15,474.0,-11.02,LAGGARD,Best factor: liquidity 100 | No Setup | RR 16.4:1,Downtrend | Stale breakout | RS laggard,NO_SETUP
2026-W24,2026-06-12,457,FIRSTCRY.NS,Consumer Services,25.46,37.32,D,AVOID,16.49,215.92,202.41,438.7,-11.87,LAGGARD,Ideal volatility | No Setup | RR 16.5:1,Downtrend | Stale breakout | RS laggard,NO_SETUP
2026-W24,2026-06-12,458,DLF.NS,Realty,25.32,37.22,D,AVOID,14.37,563.2,541.43,876.04,-7.35,LAGGARD,Best factor: liquidity 100 | No Setup | RR 14.4:1,Downtrend | Stale breakout | RS laggard,NO_SETUP
2026-W24,2026-06-12,459,TECHNOE.NS,Construction,25.0,37.0,D,AVOID,8.04,991.7,910.57,1643.83,-28.34,LAGGARD,Ideal volatility | No Setup | RR 8.0:1,Downtrend | Stale breakout | RS laggard | Wide stop (8%),NO_SETUP
2026-W24,2026-06-12,460,IRCTC.NS,Consumer Services,24.56,36.69,D,AVOID,15.68,512.35,494.81,787.42,-6.45,LAGGARD,Best factor: liquidity 85 | No Setup | RR 15.7:1,Downtrend | Stale breakout | RS laggard,NO_SETUP
2026-W24,2026-06-12,461,KPITTECH.NS,Information Technology,26.28,36.4,D,AVOID,16.91,732.95,692.06,1424.24,-11.27,LAGGARD,Best factor: liquidity 100 | No Setup | RR 16.9:1,RS laggard,NO_SETUP
2026-W24,2026-06-12,462,DALBHARAT.NS,Construction Materials,24.08,36.36,D,AVOID,13.95,1637.9,1576.71,2491.62,-11.2,LAGGARD,Best factor: liquidity 85 | No Setup | RR 13.9:1,Downtrend | Stale breakout | RS laggard,NO_SETUP
2026-W24,2026-06-12,463,HCLTECH.NS,Information Technology,24.0,36.3,D,AVOID,15.36,1132.1,1092.08,1746.66,-9.94,LAGGARD,Best factor: liquidity 100 | No Setup | RR 15.4:1,Downtrend | RS laggard,NO_SETUP
2026-W24,2026-06-12,464,GODREJPROP.NS,Realty,23.72,36.1,D,AVOID,11.09,1641.5,1564.6,2494.0,-10.54,LAGGARD,Best factor: liquidity 100 | No Setup | RR 11.1:1,Downtrend | Stale breakout | RS laggard,NO_SETUP
2026-W24,2026-06-12,465,LTM.NS,Information Technology,23.64,36.05,D,AVOID,12.83,3944.1,3757.05,6344.47,-9.54,LAGGARD,Best factor: liquidity 100 | No Setup | RR 12.8:1,Downtrend | Stale breakout | RS laggard,NO_SETUP
2026-W24,2026-06-12,466,WHIRLPOOL.NS,Consumer Durables,23.22,35.75,D,AVOID,22.55,781.05,750.58,1468.14,-12.63,LAGGARD,Best factor: liquidity 70 | No Setup | RR 22.6:1,Downtrend | Stale breakout | RS laggard,NO_SETUP
2026-W24,2026-06-12,467,ABLBL.NS,Consumer Services,23.06,35.64,D,AVOID,16.8,97.37,93.16,168.0,-7.7,LAGGARD,Best factor: liquidity 70 | No Setup | RR 16.8:1,Downtrend | Stale breakout | RS laggard,NO_SETUP
2026-W24,2026-06-12,468,DCMSHRIRAM.NS,Diversified,23.0,35.6,D,AVOID,8.0,1032.5,975.35,1489.48,-11.45,LAGGARD,Best factor: atr 60 | No Setup | RR 8.0:1,Downtrend | Stale breakout | RS laggard,NO_SETUP
2026-W24,2026-06-12,469,NAUKRI.NS,Consumer Services,24.82,35.37,D,AVOID,9.81,971.25,914.27,1530.03,-7.31,LAGGARD,Best factor: liquidity 100 | No Setup | RR 9.8:1,Downtrend | Stale breakout | RS laggard,NO_SETUP
2026-W24,2026-06-12,470,BSOFT.NS,Information Technology,22.64,35.35,D,AVOID,8.71,315.55,297.36,474.0,-11.56,LAGGARD,Best factor: liquidity 100 | No Setup | RR 8.7:1,Downtrend | Stale breakout | RS laggard,NO_SETUP
2026-W24,2026-06-12,471,TCS.NS,Information Technology,22.64,35.35,D,AVOID,12.06,2153.9,2050.21,3404.05,-12.35,LAGGARD,Best factor: liquidity 100 | No Setup | RR 12.1:1,Downtrend | RS laggard,NO_SETUP
2026-W24,2026-06-12,472,CYIENT.NS,Information Technology,21.56,34.59,D,AVOID,14.13,848.9,814.95,1328.53,-8.92,LAGGARD,Best factor: liquidity 85 | No Setup | RR 14.1:1,Downtrend | Stale breakout | RS laggard,NO_SETUP
2026-W24,2026-06-12,473,SIGNATURE.NS,Realty,21.56,34.59,D,AVOID,12.01,779.0,734.84,1309.5,-16.06,LAGGARD,Best factor: atr 80 | No Setup | RR 12.0:1,Downtrend | Stale breakout | RS laggard,NO_SETUP
2026-W24,2026-06-12,474,DEVYANI.NS,Consumer Services,21.46,34.52,D,AVOID,16.56,109.47,104.55,191.0,-9.53,LAGGARD,Best factor: liquidity 70 | No Setup | RR 16.6:1,Downtrend | Stale breakout | RS laggard,NO_SETUP
2026-W24,2026-06-12,475,JUBLFOOD.NS,Consumer Services,21.46,34.52,D,AVOID,16.75,425.05,407.58,717.7,-11.08,LAGGARD,Best factor: liquidity 100 | No Setup | RR 16.8:1,Downtrend | Stale breakout | RS laggard,NO_SETUP
2026-W24,2026-06-12,476,ABFRL.NS,Consumer Services,20.96,34.17,D,AVOID,10.38,58.76,55.27,94.95,-14.84,LAGGARD,Best factor: liquidity 85 | No Setup | RR 10.4:1,Downtrend | Stale breakout | RS laggard,NO_SETUP
2026-W24,2026-06-12,477,ABREL.NS,Realty,20.72,34.0,D,AVOID,21.32,1194.3,1131.38,2535.63,-10.33,LAGGARD,Best factor: atr 80 | No Setup | RR 21.3:1,Downtrend | Stale breakout | RS laggard,NO_SETUP
2026-W24,2026-06-12,478,NEWGEN.NS,Information Technology,22.78,33.95,D,AVOID,19.54,471.1,430.65,1261.62,-12.43,LAGGARD,Ideal volatility | No Setup | RR 19.5:1,Downtrend | RS laggard | Wide stop (9%),NO_SETUP
2026-W24,2026-06-12,479,LEMONTREE.NS,Consumer Services,20.46,33.82,D,AVOID,16.23,106.83,102.28,180.68,-12.42,LAGGARD,Best factor: liquidity 70 | No Setup | RR 16.2:1,Downtrend | Stale breakout | RS laggard,NO_SETUP
2026-W24,2026-06-12,480,WIPRO.NS,Information Technology,20.22,33.65,D,AVOID,8.75,178.93,168.95,266.23,-15.2,LAGGARD,Best factor: liquidity 100 | No Setup | RR 8.8:1,Downtrend | Stale breakout | RS laggard,NO_SETUP
2026-W24,2026-06-12,481,INFY.NS,Information Technology,22.2,33.54,D,AVOID,11.64,1145.3,1098.37,1691.4,-8.51,LAGGARD,Best factor: liquidity 100 | No Setup | RR 11.6:1,Downtrend | RS laggard,NO_SETUP
2026-W24,2026-06-12,482,BRIGADE.NS,Realty,19.72,33.3,D,AVOID,26.91,648.2,625.84,1249.68,-7.89,LAGGARD,Best factor: liquidity 70 | No Setup | RR 26.9:1,Downtrend | Stale breakout | RS laggard,NO_SETUP
2026-W24,2026-06-12,483,ZENSARTECH.NS,Information Technology,19.14,32.9,D,AVOID,17.19,457.25,432.96,874.78,-13.63,LAGGARD,Best factor: liquidity 85 | No Setup | RR 17.2:1,Downtrend | Stale breakout | RS laggard,NO_SETUP
2026-W24,2026-06-12,484,LATENTVIEW.NS,Information Technology,20.88,32.62,D,AVOID,12.33,293.35,275.17,517.5,-13.94,LAGGARD,Ideal volatility | No Setup | RR 12.3:1,Downtrend | Stale breakout | RS laggard,NO_SETUP
2026-W24,2026-06-12,485,EIHOTEL.NS,Consumer Services,16.96,31.37,D,AVOID,11.38,293.3,280.86,434.8,-11.3,LAGGARD,Best factor: atr 60 | No Setup | RR 11.4:1,Downtrend | Stale breakout | RS laggard,NO_SETUP
2026-W24,2026-06-12,486,MAPMYINDIA.NS,Information Technology,18.14,30.7,D,AVOID,17.94,860.35,796.95,1998.0,-17.01,LAGGARD,Ideal volatility | No Setup | RR 17.9:1,Downtrend | Stale breakout | RS laggard,NO_SETUP
