scan_timestamp,scan_date,ticker,regime,regime_strength,score,grade,status,entry_price,stop_price,t1,t2,measured_move,rr_t1,rr_t2,risk_per_share,risk_pct,quantity,capital_deployed,max_loss_inr,atr_pct,relative_strength,range_pct,volume_ratio,trend_score,breakout_level,extension_pct,current_close
2026-05-23 20:51:49,2026-05-23,POLYCAB.NS,NEUTRAL,0.475,32.9,AVOID,AVOID,9339.79,8986.48,10046.41,10399.72,9689.5,2.0,3.0,353.31,3.78,14,130757.06,4946.34,2.54,15.6,4.06,0.61,3,9316.5,-0.57,9263.5
2026-05-23 20:51:49,2026-05-23,BHEL.NS,NEUTRAL,0.475,29.3,AVOID,AVOID,418.94,396.98,462.86,484.82,446.5,2.0,3.0,21.96,5.24,227,95099.38,4984.92,3.58,17.95,7.07,0.46,3,417.9,-2.24,408.55
2026-05-23 20:51:49,2026-05-23,CIPLA.NS,NEUTRAL,0.475,28.7,AVOID,AVOID,1448.11,1393.9,1556.53,1610.74,1494.6,2.0,3.0,54.21,3.74,92,133226.12,4987.32,2.58,6.97,3.56,0.72,3,1444.5,-3.14,1399.2
2026-05-23 20:51:49,2026-05-23,DIVISLAB.NS,NEUTRAL,0.475,27.7,AVOID,AVOID,6985.42,6766.96,7422.34,7640.8,7270.5,2.0,3.0,218.46,3.13,22,153679.24,4806.12,2.11,9.01,4.4,1.27,3,6968.0,-1.16,6887.0
2026-05-23 20:51:49,2026-05-23,SUNPHARMA.NS,NEUTRAL,0.475,26.7,AVOID,AVOID,1921.39,1862.02,2040.13,2099.5,2000.1,2.0,3.0,59.37,3.09,84,161396.76,4987.08,2.15,7.16,4.44,0.5,3,1916.6,-3.76,1844.6
2026-05-23 20:51:49,2026-05-23,KOTAKBANK.NS,NEUTRAL,0.475,25.8,AVOID,AVOID,394.28,380.24,422.36,436.4,410.0,2.0,3.0,14.04,3.56,356,140363.68,4998.24,2.44,2.7,4.34,0.73,3,393.3,-2.33,384.15
2026-05-23 20:51:49,2026-05-23,LT.NS,NEUTRAL,0.475,20.6,AVOID,AVOID,4109.71,3992.26,4344.61,4462.06,4244.72,2.0,3.0,117.45,2.86,42,172607.82,4932.9,1.99,-1.44,3.73,0.73,2,4099.46,-4.22,3926.6
2026-05-23 20:51:49,2026-05-23,CAMS.NS,NEUTRAL,0.475,19.5,AVOID,AVOID,847.01,808.21,924.61,963.41,882.3,2.0,3.0,38.8,4.58,128,108417.28,4966.4,3.42,0.4,4.85,0.54,2,844.9,-10.38,757.2
2026-05-23 20:51:49,2026-05-23,NESTLEIND.NS,NEUTRAL,0.475,18.9,AVOID,AVOID,1501.85,1459.01,1587.53,1630.37,1554.1,2.0,3.0,42.84,2.85,116,174214.6,4969.44,2.01,1.16,3.94,0.89,2,1498.1,-5.01,1423.1
2026-05-23 20:51:49,2026-05-23,BAJFINANCE.NS,NEUTRAL,0.475,16.9,AVOID,AVOID,994.73,960.15,1063.89,1098.47,1036.45,2.0,3.0,34.58,3.48,144,143241.12,4979.52,2.52,0.18,4.81,0.93,2,992.25,-7.63,916.55
2026-05-23 20:51:49,2026-05-23,HAL.NS,NEUTRAL,0.475,16.8,AVOID,AVOID,4848.39,4635.26,5274.65,5487.78,5091.0,2.0,3.0,213.13,4.4,23,111512.97,4901.99,3.25,2.1,5.86,0.98,2,4836.3,-9.67,4368.4
2026-05-23 20:51:49,2026-05-23,AXISBANK.NS,NEUTRAL,0.475,15.5,AVOID,AVOID,1330.62,1290.25,1411.36,1451.73,1394.0,2.0,3.0,40.37,3.03,123,163666.26,4965.51,2.09,-2.18,5.32,0.81,2,1327.3,-3.16,1285.4
2026-05-23 20:54:02,2026-05-23,POLYCAB.NS,NEUTRAL,0.475,32.9,AVOID,AVOID,9339.79,8986.48,10046.41,10399.72,9689.5,2.0,3.0,353.31,3.78,14,130757.06,4946.34,2.54,15.6,4.06,0.61,3,9316.5,-0.57,9263.5
2026-05-23 20:54:02,2026-05-23,BHEL.NS,NEUTRAL,0.475,29.3,AVOID,AVOID,418.94,396.98,462.86,484.82,446.5,2.0,3.0,21.96,5.24,227,95099.38,4984.92,3.58,17.95,7.07,0.46,3,417.9,-2.24,408.55
2026-05-23 20:54:02,2026-05-23,CIPLA.NS,NEUTRAL,0.475,28.7,AVOID,AVOID,1448.11,1393.9,1556.53,1610.74,1494.6,2.0,3.0,54.21,3.74,92,133226.12,4987.32,2.58,6.97,3.56,0.72,3,1444.5,-3.14,1399.2
2026-05-23 20:54:02,2026-05-23,DIVISLAB.NS,NEUTRAL,0.475,27.7,AVOID,AVOID,6985.42,6766.96,7422.34,7640.8,7270.5,2.0,3.0,218.46,3.13,22,153679.24,4806.12,2.11,9.01,4.4,1.27,3,6968.0,-1.16,6887.0
2026-05-23 20:54:02,2026-05-23,SUNPHARMA.NS,NEUTRAL,0.475,26.7,AVOID,AVOID,1921.39,1862.02,2040.13,2099.5,2000.1,2.0,3.0,59.37,3.09,84,161396.76,4987.08,2.15,7.16,4.44,0.5,3,1916.6,-3.76,1844.6
2026-05-23 20:54:02,2026-05-23,KOTAKBANK.NS,NEUTRAL,0.475,25.8,AVOID,AVOID,394.28,380.24,422.36,436.4,410.0,2.0,3.0,14.04,3.56,356,140363.68,4998.24,2.44,2.7,4.34,0.73,3,393.3,-2.33,384.15
2026-05-23 20:54:02,2026-05-23,LT.NS,NEUTRAL,0.475,20.6,AVOID,AVOID,4109.71,3992.26,4344.61,4462.06,4244.72,2.0,3.0,117.45,2.86,42,172607.82,4932.9,1.99,-1.44,3.73,0.73,2,4099.46,-4.22,3926.6
2026-05-23 20:54:02,2026-05-23,CAMS.NS,NEUTRAL,0.475,19.5,AVOID,AVOID,847.01,808.21,924.61,963.41,882.3,2.0,3.0,38.8,4.58,128,108417.28,4966.4,3.42,0.4,4.85,0.54,2,844.9,-10.38,757.2
2026-05-23 20:54:02,2026-05-23,NESTLEIND.NS,NEUTRAL,0.475,18.9,AVOID,AVOID,1501.85,1459.01,1587.53,1630.37,1554.1,2.0,3.0,42.84,2.85,116,174214.6,4969.44,2.01,1.16,3.94,0.89,2,1498.1,-5.01,1423.1
2026-05-23 20:54:02,2026-05-23,BAJFINANCE.NS,NEUTRAL,0.475,16.9,AVOID,AVOID,994.73,960.15,1063.89,1098.47,1036.45,2.0,3.0,34.58,3.48,144,143241.12,4979.52,2.52,0.18,4.81,0.93,2,992.25,-7.63,916.55
2026-05-23 20:54:02,2026-05-23,HAL.NS,NEUTRAL,0.475,16.8,AVOID,AVOID,4848.39,4635.26,5274.65,5487.78,5091.0,2.0,3.0,213.13,4.4,23,111512.97,4901.99,3.25,2.1,5.86,0.98,2,4836.3,-9.67,4368.4
2026-05-23 20:54:02,2026-05-23,AXISBANK.NS,NEUTRAL,0.475,15.5,AVOID,AVOID,1330.62,1290.25,1411.36,1451.73,1394.0,2.0,3.0,40.37,3.03,123,163666.26,4965.51,2.09,-2.18,5.32,0.81,2,1327.3,-3.16,1285.4
2026-05-23 23:22:01,2026-05-23,POLYCAB.NS,NEUTRAL,0.475,32.9,AVOID,AVOID,9339.79,8986.48,10046.41,10399.72,9689.5,2.0,3.0,353.31,3.78,14,130757.06,4946.34,2.54,15.6,4.06,0.61,3,9316.5,-0.57,9263.5
2026-05-23 23:22:01,2026-05-23,BHEL.NS,NEUTRAL,0.475,29.3,AVOID,AVOID,418.94,396.98,462.86,484.82,446.5,2.0,3.0,21.96,5.24,227,95099.38,4984.92,3.58,17.95,7.07,0.46,3,417.9,-2.24,408.55
2026-05-23 23:22:01,2026-05-23,CIPLA.NS,NEUTRAL,0.475,28.7,AVOID,AVOID,1448.11,1393.9,1556.53,1610.74,1494.6,2.0,3.0,54.21,3.74,92,133226.12,4987.32,2.58,6.97,3.56,0.72,3,1444.5,-3.14,1399.2
2026-05-23 23:22:01,2026-05-23,DIVISLAB.NS,NEUTRAL,0.475,27.7,AVOID,AVOID,6985.42,6766.96,7422.34,7640.8,7270.5,2.0,3.0,218.46,3.13,22,153679.24,4806.12,2.11,9.01,4.4,1.27,3,6968.0,-1.16,6887.0
2026-05-23 23:22:01,2026-05-23,SUNPHARMA.NS,NEUTRAL,0.475,26.7,AVOID,AVOID,1921.39,1862.02,2040.13,2099.5,2000.1,2.0,3.0,59.37,3.09,84,161396.76,4987.08,2.15,7.16,4.44,0.5,3,1916.6,-3.76,1844.6
2026-05-23 23:22:01,2026-05-23,KOTAKBANK.NS,NEUTRAL,0.475,25.8,AVOID,AVOID,394.28,380.24,422.36,436.4,410.0,2.0,3.0,14.04,3.56,356,140363.68,4998.24,2.44,2.7,4.34,0.73,3,393.3,-2.33,384.15
2026-05-23 23:22:01,2026-05-23,LT.NS,NEUTRAL,0.475,20.6,AVOID,AVOID,4109.71,3992.26,4344.61,4462.06,4244.72,2.0,3.0,117.45,2.86,42,172607.82,4932.9,1.99,-1.44,3.73,0.73,2,4099.46,-4.22,3926.6
2026-05-23 23:22:01,2026-05-23,CAMS.NS,NEUTRAL,0.475,19.5,AVOID,AVOID,847.01,808.21,924.61,963.41,882.3,2.0,3.0,38.8,4.58,128,108417.28,4966.4,3.42,0.4,4.85,0.54,2,844.9,-10.38,757.2
2026-05-23 23:22:01,2026-05-23,NESTLEIND.NS,NEUTRAL,0.475,18.9,AVOID,AVOID,1501.85,1459.01,1587.53,1630.37,1554.1,2.0,3.0,42.84,2.85,116,174214.6,4969.44,2.01,1.16,3.94,0.89,2,1498.1,-5.01,1423.1
2026-05-23 23:22:01,2026-05-23,BAJFINANCE.NS,NEUTRAL,0.475,16.9,AVOID,AVOID,994.73,960.15,1063.89,1098.47,1036.45,2.0,3.0,34.58,3.48,144,143241.12,4979.52,2.52,0.18,4.81,0.93,2,992.25,-7.63,916.55
2026-05-23 23:22:01,2026-05-23,HAL.NS,NEUTRAL,0.475,16.8,AVOID,AVOID,4848.39,4635.26,5274.65,5487.78,5091.0,2.0,3.0,213.13,4.4,23,111512.97,4901.99,3.25,2.1,5.86,0.98,2,4836.3,-9.67,4368.4
2026-05-23 23:22:01,2026-05-23,AXISBANK.NS,NEUTRAL,0.475,15.5,AVOID,AVOID,1330.62,1290.25,1411.36,1451.73,1394.0,2.0,3.0,40.37,3.03,123,163666.26,4965.51,2.09,-2.18,5.32,0.81,2,1327.3,-3.16,1285.4
2026-05-24 11:27:07,2026-05-24,POLYCAB.NS,NEUTRAL,0.475,32.9,AVOID,AVOID,9339.79,8986.48,10046.41,10399.72,9689.5,2.0,3.0,353.31,3.78,14,130757.06,4946.34,2.54,15.6,4.06,0.61,3,9316.5,-0.57,9263.5
2026-05-24 11:27:07,2026-05-24,BHEL.NS,NEUTRAL,0.475,29.3,AVOID,AVOID,418.94,396.98,462.86,484.82,446.5,2.0,3.0,21.96,5.24,227,95099.38,4984.92,3.58,17.95,7.07,0.46,3,417.9,-2.24,408.55
2026-05-24 11:27:07,2026-05-24,CIPLA.NS,NEUTRAL,0.475,28.7,AVOID,AVOID,1448.11,1393.9,1556.53,1610.74,1494.6,2.0,3.0,54.21,3.74,92,133226.12,4987.32,2.58,6.97,3.56,0.72,3,1444.5,-3.14,1399.2
2026-05-24 11:27:07,2026-05-24,DIVISLAB.NS,NEUTRAL,0.475,27.7,AVOID,AVOID,6985.42,6766.96,7422.34,7640.8,7270.5,2.0,3.0,218.46,3.13,22,153679.24,4806.12,2.11,9.01,4.4,1.27,3,6968.0,-1.16,6887.0
2026-05-24 11:27:07,2026-05-24,SUNPHARMA.NS,NEUTRAL,0.475,26.7,AVOID,AVOID,1921.39,1862.02,2040.13,2099.5,2000.1,2.0,3.0,59.37,3.09,84,161396.76,4987.08,2.15,7.16,4.44,0.5,3,1916.6,-3.76,1844.6
2026-05-24 11:27:07,2026-05-24,KOTAKBANK.NS,NEUTRAL,0.475,25.8,AVOID,AVOID,394.28,380.24,422.36,436.4,410.0,2.0,3.0,14.04,3.56,356,140363.68,4998.24,2.44,2.7,4.34,0.73,3,393.3,-2.33,384.15
2026-05-24 11:27:07,2026-05-24,LT.NS,NEUTRAL,0.475,20.6,AVOID,AVOID,4109.71,3992.26,4344.61,4462.06,4244.72,2.0,3.0,117.45,2.86,42,172607.82,4932.9,1.99,-1.44,3.73,0.73,2,4099.46,-4.22,3926.6
2026-05-24 11:27:07,2026-05-24,CAMS.NS,NEUTRAL,0.475,19.5,AVOID,AVOID,847.01,808.21,924.61,963.41,882.3,2.0,3.0,38.8,4.58,128,108417.28,4966.4,3.42,0.4,4.85,0.54,2,844.9,-10.38,757.2
2026-05-24 11:27:07,2026-05-24,NESTLEIND.NS,NEUTRAL,0.475,18.9,AVOID,AVOID,1501.85,1459.01,1587.53,1630.37,1554.1,2.0,3.0,42.84,2.85,116,174214.6,4969.44,2.01,1.16,3.94,0.89,2,1498.1,-5.01,1423.1
2026-05-24 11:27:07,2026-05-24,BAJFINANCE.NS,NEUTRAL,0.475,16.9,AVOID,AVOID,994.73,960.15,1063.89,1098.47,1036.45,2.0,3.0,34.58,3.48,144,143241.12,4979.52,2.52,0.18,4.81,0.93,2,992.25,-7.63,916.55
2026-05-24 11:27:07,2026-05-24,HAL.NS,NEUTRAL,0.475,16.8,AVOID,AVOID,4848.39,4635.26,5274.65,5487.78,5091.0,2.0,3.0,213.13,4.4,23,111512.97,4901.99,3.25,2.1,5.86,0.98,2,4836.3,-9.67,4368.4
2026-05-24 11:27:07,2026-05-24,AXISBANK.NS,NEUTRAL,0.475,15.5,AVOID,AVOID,1330.62,1290.25,1411.36,1451.73,1394.0,2.0,3.0,40.37,3.03,123,163666.26,4965.51,2.09,-2.18,5.32,0.81,2,1327.3,-3.16,1285.4
2026-05-24 11:29:08,2026-05-24,POLYCAB.NS,NEUTRAL,0.475,32.9,AVOID,AVOID,9339.79,8986.48,10046.41,10399.72,9689.5,2.0,3.0,353.31,3.78,14,130757.06,4946.34,2.54,15.6,4.06,0.61,3,9316.5,-0.57,9263.5
2026-05-24 11:29:08,2026-05-24,BHEL.NS,NEUTRAL,0.475,29.3,AVOID,AVOID,418.94,396.98,462.86,484.82,446.5,2.0,3.0,21.96,5.24,227,95099.38,4984.92,3.58,17.95,7.07,0.46,3,417.9,-2.24,408.55
2026-05-24 11:29:08,2026-05-24,CIPLA.NS,NEUTRAL,0.475,28.7,AVOID,AVOID,1448.11,1393.9,1556.53,1610.74,1494.6,2.0,3.0,54.21,3.74,92,133226.12,4987.32,2.58,6.97,3.56,0.72,3,1444.5,-3.14,1399.2
2026-05-24 11:29:08,2026-05-24,DIVISLAB.NS,NEUTRAL,0.475,27.7,AVOID,AVOID,6985.42,6766.96,7422.34,7640.8,7270.5,2.0,3.0,218.46,3.13,22,153679.24,4806.12,2.11,9.01,4.4,1.27,3,6968.0,-1.16,6887.0
2026-05-24 11:29:08,2026-05-24,SUNPHARMA.NS,NEUTRAL,0.475,26.7,AVOID,AVOID,1921.39,1862.02,2040.13,2099.5,2000.1,2.0,3.0,59.37,3.09,84,161396.76,4987.08,2.15,7.16,4.44,0.5,3,1916.6,-3.76,1844.6
2026-05-24 11:29:08,2026-05-24,KOTAKBANK.NS,NEUTRAL,0.475,25.8,AVOID,AVOID,394.28,380.24,422.36,436.4,410.0,2.0,3.0,14.04,3.56,356,140363.68,4998.24,2.44,2.7,4.34,0.73,3,393.3,-2.33,384.15
2026-05-24 11:29:08,2026-05-24,LT.NS,NEUTRAL,0.475,20.6,AVOID,AVOID,4109.71,3992.26,4344.61,4462.06,4244.72,2.0,3.0,117.45,2.86,42,172607.82,4932.9,1.99,-1.44,3.73,0.73,2,4099.46,-4.22,3926.6
2026-05-24 11:29:08,2026-05-24,CAMS.NS,NEUTRAL,0.475,19.5,AVOID,AVOID,847.01,808.21,924.61,963.41,882.3,2.0,3.0,38.8,4.58,128,108417.28,4966.4,3.42,0.4,4.85,0.54,2,844.9,-10.38,757.2
2026-05-24 11:29:08,2026-05-24,NESTLEIND.NS,NEUTRAL,0.475,18.9,AVOID,AVOID,1501.85,1459.01,1587.53,1630.37,1554.1,2.0,3.0,42.84,2.85,116,174214.6,4969.44,2.01,1.16,3.94,0.89,2,1498.1,-5.01,1423.1
2026-05-24 11:29:08,2026-05-24,BAJFINANCE.NS,NEUTRAL,0.475,16.9,AVOID,AVOID,994.73,960.15,1063.89,1098.47,1036.45,2.0,3.0,34.58,3.48,144,143241.12,4979.52,2.52,0.18,4.81,0.93,2,992.25,-7.63,916.55
2026-05-24 11:29:08,2026-05-24,HAL.NS,NEUTRAL,0.475,16.8,AVOID,AVOID,4848.39,4635.26,5274.65,5487.78,5091.0,2.0,3.0,213.13,4.4,23,111512.97,4901.99,3.25,2.1,5.86,0.98,2,4836.3,-9.67,4368.4
2026-05-24 11:29:08,2026-05-24,AXISBANK.NS,NEUTRAL,0.475,15.5,AVOID,AVOID,1330.62,1290.25,1411.36,1451.73,1394.0,2.0,3.0,40.37,3.03,123,163666.26,4965.51,2.09,-2.18,5.32,0.81,2,1327.3,-3.16,1285.4
2026-05-24 11:31:48,2026-05-24,AXISBANK.NS,NEUTRAL,0.475,15.5,AVOID,AVOID,1330.62,1290.25,1411.36,1451.73,1394.0,2.0,3.0,40.37,3.03,123,163666.26,4965.51,2.09,-2.18,5.32,0.81,2,1327.3,-3.16,1285.4
2026-05-24 11:31:48,2026-05-24,KOTAKBANK.NS,NEUTRAL,0.475,25.8,AVOID,AVOID,394.28,380.24,422.36,436.4,410.0,2.0,3.0,14.04,3.56,356,140363.68,4998.24,2.44,2.7,4.34,0.73,3,393.3,-2.33,384.15
2026-05-24 11:31:48,2026-05-24,LT.NS,NEUTRAL,0.475,20.6,AVOID,AVOID,4109.71,3992.26,4344.61,4462.06,4244.72,2.0,3.0,117.45,2.86,42,172607.82,4932.9,1.99,-1.44,3.73,0.73,2,4099.46,-4.22,3926.6
2026-05-24 11:31:48,2026-05-24,BAJFINANCE.NS,NEUTRAL,0.475,16.9,AVOID,AVOID,994.73,960.15,1063.89,1098.47,1036.45,2.0,3.0,34.58,3.48,144,143241.12,4979.52,2.52,0.18,4.81,0.93,2,992.25,-7.63,916.55
2026-05-24 11:31:48,2026-05-24,POLYCAB.NS,NEUTRAL,0.475,32.9,AVOID,AVOID,9339.79,8986.48,10046.41,10399.72,9689.5,2.0,3.0,353.31,3.78,14,130757.06,4946.34,2.54,15.6,4.06,0.61,3,9316.5,-0.57,9263.5
2026-05-24 11:31:48,2026-05-24,CAMS.NS,NEUTRAL,0.475,19.5,AVOID,AVOID,847.01,808.21,924.61,963.41,882.3,2.0,3.0,38.8,4.58,128,108417.28,4966.4,3.42,0.4,4.85,0.54,2,844.9,-10.38,757.2
2026-05-24 11:31:48,2026-05-24,SUNPHARMA.NS,NEUTRAL,0.475,26.7,AVOID,AVOID,1921.39,1862.02,2040.13,2099.5,2000.1,2.0,3.0,59.37,3.09,84,161396.76,4987.08,2.15,7.16,4.44,0.5,3,1916.6,-3.76,1844.6
2026-05-24 11:31:48,2026-05-24,DIVISLAB.NS,NEUTRAL,0.475,27.7,AVOID,AVOID,6985.42,6766.96,7422.34,7640.8,7270.5,2.0,3.0,218.46,3.13,22,153679.24,4806.12,2.11,9.01,4.4,1.27,3,6968.0,-1.16,6887.0
2026-05-24 11:31:48,2026-05-24,CIPLA.NS,NEUTRAL,0.475,28.7,AVOID,AVOID,1448.11,1393.9,1556.53,1610.74,1494.6,2.0,3.0,54.21,3.74,92,133226.12,4987.32,2.58,6.97,3.56,0.72,3,1444.5,-3.14,1399.2
2026-05-24 11:31:48,2026-05-24,NESTLEIND.NS,NEUTRAL,0.475,18.9,AVOID,AVOID,1501.85,1459.01,1587.53,1630.37,1554.1,2.0,3.0,42.84,2.85,116,174214.6,4969.44,2.01,1.16,3.94,0.89,2,1498.1,-5.01,1423.1
2026-05-24 11:31:48,2026-05-24,HAL.NS,NEUTRAL,0.475,16.8,AVOID,AVOID,4848.39,4635.26,5274.65,5487.78,5091.0,2.0,3.0,213.13,4.4,23,111512.97,4901.99,3.25,2.1,5.86,0.98,2,4836.3,-9.67,4368.4
2026-05-24 11:31:48,2026-05-24,BHEL.NS,NEUTRAL,0.475,29.3,AVOID,AVOID,418.94,396.98,462.86,484.82,446.5,2.0,3.0,21.96,5.24,227,95099.38,4984.92,3.58,17.95,7.07,0.46,3,417.9,-2.24,408.55
2026-05-24 11:32:46,2026-05-24,AXISBANK.NS,NEUTRAL,0.475,15.5,AVOID,AVOID,1330.62,1290.25,1411.36,1451.73,1394.0,2.0,3.0,40.37,3.03,123,163666.26,4965.51,2.09,-2.18,5.32,0.81,2,1327.3,-3.16,1285.4
2026-05-24 11:32:46,2026-05-24,KOTAKBANK.NS,NEUTRAL,0.475,25.8,AVOID,AVOID,394.28,380.24,422.36,436.4,410.0,2.0,3.0,14.04,3.56,356,140363.68,4998.24,2.44,2.7,4.34,0.73,3,393.3,-2.33,384.15
2026-05-24 11:32:46,2026-05-24,LT.NS,NEUTRAL,0.475,20.6,AVOID,AVOID,4109.71,3992.26,4344.61,4462.06,4244.72,2.0,3.0,117.45,2.86,42,172607.82,4932.9,1.99,-1.44,3.73,0.73,2,4099.46,-4.22,3926.6
2026-05-24 11:32:46,2026-05-24,BAJFINANCE.NS,NEUTRAL,0.475,16.9,AVOID,AVOID,994.73,960.15,1063.89,1098.47,1036.45,2.0,3.0,34.58,3.48,144,143241.12,4979.52,2.52,0.18,4.81,0.93,2,992.25,-7.63,916.55
2026-05-24 11:32:46,2026-05-24,POLYCAB.NS,NEUTRAL,0.475,32.9,AVOID,AVOID,9339.79,8986.48,10046.41,10399.72,9689.5,2.0,3.0,353.31,3.78,14,130757.06,4946.34,2.54,15.6,4.06,0.61,3,9316.5,-0.57,9263.5
2026-05-24 11:32:46,2026-05-24,CAMS.NS,NEUTRAL,0.475,19.5,AVOID,AVOID,847.01,808.21,924.61,963.41,882.3,2.0,3.0,38.8,4.58,128,108417.28,4966.4,3.42,0.4,4.85,0.54,2,844.9,-10.38,757.2
2026-05-24 11:32:46,2026-05-24,SUNPHARMA.NS,NEUTRAL,0.475,26.7,AVOID,AVOID,1921.39,1862.02,2040.13,2099.5,2000.1,2.0,3.0,59.37,3.09,84,161396.76,4987.08,2.15,7.16,4.44,0.5,3,1916.6,-3.76,1844.6
2026-05-24 11:32:46,2026-05-24,DIVISLAB.NS,NEUTRAL,0.475,27.7,AVOID,AVOID,6985.42,6766.96,7422.34,7640.8,7270.5,2.0,3.0,218.46,3.13,22,153679.24,4806.12,2.11,9.01,4.4,1.27,3,6968.0,-1.16,6887.0
2026-05-24 11:32:46,2026-05-24,CIPLA.NS,NEUTRAL,0.475,28.7,AVOID,AVOID,1448.11,1393.9,1556.53,1610.74,1494.6,2.0,3.0,54.21,3.74,92,133226.12,4987.32,2.58,6.97,3.56,0.72,3,1444.5,-3.14,1399.2
2026-05-24 11:32:46,2026-05-24,NESTLEIND.NS,NEUTRAL,0.475,18.9,AVOID,AVOID,1501.85,1459.01,1587.53,1630.37,1554.1,2.0,3.0,42.84,2.85,116,174214.6,4969.44,2.01,1.16,3.94,0.89,2,1498.1,-5.01,1423.1
2026-05-24 11:32:46,2026-05-24,HAL.NS,NEUTRAL,0.475,16.8,AVOID,AVOID,4848.39,4635.26,5274.65,5487.78,5091.0,2.0,3.0,213.13,4.4,23,111512.97,4901.99,3.25,2.1,5.86,0.98,2,4836.3,-9.67,4368.4
2026-05-24 11:32:46,2026-05-24,BHEL.NS,NEUTRAL,0.475,29.3,AVOID,AVOID,418.94,396.98,462.86,484.82,446.5,2.0,3.0,21.96,5.24,227,95099.38,4984.92,3.58,17.95,7.07,0.46,3,417.9,-2.24,408.55
2026-05-24 11:35:30,2026-05-24,AXISBANK.NS,NEUTRAL,0.475,15.5,AVOID,AVOID,1330.62,1290.25,1411.36,1451.73,1394.0,2.0,3.0,40.37,3.03,123,163666.26,4965.51,2.09,-2.18,5.32,0.81,2,1327.3,-3.16,1285.4
2026-05-24 11:35:30,2026-05-24,KOTAKBANK.NS,NEUTRAL,0.475,25.8,AVOID,AVOID,394.28,380.24,422.36,436.4,410.0,2.0,3.0,14.04,3.56,356,140363.68,4998.24,2.44,2.7,4.34,0.73,3,393.3,-2.33,384.15
2026-05-24 11:35:30,2026-05-24,LT.NS,NEUTRAL,0.475,20.6,AVOID,AVOID,4109.71,3992.26,4344.61,4462.06,4244.72,2.0,3.0,117.45,2.86,42,172607.82,4932.9,1.99,-1.44,3.73,0.73,2,4099.46,-4.22,3926.6
2026-05-24 11:35:30,2026-05-24,BAJFINANCE.NS,NEUTRAL,0.475,16.9,AVOID,AVOID,994.73,960.15,1063.89,1098.47,1036.45,2.0,3.0,34.58,3.48,144,143241.12,4979.52,2.52,0.18,4.81,0.93,2,992.25,-7.63,916.55
2026-05-24 11:35:30,2026-05-24,POLYCAB.NS,NEUTRAL,0.475,32.9,AVOID,AVOID,9339.79,8986.48,10046.41,10399.72,9689.5,2.0,3.0,353.31,3.78,14,130757.06,4946.34,2.54,15.6,4.06,0.61,3,9316.5,-0.57,9263.5
2026-05-24 11:35:30,2026-05-24,CAMS.NS,NEUTRAL,0.475,19.5,AVOID,AVOID,847.01,808.21,924.61,963.41,882.3,2.0,3.0,38.8,4.58,128,108417.28,4966.4,3.42,0.4,4.85,0.54,2,844.9,-10.38,757.2
2026-05-24 11:35:30,2026-05-24,SUNPHARMA.NS,NEUTRAL,0.475,26.7,AVOID,AVOID,1921.39,1862.02,2040.13,2099.5,2000.1,2.0,3.0,59.37,3.09,84,161396.76,4987.08,2.15,7.16,4.44,0.5,3,1916.6,-3.76,1844.6
2026-05-24 11:35:30,2026-05-24,DIVISLAB.NS,NEUTRAL,0.475,27.7,AVOID,AVOID,6985.42,6766.96,7422.34,7640.8,7270.5,2.0,3.0,218.46,3.13,22,153679.24,4806.12,2.11,9.01,4.4,1.27,3,6968.0,-1.16,6887.0
2026-05-24 11:35:30,2026-05-24,CIPLA.NS,NEUTRAL,0.475,28.7,AVOID,AVOID,1448.11,1393.9,1556.53,1610.74,1494.6,2.0,3.0,54.21,3.74,92,133226.12,4987.32,2.58,6.97,3.56,0.72,3,1444.5,-3.14,1399.2
2026-05-24 11:35:30,2026-05-24,NESTLEIND.NS,NEUTRAL,0.475,18.9,AVOID,AVOID,1501.85,1459.01,1587.53,1630.37,1554.1,2.0,3.0,42.84,2.85,116,174214.6,4969.44,2.01,1.16,3.94,0.89,2,1498.1,-5.01,1423.1
2026-05-24 11:35:30,2026-05-24,HAL.NS,NEUTRAL,0.475,16.8,AVOID,AVOID,4848.39,4635.26,5274.65,5487.78,5091.0,2.0,3.0,213.13,4.4,23,111512.97,4901.99,3.25,2.1,5.86,0.98,2,4836.3,-9.67,4368.4
2026-05-24 11:35:30,2026-05-24,BHEL.NS,NEUTRAL,0.475,29.3,AVOID,AVOID,418.94,396.98,462.86,484.82,446.5,2.0,3.0,21.96,5.24,227,95099.38,4984.92,3.58,17.95,7.07,0.46,3,417.9,-2.24,408.55
2026-05-24 18:20:30,2026-05-24,AXISBANK.NS,NEUTRAL,0.475,15.5,AVOID,AVOID,1330.62,1290.25,1411.36,1451.73,1394.0,2.0,3.0,40.37,3.03,123,163666.26,4965.51,2.09,-2.18,5.32,0.81,2,1327.3,-3.16,1285.4
2026-05-24 18:20:30,2026-05-24,KOTAKBANK.NS,NEUTRAL,0.475,25.8,AVOID,AVOID,394.28,380.24,422.36,436.4,410.0,2.0,3.0,14.04,3.56,356,140363.68,4998.24,2.44,2.7,4.34,0.73,3,393.3,-2.33,384.15
2026-05-24 18:20:30,2026-05-24,LT.NS,NEUTRAL,0.475,20.6,AVOID,AVOID,4109.71,3992.26,4344.61,4462.06,4244.72,2.0,3.0,117.45,2.86,42,172607.82,4932.9,1.99,-1.44,3.73,0.73,2,4099.46,-4.22,3926.6
2026-05-24 18:20:30,2026-05-24,BAJFINANCE.NS,NEUTRAL,0.475,16.9,AVOID,AVOID,994.73,960.15,1063.89,1098.47,1036.45,2.0,3.0,34.58,3.48,144,143241.12,4979.52,2.52,0.18,4.81,0.93,2,992.25,-7.63,916.55
2026-05-24 18:20:30,2026-05-24,POLYCAB.NS,NEUTRAL,0.475,32.9,AVOID,AVOID,9339.79,8986.48,10046.41,10399.72,9689.5,2.0,3.0,353.31,3.78,14,130757.06,4946.34,2.54,15.6,4.06,0.61,3,9316.5,-0.57,9263.5
2026-05-24 18:20:30,2026-05-24,CAMS.NS,NEUTRAL,0.475,19.5,AVOID,AVOID,847.01,808.21,924.61,963.41,882.3,2.0,3.0,38.8,4.58,128,108417.28,4966.4,3.42,0.4,4.85,0.54,2,844.9,-10.38,757.2
2026-05-24 18:20:30,2026-05-24,SUNPHARMA.NS,NEUTRAL,0.475,26.7,AVOID,AVOID,1921.39,1862.02,2040.13,2099.5,2000.1,2.0,3.0,59.37,3.09,84,161396.76,4987.08,2.15,7.16,4.44,0.5,3,1916.6,-3.76,1844.6
2026-05-24 18:20:30,2026-05-24,DIVISLAB.NS,NEUTRAL,0.475,27.7,AVOID,AVOID,6985.42,6766.96,7422.34,7640.8,7270.5,2.0,3.0,218.46,3.13,22,153679.24,4806.12,2.11,9.01,4.4,1.27,3,6968.0,-1.16,6887.0
2026-05-24 18:20:30,2026-05-24,CIPLA.NS,NEUTRAL,0.475,28.7,AVOID,AVOID,1448.11,1393.9,1556.53,1610.74,1494.6,2.0,3.0,54.21,3.74,92,133226.12,4987.32,2.58,6.97,3.56,0.72,3,1444.5,-3.14,1399.2
2026-05-24 18:20:30,2026-05-24,NESTLEIND.NS,NEUTRAL,0.475,18.9,AVOID,AVOID,1501.85,1459.01,1587.53,1630.37,1554.1,2.0,3.0,42.84,2.85,116,174214.6,4969.44,2.01,1.16,3.94,0.89,2,1498.1,-5.01,1423.1
2026-05-24 18:20:30,2026-05-24,HAL.NS,NEUTRAL,0.475,16.8,AVOID,AVOID,4848.39,4635.26,5274.65,5487.78,5091.0,2.0,3.0,213.13,4.4,23,111512.97,4901.99,3.25,2.1,5.86,0.98,2,4836.3,-9.67,4368.4
2026-05-24 18:20:30,2026-05-24,BHEL.NS,NEUTRAL,0.475,29.3,AVOID,AVOID,418.94,396.98,462.86,484.82,446.5,2.0,3.0,21.96,5.24,227,95099.38,4984.92,3.58,17.95,7.07,0.46,3,417.9,-2.24,408.55
2026-05-24 18:24:23,2026-05-24,AXISBANK.NS,NEUTRAL,0.475,15.5,AVOID,AVOID,1330.62,1290.25,1411.36,1451.73,1394.0,2.0,3.0,40.37,3.03,123,163666.26,4965.51,2.09,-2.18,5.32,0.81,2,1327.3,-3.16,1285.4
2026-05-24 18:24:23,2026-05-24,KOTAKBANK.NS,NEUTRAL,0.475,25.8,AVOID,AVOID,394.28,380.24,422.36,436.4,410.0,2.0,3.0,14.04,3.56,356,140363.68,4998.24,2.44,2.7,4.34,0.73,3,393.3,-2.33,384.15
2026-05-24 18:24:23,2026-05-24,INDUSINDBK.NS,NEUTRAL,0.475,22.6,AVOID,AVOID,960.29,925.62,1029.63,1064.3,1002.2,2.0,3.0,34.67,3.61,144,138281.76,4992.48,2.54,1.86,4.93,0.7,3,957.9,-4.98,910.15
2026-05-24 18:24:23,2026-05-24,BAJFINANCE.NS,NEUTRAL,0.475,16.9,AVOID,AVOID,994.73,960.15,1063.89,1098.47,1036.45,2.0,3.0,34.58,3.48,144,143241.12,4979.52,2.52,0.18,4.81,0.93,2,992.25,-7.63,916.55
2026-05-24 18:24:23,2026-05-24,BAJAJFINSV.NS,NEUTRAL,0.475,19.7,AVOID,AVOID,1854.22,1795.74,1971.18,2029.66,1940.2,2.0,3.0,58.48,3.15,85,157608.7,4970.8,2.21,0.4,5.15,0.64,2,1849.6,-4.52,1766.0
2026-05-24 18:24:23,2026-05-24,LT.NS,NEUTRAL,0.475,20.6,AVOID,AVOID,4109.71,3992.26,4344.61,4462.06,4244.72,2.0,3.0,117.45,2.86,42,172607.82,4932.9,1.99,-1.44,3.73,0.73,2,4099.46,-4.22,3926.6
2026-05-24 18:24:23,2026-05-24,ULTRACEMCO.NS,NEUTRAL,0.475,17.8,AVOID,AVOID,12312.7,11952.81,13032.48,13392.37,12721.0,2.0,3.0,359.89,2.92,13,160065.1,4678.57,2.07,-2.92,3.83,0.8,2,12282.0,-5.81,11569.0
2026-05-24 18:24:23,2026-05-24,CUMMINSIND.NS,NEUTRAL,0.475,22.0,AVOID,AVOID,5484.18,5289.56,5873.42,6068.04,5741.5,2.0,3.0,194.62,3.55,25,137104.5,4865.5,2.42,3.04,5.08,0.85,3,5470.5,-2.15,5353.0
2026-05-24 18:24:23,2026-05-24,BAJAJ-AUTO.NS,NEUTRAL,0.475,28.6,AVOID,AVOID,10811.96,10415.42,11605.04,12001.58,11459.5,2.0,3.0,396.54,3.67,12,129743.52,4758.48,2.51,9.93,6.48,0.75,3,10785.0,-2.18,10549.5
2026-05-24 18:24:23,2026-05-24,SUNPHARMA.NS,NEUTRAL,0.475,26.7,AVOID,AVOID,1921.39,1862.02,2040.13,2099.5,2000.1,2.0,3.0,59.37,3.09,84,161396.76,4987.08,2.15,7.16,4.44,0.5,3,1916.6,-3.76,1844.6
2026-05-24 18:24:23,2026-05-24,CIPLA.NS,NEUTRAL,0.475,28.7,AVOID,AVOID,1448.11,1393.9,1556.53,1610.74,1494.6,2.0,3.0,54.21,3.74,92,133226.12,4987.32,2.58,6.97,3.56,0.72,3,1444.5,-3.14,1399.2
2026-05-24 18:24:23,2026-05-24,DIVISLAB.NS,NEUTRAL,0.475,27.7,AVOID,AVOID,6985.42,6766.96,7422.34,7640.8,7270.5,2.0,3.0,218.46,3.13,22,153679.24,4806.12,2.11,9.01,4.4,1.27,3,6968.0,-1.16,6887.0
2026-05-24 18:24:23,2026-05-24,DRREDDY.NS,NEUTRAL,0.475,20.3,AVOID,AVOID,1379.34,1331.85,1474.32,1521.81,1415.8,2.0,3.0,47.49,3.44,105,144830.7,4986.45,2.42,-1.3,3.02,0.8,2,1375.9,-4.99,1307.2
2026-05-24 18:24:23,2026-05-24,NESTLEIND.NS,NEUTRAL,0.475,18.9,AVOID,AVOID,1501.85,1459.01,1587.53,1630.37,1554.1,2.0,3.0,42.84,2.85,116,174214.6,4969.44,2.01,1.16,3.94,0.89,2,1498.1,-5.01,1423.1
2026-05-24 18:24:23,2026-05-24,TATACONSUM.NS,NEUTRAL,0.475,25.5,AVOID,AVOID,1285.91,1236.43,1384.87,1434.35,1330.2,2.0,3.0,49.48,3.85,101,129876.91,4997.48,2.77,3.44,3.93,0.66,3,1282.7,-7.09,1191.8
2026-05-24 18:24:23,2026-05-24,HAL.NS,NEUTRAL,0.475,16.8,AVOID,AVOID,4848.39,4635.26,5274.65,5487.78,5091.0,2.0,3.0,213.13,4.4,23,111512.97,4901.99,3.25,2.1,5.86,0.98,2,4836.3,-9.67,4368.4
2026-05-24 18:24:23,2026-05-24,BHEL.NS,NEUTRAL,0.475,29.3,AVOID,AVOID,418.94,396.98,462.86,484.82,446.5,2.0,3.0,21.96,5.24,227,95099.38,4984.92,3.58,17.95,7.07,0.46,3,417.9,-2.24,408.55
2026-05-24 18:24:23,2026-05-24,ADANIPOWER.NS,NEUTRAL,0.475,20.9,AVOID,AVOID,234.99,222.65,259.67,272.01,244.61,2.0,3.0,12.34,5.25,405,95170.95,4997.7,3.75,1.33,4.65,0.69,2,234.4,-6.43,219.32
2026-05-24 18:24:23,2026-05-24,RAILTEL.NS,NEUTRAL,0.475,19.3,AVOID,AVOID,352.83,338.4,381.69,396.12,367.9,2.0,3.0,14.43,4.09,346,122079.18,4992.78,3.01,-0.4,4.99,0.43,2,351.95,-9.05,320.1
2026-05-24 18:24:23,2026-05-24,NBCC.NS,NEUTRAL,0.475,21.5,AVOID,AVOID,102.2,97.46,111.68,116.42,107.77,2.0,3.0,4.74,4.64,1054,107718.8,4995.96,3.33,0.13,6.25,0.65,3,101.95,-6.99,94.82
2026-05-24 18:24:23,2026-05-24,PNCINFRA.NS,NEUTRAL,0.475,15.6,AVOID,AVOID,229.57,217.53,253.65,265.69,245.85,2.0,3.0,12.04,5.24,415,95271.55,4996.6,3.73,-0.48,7.92,1.52,2,229.0,-5.97,215.32
2026-05-24 18:24:23,2026-05-24,POLYCAB.NS,NEUTRAL,0.475,32.9,AVOID,AVOID,9339.79,8986.48,10046.41,10399.72,9689.5,2.0,3.0,353.31,3.78,14,130757.06,4946.34,2.54,15.6,4.06,0.61,3,9316.5,-0.57,9263.5
2026-05-24 18:24:23,2026-05-24,KEI.NS,NEUTRAL,0.475,27.9,AVOID,AVOID,5338.31,5039.3,5936.33,6235.34,5700.0,2.0,3.0,299.01,5.6,16,85412.96,4784.16,3.79,8.35,7.27,0.75,3,5325.0,-1.21,5260.5
2026-05-24 18:24:23,2026-05-24,CAMS.NS,NEUTRAL,0.475,19.5,AVOID,AVOID,847.01,808.21,924.61,963.41,882.3,2.0,3.0,38.8,4.58,128,108417.28,4966.4,3.42,0.4,4.85,0.54,2,844.9,-10.38,757.2
2026-05-24 18:24:23,2026-05-24,SRF.NS,NEUTRAL,0.475,27.9,AVOID,AVOID,2839.18,2716.45,3084.64,3207.37,2929.6,2.0,3.0,122.73,4.32,40,113567.2,4909.2,3.1,5.98,3.71,0.6,3,2832.1,-6.8,2639.4
2026-05-24 18:24:23,2026-05-24,NYKAA.NS,NEUTRAL,0.475,20.2,AVOID,AVOID,286.31,274.1,310.73,322.94,305.35,2.0,3.0,12.21,4.26,409,117100.79,4993.89,2.94,3.74,7.21,2.05,3,285.6,-2.92,277.25
2026-05-24 18:24:23,2026-05-24,PAYTM.NS,NEUTRAL,0.475,17.9,AVOID,AVOID,1226.06,1155.77,1366.64,1436.93,1312.7,2.0,3.0,70.29,5.73,71,87050.26,4990.59,4.21,-0.99,7.94,0.58,2,1223.0,-9.04,1112.4
2026-05-24 18:24:23,2026-05-24,TATASTEEL.NS,NEUTRAL,0.475,15.8,AVOID,AVOID,224.96,217.27,240.34,248.03,233.69,2.0,3.0,7.69,3.42,650,146224.0,4998.5,2.45,-1.17,4.45,1.39,2,224.4,-6.78,209.19
2026-05-24 18:24:23,2026-05-24,JSWSTEEL.NS,NEUTRAL,0.475,23.7,AVOID,AVOID,1317.28,1278.57,1394.7,1433.41,1357.7,2.0,3.0,38.71,2.94,129,169929.12,4993.59,2.01,0.97,3.4,1.18,3,1314.0,-2.17,1285.5
2026-05-24 18:24:23,2026-05-24,HINDALCO.NS,NEUTRAL,0.475,24.8,AVOID,AVOID,1117.79,1073.09,1207.19,1251.89,1192.9,2.0,3.0,44.7,4.0,111,124074.69,4961.7,2.69,5.21,7.22,1.2,3,1115.0,-0.52,1109.2
2026-05-24 18:24:23,2026-05-24,ONGC.NS,NEUTRAL,0.475,22.3,AVOID,AVOID,308.27,297.2,330.41,341.48,319.85,2.0,3.0,11.07,3.59,451,139029.77,4992.57,2.55,2.18,4.18,0.65,2,307.5,-5.69,290.0
2026-05-24 18:24:23,2026-05-24,GAIL.NS,NEUTRAL,0.475,14.1,AVOID,AVOID,168.51,162.0,181.53,188.04,179.38,2.0,3.0,6.51,3.86,768,129415.68,4999.68,2.7,-2.25,7.16,1.56,2,168.09,-4.35,160.77
2026-05-24 18:24:23,2026-05-24,BHARTIARTL.NS,NEUTRAL,0.475,22.6,AVOID,AVOID,1958.68,1893.55,2088.94,2154.07,2038.3,2.0,3.0,65.13,3.33,76,148859.68,4949.88,2.32,3.57,4.44,0.84,3,1953.8,-4.22,1871.4
2026-05-24 18:24:23,2026-05-24,NAVINFLUOR.NS,NEUTRAL,0.475,29.7,AVOID,AVOID,7247.07,6987.13,7766.95,8026.89,7582.5,2.0,3.0,259.94,3.59,19,137694.33,4938.86,2.43,9.05,5.01,0.51,3,7229.0,-1.44,7125.0
2026-05-24 18:24:23,2026-05-24,MCX.NS,NEUTRAL,0.475,23.9,AVOID,AVOID,3488.7,3319.96,3826.18,3994.92,3702.7,2.0,3.0,168.74,4.84,29,101172.3,4893.46,3.44,16.29,6.63,0.98,3,3480.0,-6.04,3269.9
2026-05-24 18:26:42,2026-05-24,AXISBANK.NS,NEUTRAL,0.475,15.5,AVOID,AVOID,1330.62,1290.25,1411.36,1451.73,1394.0,2.0,3.0,40.37,3.03,123,163666.26,4965.51,2.09,-2.18,5.32,0.81,2,1327.3,-3.16,1285.4
2026-05-24 18:26:42,2026-05-24,KOTAKBANK.NS,NEUTRAL,0.475,25.8,AVOID,AVOID,394.28,380.24,422.36,436.4,410.0,2.0,3.0,14.04,3.56,356,140363.68,4998.24,2.44,2.7,4.34,0.73,3,393.3,-2.33,384.15
2026-05-24 18:26:42,2026-05-24,INDUSINDBK.NS,NEUTRAL,0.475,22.6,AVOID,AVOID,960.29,925.62,1029.63,1064.3,1002.2,2.0,3.0,34.67,3.61,144,138281.76,4992.48,2.54,1.86,4.93,0.7,3,957.9,-4.98,910.15
2026-05-24 18:26:42,2026-05-24,BAJFINANCE.NS,NEUTRAL,0.475,16.9,AVOID,AVOID,994.73,960.15,1063.89,1098.47,1036.45,2.0,3.0,34.58,3.48,144,143241.12,4979.52,2.52,0.18,4.81,0.93,2,992.25,-7.63,916.55
2026-05-24 18:26:42,2026-05-24,BAJAJFINSV.NS,NEUTRAL,0.475,19.7,AVOID,AVOID,1854.22,1795.74,1971.18,2029.66,1940.2,2.0,3.0,58.48,3.15,85,157608.7,4970.8,2.21,0.4,5.15,0.64,2,1849.6,-4.52,1766.0
2026-05-24 18:26:42,2026-05-24,LT.NS,NEUTRAL,0.475,20.6,AVOID,AVOID,4109.71,3992.26,4344.61,4462.06,4244.72,2.0,3.0,117.45,2.86,42,172607.82,4932.9,1.99,-1.44,3.73,0.73,2,4099.46,-4.22,3926.6
2026-05-24 18:26:42,2026-05-24,ULTRACEMCO.NS,NEUTRAL,0.475,17.8,AVOID,AVOID,12312.7,11952.81,13032.48,13392.37,12721.0,2.0,3.0,359.89,2.92,13,160065.1,4678.57,2.07,-2.92,3.83,0.8,2,12282.0,-5.81,11569.0
2026-05-24 18:26:42,2026-05-24,CUMMINSIND.NS,NEUTRAL,0.475,22.0,AVOID,AVOID,5484.18,5289.56,5873.42,6068.04,5741.5,2.0,3.0,194.62,3.55,25,137104.5,4865.5,2.42,3.04,5.08,0.85,3,5470.5,-2.15,5353.0
2026-05-24 18:26:42,2026-05-24,BAJAJ-AUTO.NS,NEUTRAL,0.475,28.6,AVOID,AVOID,10811.96,10415.42,11605.04,12001.58,11459.5,2.0,3.0,396.54,3.67,12,129743.52,4758.48,2.51,9.93,6.48,0.75,3,10785.0,-2.18,10549.5
2026-05-24 18:26:42,2026-05-24,SUNPHARMA.NS,NEUTRAL,0.475,26.7,AVOID,AVOID,1921.39,1862.02,2040.13,2099.5,2000.1,2.0,3.0,59.37,3.09,84,161396.76,4987.08,2.15,7.16,4.44,0.5,3,1916.6,-3.76,1844.6
2026-05-24 18:26:42,2026-05-24,CIPLA.NS,NEUTRAL,0.475,28.7,AVOID,AVOID,1448.11,1393.9,1556.53,1610.74,1494.6,2.0,3.0,54.21,3.74,92,133226.12,4987.32,2.58,6.97,3.56,0.72,3,1444.5,-3.14,1399.2
2026-05-24 18:26:42,2026-05-24,DIVISLAB.NS,NEUTRAL,0.475,27.7,AVOID,AVOID,6985.42,6766.96,7422.34,7640.8,7270.5,2.0,3.0,218.46,3.13,22,153679.24,4806.12,2.11,9.01,4.4,1.27,3,6968.0,-1.16,6887.0
2026-05-24 18:26:42,2026-05-24,DRREDDY.NS,NEUTRAL,0.475,20.3,AVOID,AVOID,1379.34,1331.85,1474.32,1521.81,1415.8,2.0,3.0,47.49,3.44,105,144830.7,4986.45,2.42,-1.3,3.02,0.8,2,1375.9,-4.99,1307.2
2026-05-24 18:26:42,2026-05-24,NESTLEIND.NS,NEUTRAL,0.475,18.9,AVOID,AVOID,1501.85,1459.01,1587.53,1630.37,1554.1,2.0,3.0,42.84,2.85,116,174214.6,4969.44,2.01,1.16,3.94,0.89,2,1498.1,-5.01,1423.1
2026-05-24 18:26:42,2026-05-24,TATACONSUM.NS,NEUTRAL,0.475,25.5,AVOID,AVOID,1285.91,1236.43,1384.87,1434.35,1330.2,2.0,3.0,49.48,3.85,101,129876.91,4997.48,2.77,3.44,3.93,0.66,3,1282.7,-7.09,1191.8
2026-05-24 18:26:42,2026-05-24,HAL.NS,NEUTRAL,0.475,16.8,AVOID,AVOID,4848.39,4635.26,5274.65,5487.78,5091.0,2.0,3.0,213.13,4.4,23,111512.97,4901.99,3.25,2.1,5.86,0.98,2,4836.3,-9.67,4368.4
2026-05-24 18:26:42,2026-05-24,BHEL.NS,NEUTRAL,0.475,29.3,AVOID,AVOID,418.94,396.98,462.86,484.82,446.5,2.0,3.0,21.96,5.24,227,95099.38,4984.92,3.58,17.95,7.07,0.46,3,417.9,-2.24,408.55
2026-05-24 18:26:42,2026-05-24,ADANIPOWER.NS,NEUTRAL,0.475,20.9,AVOID,AVOID,234.99,222.65,259.67,272.01,244.61,2.0,3.0,12.34,5.25,405,95170.95,4997.7,3.75,1.33,4.65,0.69,2,234.4,-6.43,219.32
2026-05-24 18:26:42,2026-05-24,RAILTEL.NS,NEUTRAL,0.475,19.3,AVOID,AVOID,352.83,338.4,381.69,396.12,367.9,2.0,3.0,14.43,4.09,346,122079.18,4992.78,3.01,-0.4,4.99,0.43,2,351.95,-9.05,320.1
2026-05-24 18:26:42,2026-05-24,NBCC.NS,NEUTRAL,0.475,21.5,AVOID,AVOID,102.2,97.46,111.68,116.42,107.77,2.0,3.0,4.74,4.64,1054,107718.8,4995.96,3.33,0.13,6.25,0.65,3,101.95,-6.99,94.82
2026-05-24 18:26:42,2026-05-24,PNCINFRA.NS,NEUTRAL,0.475,15.6,AVOID,AVOID,229.57,217.53,253.65,265.69,245.85,2.0,3.0,12.04,5.24,415,95271.55,4996.6,3.73,-0.48,7.92,1.52,2,229.0,-5.97,215.32
2026-05-24 18:26:42,2026-05-24,POLYCAB.NS,NEUTRAL,0.475,32.9,AVOID,AVOID,9339.79,8986.48,10046.41,10399.72,9689.5,2.0,3.0,353.31,3.78,14,130757.06,4946.34,2.54,15.6,4.06,0.61,3,9316.5,-0.57,9263.5
2026-05-24 18:26:42,2026-05-24,KEI.NS,NEUTRAL,0.475,27.9,AVOID,AVOID,5338.31,5039.3,5936.33,6235.34,5700.0,2.0,3.0,299.01,5.6,16,85412.96,4784.16,3.79,8.35,7.27,0.75,3,5325.0,-1.21,5260.5
2026-05-24 18:26:42,2026-05-24,CAMS.NS,NEUTRAL,0.475,19.5,AVOID,AVOID,847.01,808.21,924.61,963.41,882.3,2.0,3.0,38.8,4.58,128,108417.28,4966.4,3.42,0.4,4.85,0.54,2,844.9,-10.38,757.2
2026-05-24 18:26:42,2026-05-24,SRF.NS,NEUTRAL,0.475,27.9,AVOID,AVOID,2839.18,2716.45,3084.64,3207.37,2929.6,2.0,3.0,122.73,4.32,40,113567.2,4909.2,3.1,5.98,3.71,0.6,3,2832.1,-6.8,2639.4
2026-05-24 18:26:42,2026-05-24,NYKAA.NS,NEUTRAL,0.475,20.2,AVOID,AVOID,286.31,274.1,310.73,322.94,305.35,2.0,3.0,12.21,4.26,409,117100.79,4993.89,2.94,3.74,7.21,2.05,3,285.6,-2.92,277.25
2026-05-24 18:26:42,2026-05-24,PAYTM.NS,NEUTRAL,0.475,17.9,AVOID,AVOID,1226.06,1155.77,1366.64,1436.93,1312.7,2.0,3.0,70.29,5.73,71,87050.26,4990.59,4.21,-0.99,7.94,0.58,2,1223.0,-9.04,1112.4
2026-05-24 18:26:42,2026-05-24,TATASTEEL.NS,NEUTRAL,0.475,15.8,AVOID,AVOID,224.96,217.27,240.34,248.03,233.69,2.0,3.0,7.69,3.42,650,146224.0,4998.5,2.45,-1.17,4.45,1.39,2,224.4,-6.78,209.19
2026-05-24 18:26:42,2026-05-24,JSWSTEEL.NS,NEUTRAL,0.475,23.7,AVOID,AVOID,1317.28,1278.57,1394.7,1433.41,1357.7,2.0,3.0,38.71,2.94,129,169929.12,4993.59,2.01,0.97,3.4,1.18,3,1314.0,-2.17,1285.5
2026-05-24 18:26:42,2026-05-24,HINDALCO.NS,NEUTRAL,0.475,24.8,AVOID,AVOID,1117.79,1073.09,1207.19,1251.89,1192.9,2.0,3.0,44.7,4.0,111,124074.69,4961.7,2.69,5.21,7.22,1.2,3,1115.0,-0.52,1109.2
2026-05-24 18:26:42,2026-05-24,ONGC.NS,NEUTRAL,0.475,22.3,AVOID,AVOID,308.27,297.2,330.41,341.48,319.85,2.0,3.0,11.07,3.59,451,139029.77,4992.57,2.55,2.18,4.18,0.65,2,307.5,-5.69,290.0
2026-05-24 18:26:42,2026-05-24,GAIL.NS,NEUTRAL,0.475,14.1,AVOID,AVOID,168.51,162.0,181.53,188.04,179.38,2.0,3.0,6.51,3.86,768,129415.68,4999.68,2.7,-2.25,7.16,1.56,2,168.09,-4.35,160.77
2026-05-24 18:26:42,2026-05-24,BHARTIARTL.NS,NEUTRAL,0.475,22.6,AVOID,AVOID,1958.68,1893.55,2088.94,2154.07,2038.3,2.0,3.0,65.13,3.33,76,148859.68,4949.88,2.32,3.57,4.44,0.84,3,1953.8,-4.22,1871.4
2026-05-24 18:26:42,2026-05-24,NAVINFLUOR.NS,NEUTRAL,0.475,29.7,AVOID,AVOID,7247.07,6987.13,7766.95,8026.89,7582.5,2.0,3.0,259.94,3.59,19,137694.33,4938.86,2.43,9.05,5.01,0.51,3,7229.0,-1.44,7125.0
2026-05-24 18:26:42,2026-05-24,MCX.NS,NEUTRAL,0.475,23.9,AVOID,AVOID,3488.7,3319.96,3826.18,3994.92,3702.7,2.0,3.0,168.74,4.84,29,101172.3,4893.46,3.44,16.29,6.63,0.98,3,3480.0,-6.04,3269.9
2026-05-25 13:11:05,2026-05-25,KOTAKBANK.NS,BULL,0.836,,,READY,396.14,381.64,425.14,439.64,414.0,2.0,3.0,14.5,3.66,120,47536.8,1740.0,2.46,4.34,4.9,0.69,3,395.15,-0.65,392.6
2026-05-25 13:11:05,2026-05-25,JSWSTEEL.NS,BULL,0.836,,,WATCH,1317.28,1279.36,1393.12,1431.04,1352.2,2.0,3.0,37.92,2.88,46,60594.88,1744.32,1.96,0.98,2.97,0.96,3,1314.0,-1.96,1288.2
2026-05-25 13:11:05,2026-05-25,MARUTI.NS,BULL,0.836,,,WATCH,14010.94,13585.9,14861.02,15286.06,14459.0,2.0,3.0,425.04,3.03,4,56043.76,1700.16,2.15,2.47,3.71,0.68,2,13976.0,-5.9,13151.0
2026-05-25 13:11:05,2026-05-25,POLYCAB.NS,BULL,0.836,,,READY,9447.56,9100.63,10141.42,10488.35,9831.5,2.0,3.0,346.93,3.67,10,94475.6,3469.3,2.46,14.16,4.41,0.56,3,9424.0,-0.42,9384.5
2026-05-25 13:11:05,2026-05-25,LT.NS,BULL,0.836,,,WATCH,4109.71,3988.43,4352.27,4473.55,4292.32,2.0,3.0,121.28,2.95,14,57535.94,1697.92,2.02,0.8,4.92,0.72,3,4099.46,-2.13,4012.0
2026-05-25 13:11:45,2026-05-25,KOTAKBANK.NS,BULL,0.835,,,READY,396.14,381.64,425.14,439.64,414.0,2.0,3.0,14.5,3.66,120,47536.8,1740.0,2.46,4.34,4.9,0.7,3,395.15,-0.66,392.55
2026-05-25 13:11:45,2026-05-25,JSWSTEEL.NS,BULL,0.835,,,WATCH,1317.28,1279.36,1393.12,1431.04,1352.2,2.0,3.0,37.92,2.88,46,60594.88,1744.32,1.96,1.02,2.97,0.96,3,1314.0,-1.93,1288.6
2026-05-25 13:11:45,2026-05-25,MARUTI.NS,BULL,0.835,,,WATCH,14010.94,13585.9,14861.02,15286.06,14459.0,2.0,3.0,425.04,3.03,4,56043.76,1700.16,2.15,2.5,3.71,0.68,2,13976.0,-5.89,13153.0
2026-05-25 13:11:45,2026-05-25,POLYCAB.NS,BULL,0.835,,,READY,9447.56,9100.63,10141.42,10488.35,9831.5,2.0,3.0,346.93,3.67,10,94475.6,3469.3,2.47,14.14,4.41,0.56,3,9424.0,-0.45,9381.5
2026-05-25 13:11:45,2026-05-25,LT.NS,BULL,0.835,,,WATCH,4109.71,3988.43,4352.27,4473.55,4292.32,2.0,3.0,121.28,2.95,14,57535.94,1697.92,2.02,0.81,4.92,0.72,3,4099.46,-2.13,4012.0
2026-05-25 13:13:29,2026-05-25,KOTAKBANK.NS,BULL,0.835,,,READY,396.14,381.64,425.14,439.64,414.0,2.0,3.0,14.5,3.66,120,47536.8,1740.0,2.46,4.32,4.9,0.7,3,395.15,-0.67,392.5
2026-05-25 13:13:29,2026-05-25,JSWSTEEL.NS,BULL,0.835,,,WATCH,1317.28,1279.36,1393.12,1431.04,1352.2,2.0,3.0,37.92,2.88,46,60594.88,1744.32,1.96,0.93,2.97,0.96,3,1314.0,-2.02,1287.5
2026-05-25 13:13:29,2026-05-25,MARUTI.NS,BULL,0.835,,,WATCH,14010.94,13585.9,14861.02,15286.06,14459.0,2.0,3.0,425.04,3.03,4,56043.76,1700.16,2.15,2.51,3.71,0.68,2,13976.0,-5.87,13155.0
2026-05-25 13:13:29,2026-05-25,POLYCAB.NS,BULL,0.835,,,READY,9447.56,9100.63,10141.42,10488.35,9831.5,2.0,3.0,346.93,3.67,10,94475.6,3469.3,2.47,14.03,4.41,0.56,3,9424.0,-0.54,9373.0
2026-05-25 13:13:29,2026-05-25,LT.NS,BULL,0.835,,,WATCH,4109.71,3988.43,4352.27,4473.55,4292.32,2.0,3.0,121.28,2.95,14,57535.94,1697.92,2.02,0.78,4.92,0.72,3,4099.46,-2.16,4011.0
2026-05-25 14:40:01,2026-05-25,KOTAKBANK.NS,BULL,0.841,,,READY,396.14,381.64,425.14,439.64,414.0,2.0,3.0,14.5,3.66,120,47536.8,1740.0,2.47,3.8,4.91,0.72,3,395.15,-1.09,390.85
2026-05-25 14:40:01,2026-05-25,JSWSTEEL.NS,BULL,0.841,,,WATCH,1317.28,1279.36,1393.12,1431.04,1352.2,2.0,3.0,37.92,2.88,46,60594.88,1744.32,1.96,0.8,2.97,0.98,3,1314.0,-2.06,1286.9
2026-05-25 14:40:01,2026-05-25,MARUTI.NS,BULL,0.841,,,WATCH,14010.94,13585.9,14861.02,15286.06,14459.0,2.0,3.0,425.04,3.03,4,56043.76,1700.16,2.15,2.39,3.71,0.7,2,13976.0,-5.91,13150.0
2026-05-25 14:40:01,2026-05-25,POLYCAB.NS,BULL,0.841,,,READY,9447.56,9100.63,10141.42,10488.35,9831.5,2.0,3.0,346.93,3.67,10,94475.6,3469.3,2.46,14.32,4.41,0.57,3,9424.0,-0.22,9403.5
2026-05-25 14:40:01,2026-05-25,LT.NS,BULL,0.841,,,WATCH,4109.71,3988.43,4352.27,4473.55,4292.32,2.0,3.0,121.28,2.95,14,57535.94,1697.92,2.01,1.14,4.92,0.74,3,4099.46,-1.73,4028.5
2026-05-25 14:49:29,2026-05-25,KOTAKBANK.NS,BULL,0.848,,,READY,396.14,381.64,425.14,439.64,414.0,2.0,3.0,14.5,3.66,120,47536.8,1740.0,2.47,4.04,4.9,0.72,3,395.15,-0.78,392.05
2026-05-25 14:49:29,2026-05-25,JSWSTEEL.NS,BULL,0.848,,,WATCH,1317.28,1279.36,1393.12,1431.04,1352.2,2.0,3.0,37.92,2.88,46,60594.88,1744.32,1.96,0.87,2.97,0.98,3,1314.0,-1.91,1288.9
2026-05-25 14:49:29,2026-05-25,MARUTI.NS,BULL,0.848,,,WATCH,14010.94,13585.9,14861.02,15286.06,14459.0,2.0,3.0,425.04,3.03,4,56043.76,1700.16,2.16,2.28,3.71,0.7,2,13976.0,-5.94,13146.0
2026-05-25 14:49:29,2026-05-25,POLYCAB.NS,BULL,0.848,,,READY,9447.56,9100.63,10141.42,10488.35,9831.5,2.0,3.0,346.93,3.67,10,94475.6,3469.3,2.46,14.18,4.41,0.57,3,9424.0,-0.27,9399.0
2026-05-25 14:49:29,2026-05-25,LT.NS,BULL,0.848,,,WATCH,4109.71,3988.43,4352.27,4473.55,4292.32,2.0,3.0,121.28,2.95,14,57535.94,1697.92,2.01,1.13,4.92,0.74,3,4099.46,-1.66,4031.5
2026-05-25 14:54:31,2026-05-25,KOTAKBANK.NS,BULL,0.851,,,READY,396.14,381.64,425.14,439.64,414.0,2.0,3.0,14.5,3.66,120,47536.8,1740.0,2.46,4.06,4.9,0.72,3,395.15,-0.73,392.25
2026-05-25 14:54:31,2026-05-25,JSWSTEEL.NS,BULL,0.851,,,WATCH,1317.28,1279.36,1393.12,1431.04,1352.2,2.0,3.0,37.92,2.88,46,60594.88,1744.32,1.96,0.92,2.97,0.98,3,1314.0,-1.84,1289.8
2026-05-25 14:54:31,2026-05-25,MARUTI.NS,BULL,0.851,,,WATCH,14010.94,13585.9,14861.02,15286.06,14459.0,2.0,3.0,425.04,3.03,4,56043.76,1700.16,2.15,2.32,3.71,0.7,2,13976.0,-5.87,13155.0
2026-05-25 14:54:31,2026-05-25,POLYCAB.NS,BULL,0.851,,,READY,9447.56,9100.63,10141.42,10488.35,9831.5,2.0,3.0,346.93,3.67,10,94475.6,3469.3,2.46,14.18,4.41,0.57,3,9424.0,-0.24,9401.5
2026-05-25 14:54:31,2026-05-25,LT.NS,BULL,0.851,,,WATCH,4109.71,3988.43,4352.27,4473.55,4292.32,2.0,3.0,121.28,2.95,14,57535.94,1697.92,2.0,1.12,4.92,0.74,3,4099.46,-1.63,4032.6
2026-05-25 14:56:19,2026-05-25,KOTAKBANK.NS,BULL,0.851,,,READY,396.14,381.64,425.14,439.64,414.0,2.0,3.0,14.5,3.66,120,47536.8,1740.0,2.46,4.07,4.9,0.72,3,395.15,-0.71,392.35
2026-05-25 14:56:19,2026-05-25,JSWSTEEL.NS,BULL,0.851,,,WATCH,1317.28,1279.36,1393.12,1431.04,1352.2,2.0,3.0,37.92,2.88,46,60594.88,1744.32,1.96,0.9,2.97,0.98,3,1314.0,-1.84,1289.8
2026-05-25 14:56:19,2026-05-25,MARUTI.NS,BULL,0.851,,,WATCH,14010.94,13585.9,14861.02,15286.06,14459.0,2.0,3.0,425.04,3.03,4,56043.76,1700.16,2.15,2.37,3.71,0.7,2,13976.0,-5.82,13163.0
2026-05-25 14:56:19,2026-05-25,POLYCAB.NS,BULL,0.851,,,READY,9447.56,9100.63,10141.42,10488.35,9831.5,2.0,3.0,346.93,3.67,10,94475.6,3469.3,2.46,14.19,4.41,0.57,3,9424.0,-0.22,9403.0
2026-05-25 14:56:19,2026-05-25,LT.NS,BULL,0.851,,,WATCH,4109.71,3988.43,4352.27,4473.55,4292.32,2.0,3.0,121.28,2.95,14,57535.94,1697.92,2.0,1.11,4.92,0.74,3,4099.46,-1.63,4032.6
2026-05-25 15:00:40,2026-05-25,KOTAKBANK.NS,BULL,0.852,,,READY,396.14,381.64,425.14,439.64,414.0,2.0,3.0,14.5,3.66,120,47536.8,1740.0,2.47,3.98,4.9,0.72,3,395.15,-0.78,392.05
2026-05-25 15:00:40,2026-05-25,JSWSTEEL.NS,BULL,0.852,,,WATCH,1317.28,1279.36,1393.12,1431.04,1352.2,2.0,3.0,37.92,2.88,46,60594.88,1744.32,1.96,0.86,2.97,0.98,3,1314.0,-1.87,1289.4
2026-05-25 15:00:40,2026-05-25,MARUTI.NS,BULL,0.852,,,WATCH,14010.94,13585.9,14861.02,15286.06,14459.0,2.0,3.0,425.04,3.03,4,56043.76,1700.16,2.15,2.41,3.71,0.7,2,13976.0,-5.77,13170.0
2026-05-25 15:00:40,2026-05-25,POLYCAB.NS,BULL,0.852,,,READY,9447.56,9100.63,10141.42,10488.35,9831.5,2.0,3.0,346.93,3.67,10,94475.6,3469.3,2.46,14.15,4.41,0.57,3,9424.0,-0.24,9401.0
2026-05-25 15:00:40,2026-05-25,LT.NS,BULL,0.852,,,WATCH,4109.71,3988.43,4352.27,4473.55,4292.32,2.0,3.0,121.28,2.95,14,57535.94,1697.92,2.0,1.13,4.92,0.75,3,4099.46,-1.61,4033.6
2026-05-25 15:13:25,2026-05-25,KOTAKBANK.NS,BULL,0.853,,,READY,396.14,381.64,425.14,439.64,414.0,2.0,3.0,14.5,3.66,120,47536.8,1740.0,2.46,4.18,4.9,0.73,3,395.15,-0.59,392.8
2026-05-25 15:13:25,2026-05-25,JSWSTEEL.NS,BULL,0.853,,,WATCH,1317.28,1279.36,1393.12,1431.04,1352.2,2.0,3.0,37.92,2.88,46,60594.88,1744.32,1.96,0.89,2.97,0.99,3,1314.0,-1.83,1289.9
2026-05-25 15:13:25,2026-05-25,MARUTI.NS,BULL,0.853,,,WATCH,14010.94,13585.9,14861.02,15286.06,14459.0,2.0,3.0,425.04,3.03,4,56043.76,1700.16,2.15,2.4,3.71,0.71,2,13976.0,-5.77,13170.0
2026-05-25 15:13:25,2026-05-25,POLYCAB.NS,BULL,0.853,,,READY,9447.56,9100.63,10141.42,10488.35,9831.5,2.0,3.0,346.93,3.67,10,94475.6,3469.3,2.46,14.16,4.41,0.58,3,9424.0,-0.23,9402.0
2026-05-25 17:33:09,2026-05-25,KOTAKBANK.NS,BULL,0.852,,,READY,396.14,381.64,425.14,439.64,414.0,2.0,3.0,14.5,3.66,120,47536.8,1740.0,2.46,4.2,4.9,0.74,3,395.15,-0.58,392.85
2026-05-25 17:33:09,2026-05-25,JSWSTEEL.NS,BULL,0.852,,,WATCH,1317.28,1279.36,1393.12,1431.04,1352.2,2.0,3.0,37.92,2.88,46,60594.88,1744.32,1.96,0.86,2.97,1.0,3,1314.0,-1.87,1289.4
2026-05-25 17:33:09,2026-05-25,MARUTI.NS,BULL,0.852,,,WATCH,14010.94,13585.9,14861.02,15286.06,14459.0,2.0,3.0,425.04,3.03,4,56043.76,1700.16,2.15,2.41,3.71,0.72,2,13976.0,-5.77,13170.0
2026-05-25 17:33:09,2026-05-25,POLYCAB.NS,BULL,0.852,,,READY,9447.56,9100.63,10141.42,10488.35,9831.5,2.0,3.0,346.93,3.67,10,94475.6,3469.3,2.46,14.12,4.41,0.59,3,9424.0,-0.27,9398.5
2026-05-26 09:20:00,2026-05-26,HDFCBANK.NS,BULL,0.844,,,WATCH,803.55,779.79,851.07,874.83,834.6,2.0,3.0,23.76,2.96,73,58659.15,1734.48,2.01,1.06,4.28,0.7,2,801.55,-1.74,787.6
2026-05-26 09:20:00,2026-05-26,KOTAKBANK.NS,BULL,0.844,,,READY,396.14,382.95,422.52,435.71,414.0,2.0,3.0,13.19,3.33,132,52290.48,1741.08,2.25,2.43,4.88,0.52,3,395.15,-0.94,391.45
2026-05-26 09:20:00,2026-05-26,JSWSTEEL.NS,BULL,0.844,,,WATCH,1317.28,1281.3,1389.24,1425.22,1349.9,2.0,3.0,35.98,2.73,48,63229.44,1727.04,1.86,0.59,2.79,0.92,3,1314.0,-1.99,1287.9
2026-05-26 09:20:00,2026-05-26,TECHM.NS,BULL,0.844,,,WATCH,1510.57,1450.89,1629.93,1689.61,1577.2,2.0,3.0,59.68,3.95,29,43806.53,1730.72,2.75,-0.9,4.91,0.46,3,1506.8,-3.94,1447.4
2026-05-26 09:20:00,2026-05-26,MARUTI.NS,BULL,0.844,,,WATCH,14010.94,13622.01,14788.8,15177.73,14459.0,2.0,3.0,388.93,2.78,4,56043.76,1555.72,1.97,-0.63,3.7,0.62,2,13976.0,-5.7,13180.0
2026-05-26 09:20:00,2026-05-26,POLYCAB.NS,BULL,0.844,,,READY,9447.56,9113.81,10115.06,10448.81,9831.5,2.0,3.0,333.75,3.53,11,103923.16,3671.25,2.36,15.59,4.38,0.46,3,9424.0,-0.01,9423.0
2026-05-26 09:20:00,2026-05-26,LT.NS,BULL,0.844,,,WATCH,4109.71,4002.77,4323.59,4430.53,4292.32,2.0,3.0,106.94,2.6,16,65755.36,1711.04,1.77,-0.78,4.88,0.59,3,4099.46,-1.78,4026.6
2026-05-26 09:23:46,2026-05-26,HDFCBANK.NS,BULL,0.848,,,WATCH,803.55,779.72,851.21,875.04,835.2,2.0,3.0,23.83,2.97,73,58659.15,1739.59,2.02,1.03,4.36,0.71,2,801.55,-1.72,787.8
2026-05-26 09:23:46,2026-05-26,KOTAKBANK.NS,BULL,0.848,,,READY,396.14,382.74,422.94,436.34,414.0,2.0,3.0,13.4,3.38,130,51498.2,1742.0,2.28,2.35,4.88,0.52,3,395.15,-0.96,391.35
2026-05-26 09:23:46,2026-05-26,JSWSTEEL.NS,BULL,0.848,,,WATCH,1317.28,1281.3,1389.24,1425.22,1349.9,2.0,3.0,35.98,2.73,48,63229.44,1727.04,1.86,0.45,2.79,0.92,3,1314.0,-2.08,1286.7
2026-05-26 09:23:46,2026-05-26,TECHM.NS,BULL,0.848,,,WATCH,1510.57,1450.76,1630.19,1690.0,1577.2,2.0,3.0,59.81,3.96,29,43806.53,1734.49,2.76,-1.18,4.92,0.46,3,1506.8,-4.17,1444.0
2026-05-26 09:23:46,2026-05-26,MARUTI.NS,BULL,0.848,,,WATCH,14010.94,13620.08,14792.66,15183.52,14459.0,2.0,3.0,390.86,2.79,4,56043.76,1563.44,1.97,-0.54,3.69,0.62,2,13976.0,-5.57,13198.0
2026-05-26 09:23:46,2026-05-26,POLYCAB.NS,BULL,0.848,,,READY,9448.56,9114.6,10116.48,10450.44,9833.5,2.0,3.0,333.96,3.53,11,103934.16,3673.56,2.37,15.38,4.4,0.46,3,9425.0,-0.16,9409.5
2026-05-26 09:23:46,2026-05-26,LT.NS,BULL,0.848,,,WATCH,4109.71,4002.77,4323.59,4430.53,4292.32,2.0,3.0,106.94,2.6,16,65755.36,1711.04,1.77,-0.92,4.88,0.6,3,4099.46,-1.86,4023.3
2026-05-26 09:26:39,2026-05-26,HDFCBANK.NS,BULL,0.848,,,WATCH,803.55,779.72,851.21,875.04,835.2,2.0,3.0,23.83,2.97,73,58659.15,1739.59,2.02,0.91,4.36,0.71,2,801.55,-1.83,786.9
2026-05-26 09:26:39,2026-05-26,KOTAKBANK.NS,BULL,0.848,,,READY,396.14,382.7,423.02,436.46,414.0,2.0,3.0,13.44,3.39,130,51498.2,1747.2,2.29,2.13,4.88,0.52,3,395.15,-1.18,390.5
2026-05-26 09:26:39,2026-05-26,M&M.NS,BULL,0.848,,,WATCH,3407.5,3287.84,3646.82,3766.48,3539.7,2.0,3.0,119.66,3.51,14,47705.0,1675.24,2.55,-0.77,4.52,0.66,2,3399.0,-7.88,3131.0
2026-05-26 09:26:39,2026-05-26,JSWSTEEL.NS,BULL,0.848,,,WATCH,1317.28,1281.3,1389.24,1425.22,1349.9,2.0,3.0,35.98,2.73,48,63229.44,1727.04,1.86,0.42,2.79,0.92,3,1314.0,-2.1,1286.4
2026-05-26 09:26:39,2026-05-26,TECHM.NS,BULL,0.848,,,WATCH,1510.57,1450.76,1630.19,1690.0,1577.2,2.0,3.0,59.81,3.96,29,43806.53,1734.49,2.77,-1.33,4.92,0.46,3,1506.8,-4.31,1441.9
2026-05-26 09:26:39,2026-05-26,MARUTI.NS,BULL,0.848,,,WATCH,14010.94,13617.73,14797.36,15190.57,14459.0,2.0,3.0,393.21,2.81,4,56043.76,1572.84,1.98,-0.43,3.69,0.62,2,13976.0,-5.46,13213.0
2026-05-26 09:26:39,2026-05-26,POLYCAB.NS,BULL,0.848,,,READY,9448.56,9114.6,10116.48,10450.44,9833.5,2.0,3.0,333.96,3.53,11,103934.16,3673.56,2.37,15.31,4.4,0.46,3,9425.0,-0.22,9404.5
2026-05-26 09:26:39,2026-05-26,LT.NS,BULL,0.848,,,WATCH,4109.71,4002.77,4323.59,4430.53,4292.32,2.0,3.0,106.94,2.6,16,65755.36,1711.04,1.77,-0.81,4.88,0.6,3,4099.46,-1.76,4027.5
2026-05-26 09:34:43,2026-05-26,HDFCBANK.NS,BULL,0.853,,,WATCH,803.55,779.6,851.45,875.4,836.3,2.0,3.0,23.95,2.98,73,58659.15,1748.35,2.02,1.24,4.5,0.71,2,801.55,-1.45,789.9
2026-05-26 09:34:43,2026-05-26,KOTAKBANK.NS,BULL,0.853,,,READY,396.14,382.7,423.02,436.46,414.0,2.0,3.0,13.44,3.39,130,51498.2,1747.2,2.29,2.17,4.88,0.53,3,395.15,-1.08,390.9
2026-05-26 09:34:43,2026-05-26,JSWSTEEL.NS,BULL,0.853,,,WATCH,1317.28,1281.3,1389.24,1425.22,1349.9,2.0,3.0,35.98,2.73,48,63229.44,1727.04,1.87,0.32,2.79,0.92,3,1314.0,-2.14,1285.9
2026-05-26 09:34:43,2026-05-26,TECHM.NS,BULL,0.853,,,WATCH,1510.57,1450.76,1630.19,1690.0,1577.2,2.0,3.0,59.81,3.96,29,43806.53,1734.49,2.77,-1.59,4.92,0.46,3,1506.8,-4.5,1439.0
2026-05-26 09:34:43,2026-05-26,MARUTI.NS,BULL,0.853,,,WATCH,14010.94,13617.51,14797.8,15191.23,14459.0,2.0,3.0,393.43,2.81,4,56043.76,1573.72,1.99,-0.61,3.69,0.62,2,13976.0,-5.57,13198.0
2026-05-26 09:34:43,2026-05-26,POLYCAB.NS,BULL,0.853,,,READY,9448.56,9114.6,10116.48,10450.44,9833.5,2.0,3.0,333.96,3.53,11,103934.16,3673.56,2.37,15.06,4.4,0.47,3,9425.0,-0.38,9389.0
2026-05-26 09:34:43,2026-05-26,LT.NS,BULL,0.853,,,WATCH,4109.71,4002.6,4323.93,4431.04,4292.32,2.0,3.0,107.11,2.61,16,65755.36,1713.76,1.77,-0.94,4.88,0.6,3,4099.46,-1.82,4024.8
2026-05-26 09:57:58,2026-05-26,HDFCBANK.NS,BULL,0.851,,,WATCH,803.55,779.5,851.65,875.7,837.25,2.0,3.0,24.05,2.99,72,57855.6,1731.6,2.04,0.92,4.63,0.72,2,801.55,-1.8,787.15
2026-05-26 09:57:58,2026-05-26,KOTAKBANK.NS,BULL,0.851,,,WATCH,396.14,382.59,423.24,436.79,414.0,2.0,3.0,13.55,3.42,129,51102.06,1747.95,2.32,1.82,4.88,0.53,3,395.15,-1.44,389.45
2026-05-26 09:57:58,2026-05-26,BHARTIARTL.NS,BULL,0.851,,,WATCH,1958.68,1897.1,2081.84,2143.42,2012.1,2.0,3.0,61.58,3.14,28,54843.04,1724.24,2.2,-1.51,3.1,0.53,3,1953.8,-4.69,1862.1
2026-05-26 09:57:58,2026-05-26,LT.NS,BULL,0.851,,,WATCH,4109.71,4002.6,4323.93,4431.04,4292.32,2.0,3.0,107.11,2.61,16,65755.36,1713.76,1.77,-0.9,4.88,0.6,3,4099.46,-1.81,4025.1
2026-05-26 09:57:58,2026-05-26,JSWSTEEL.NS,BULL,0.851,,,WATCH,1317.28,1281.3,1389.24,1425.22,1349.9,2.0,3.0,35.98,2.73,48,63229.44,1727.04,1.86,0.6,2.79,0.93,3,1314.0,-1.89,1289.1
2026-05-26 09:57:58,2026-05-26,MARUTI.NS,BULL,0.851,,,WATCH,14010.94,13612.26,14808.3,15206.98,14494.0,2.0,3.0,398.68,2.85,4,56043.76,1594.72,2.01,-0.19,3.96,0.63,2,13976.0,-5.2,13249.0
2026-05-26 09:57:58,2026-05-26,M&M.NS,BULL,0.851,,,WATCH,3407.5,3287.84,3646.82,3766.48,3539.7,2.0,3.0,119.66,3.51,14,47705.0,1675.24,2.55,-0.77,4.52,0.67,2,3399.0,-7.86,3132.0
2026-05-26 09:57:58,2026-05-26,SUNPHARMA.NS,BULL,0.851,,,WATCH,1921.39,1865.2,2033.77,2089.96,1996.6,2.0,3.0,56.19,2.92,31,59563.09,1741.89,2.05,2.62,4.31,0.68,2,1916.6,-4.64,1827.6
2026-05-26 09:57:58,2026-05-26,TECHM.NS,BULL,0.851,,,WATCH,1510.57,1450.68,1630.35,1690.24,1577.2,2.0,3.0,59.89,3.96,29,43806.53,1736.81,2.77,-1.31,4.92,0.47,3,1506.8,-4.27,1442.5
2026-05-26 09:57:58,2026-05-26,BAJFINANCE.NS,BULL,0.851,,,WATCH,994.73,961.75,1060.69,1093.67,1034.0,2.0,3.0,32.98,3.32,53,52720.69,1747.94,2.35,0.44,4.51,0.8,3,992.25,-5.74,935.3
2026-05-26 09:57:58,2026-05-26,BAJAJ-AUTO.NS,BULL,0.851,,,WATCH,10811.96,10423.67,11588.54,11976.83,11476.5,2.0,3.0,388.29,3.59,4,43247.84,1553.16,2.47,9.62,6.57,0.8,3,10785.0,-2.88,10474.0
2026-05-26 09:57:58,2026-05-26,ADANIENT.NS,BULL,0.851,,,READY,2885.9,2749.82,3158.06,3294.14,3073.4,2.0,3.0,136.08,4.72,27,77919.3,3674.16,3.16,18.3,7.03,0.57,3,2878.7,-0.2,2873.0
2026-05-26 09:57:58,2026-05-26,ADANIPORTS.NS,BULL,0.851,,,READY,1828.46,1760.31,1964.76,2032.91,1894.0,2.0,3.0,68.15,3.73,55,100565.3,3748.25,2.51,8.67,3.91,0.4,3,1823.9,-0.91,1807.3
2026-05-26 09:57:58,2026-05-26,POLYCAB.NS,BULL,0.851,,,READY,9448.56,9114.6,10116.48,10450.44,9833.5,2.0,3.0,333.96,3.53,11,103934.16,3673.56,2.37,15.22,4.4,0.47,3,9425.0,-0.28,9399.0
2026-05-26 09:57:58,2026-05-26,GRASIM.NS,BULL,0.851,,,READY,3200.28,3090.59,3419.66,3529.35,3504.0,2.0,3.0,109.69,3.43,15,48004.2,1645.35,2.3,13.31,9.97,1.48,3,3192.3,-0.39,3179.9
2026-05-26 09:57:58,2026-05-26,COALINDIA.NS,BULL,0.851,,,WATCH,492.48,476.02,525.4,541.86,505.1,2.0,3.0,16.46,3.34,106,52202.88,1744.76,2.36,-3.16,3.01,0.65,2,491.25,-5.27,465.35
2026-05-26 09:57:58,2026-05-26,HAL.NS,BULL,0.851,,,WATCH,4848.39,4645.76,5253.65,5456.28,5034.5,2.0,3.0,202.63,4.18,8,38787.12,1621.04,3.05,1.59,4.52,0.64,2,4836.3,-8.48,4426.3
2026-05-26 09:57:58,2026-05-26,CUMMINSIND.NS,BULL,0.851,,,WATCH,5484.18,5296.14,5860.26,6048.3,5741.5,2.0,3.0,188.04,3.43,9,49357.62,1692.36,2.33,1.64,5.04,0.76,3,5470.5,-1.63,5381.5
2026-05-26 09:57:58,2026-05-26,OIL.NS,BULL,0.851,,,WATCH,532.33,510.55,575.89,597.67,561.95,2.0,3.0,21.78,4.09,80,42586.4,1742.4,2.94,0.15,6.23,0.39,3,531.0,-6.92,494.25
2026-05-26 09:57:58,2026-05-26,PERSISTENT.NS,BULL,0.851,,,WATCH,5200.67,4949.45,5703.11,5954.33,5411.7,2.0,3.0,251.22,4.83,6,31204.02,1507.32,3.31,5.24,4.45,0.66,2,5187.7,-2.38,5064.0
2026-05-26 09:57:58,2026-05-26,COFORGE.NS,BULL,0.851,,,WATCH,1450.62,1373.28,1605.3,1682.64,1525.3,2.0,3.0,77.34,5.33,48,69629.76,3712.32,3.69,16.0,5.62,0.5,3,1447.0,-3.37,1398.2
2026-05-26 09:58:47,2026-05-26,HDFCBANK.NS,BULL,0.85,,,WATCH,803.55,779.5,851.65,875.7,837.25,2.0,3.0,24.05,2.99,72,57855.6,1731.6,2.04,0.82,4.63,0.72,2,801.55,-1.9,786.3
2026-05-26 09:58:47,2026-05-26,KOTAKBANK.NS,BULL,0.85,,,WATCH,396.14,382.52,423.38,437.0,414.0,2.0,3.0,13.62,3.44,128,50705.92,1743.36,2.33,1.7,4.88,0.53,3,395.15,-1.57,388.95
2026-05-26 09:58:47,2026-05-26,BHARTIARTL.NS,BULL,0.85,,,WATCH,1958.68,1897.1,2081.84,2143.42,2012.1,2.0,3.0,61.58,3.14,28,54843.04,1724.24,2.2,-1.44,3.1,0.53,3,1953.8,-4.64,1863.2
2026-05-26 09:58:47,2026-05-26,LT.NS,BULL,0.85,,,WATCH,4109.71,4002.6,4323.93,4431.04,4292.32,2.0,3.0,107.11,2.61,16,65755.36,1713.76,1.77,-0.92,4.88,0.6,3,4099.46,-1.85,4023.7
2026-05-26 09:58:47,2026-05-26,JSWSTEEL.NS,BULL,0.85,,,WATCH,1317.28,1281.26,1389.32,1425.34,1349.9,2.0,3.0,36.02,2.73,48,63229.44,1728.96,1.86,0.77,2.79,0.93,3,1314.0,-1.75,1291.0
2026-05-26 09:58:47,2026-05-26,MARUTI.NS,BULL,0.85,,,WATCH,14010.94,13612.26,14808.3,15206.98,14494.0,2.0,3.0,398.68,2.85,4,56043.76,1594.72,2.01,-0.23,3.96,0.64,2,13976.0,-5.25,13242.0
2026-05-26 09:58:47,2026-05-26,M&M.NS,BULL,0.85,,,WATCH,3407.5,3287.84,3646.82,3766.48,3539.7,2.0,3.0,119.66,3.51,14,47705.0,1675.24,2.55,-0.76,4.52,0.67,2,3399.0,-7.86,3132.0
2026-05-26 09:58:47,2026-05-26,SUNPHARMA.NS,BULL,0.85,,,WATCH,1921.39,1865.2,2033.77,2089.96,1996.6,2.0,3.0,56.19,2.92,31,59563.09,1741.89,2.05,2.6,4.31,0.69,2,1916.6,-4.67,1827.0
2026-05-26 09:58:47,2026-05-26,TECHM.NS,BULL,0.85,,,WATCH,1510.57,1450.68,1630.35,1690.24,1577.2,2.0,3.0,59.89,3.96,29,43806.53,1736.81,2.77,-1.32,4.92,0.47,3,1506.8,-4.28,1442.3
2026-05-26 09:58:47,2026-05-26,ASIANPAINT.NS,BULL,0.85,,,WATCH,2690.81,2600.1,2872.23,2962.94,2806.2,2.0,3.0,90.71,3.37,19,51125.39,1723.49,2.28,8.11,4.64,0.81,3,2684.1,-1.32,2648.6
2026-05-26 09:58:47,2026-05-26,BAJFINANCE.NS,BULL,0.85,,,WATCH,994.73,961.75,1060.69,1093.67,1034.0,2.0,3.0,32.98,3.32,53,52720.69,1747.94,2.35,0.35,4.51,0.8,3,992.25,-5.84,934.35
2026-05-26 09:58:47,2026-05-26,BAJAJ-AUTO.NS,BULL,0.85,,,WATCH,10811.96,10423.67,11588.54,11976.83,11476.5,2.0,3.0,388.29,3.59,4,43247.84,1553.16,2.48,9.43,6.57,0.8,3,10785.0,-3.06,10455.0
2026-05-26 09:58:47,2026-05-26,ADANIENT.NS,BULL,0.85,,,READY,2885.9,2749.82,3158.06,3294.14,3073.4,2.0,3.0,136.08,4.72,27,77919.3,3674.16,3.16,18.28,7.03,0.57,3,2878.7,-0.23,2872.1
2026-05-26 09:58:47,2026-05-26,ADANIPORTS.NS,BULL,0.85,,,READY,1828.46,1760.31,1964.76,2032.91,1894.0,2.0,3.0,68.15,3.73,55,100565.3,3748.25,2.51,8.68,3.91,0.4,3,1823.9,-0.92,1807.2
2026-05-26 09:58:47,2026-05-26,POLYCAB.NS,BULL,0.85,,,READY,9448.56,9114.6,10116.48,10450.44,9833.5,2.0,3.0,333.96,3.53,11,103934.16,3673.56,2.37,15.19,4.4,0.47,3,9425.0,-0.31,9396.0
2026-05-26 09:58:47,2026-05-26,GRASIM.NS,BULL,0.85,,,READY,3200.28,3090.59,3419.66,3529.35,3504.0,2.0,3.0,109.69,3.43,15,48004.2,1645.35,2.3,13.33,9.97,1.48,3,3192.3,-0.39,3180.0
2026-05-26 09:58:47,2026-05-26,COALINDIA.NS,BULL,0.85,,,WATCH,492.48,476.02,525.4,541.86,505.1,2.0,3.0,16.46,3.34,106,52202.88,1744.76,2.36,-3.11,3.01,0.65,2,491.25,-5.23,465.55
2026-05-26 09:58:47,2026-05-26,HAL.NS,BULL,0.85,,,WATCH,4848.39,4645.76,5253.65,5456.28,5034.5,2.0,3.0,202.63,4.18,8,38787.12,1621.04,3.05,1.56,4.52,0.64,2,4836.3,-8.52,4424.4
2026-05-26 09:58:47,2026-05-26,CUMMINSIND.NS,BULL,0.85,,,WATCH,5484.18,5296.14,5860.26,6048.3,5741.5,2.0,3.0,188.04,3.43,9,49357.62,1692.36,2.33,1.59,5.04,0.76,3,5470.5,-1.69,5378.0
2026-05-26 09:58:47,2026-05-26,OIL.NS,BULL,0.85,,,WATCH,532.33,510.55,575.89,597.67,561.95,2.0,3.0,21.78,4.09,80,42586.4,1742.4,2.93,0.29,6.23,0.39,3,531.0,-6.81,494.85
2026-05-26 09:58:47,2026-05-26,PERSISTENT.NS,BULL,0.85,,,WATCH,5200.67,4949.45,5703.11,5954.33,5411.7,2.0,3.0,251.22,4.83,6,31204.02,1507.32,3.31,5.27,4.45,0.66,2,5187.7,-2.37,5064.9
2026-05-26 09:58:47,2026-05-26,COFORGE.NS,BULL,0.85,,,WATCH,1450.62,1373.28,1605.3,1682.64,1525.3,2.0,3.0,77.34,5.33,48,69629.76,3712.32,3.69,16.0,5.62,0.5,3,1447.0,-3.39,1398.0
2026-05-26 10:01:45,2026-05-26,HDFCBANK.NS,BULL,0.85,,,WATCH,803.55,779.5,851.65,875.7,837.25,2.0,3.0,24.05,2.99,72,57855.6,1731.6,2.04,0.76,4.63,0.72,2,801.55,-1.95,785.9
2026-05-26 10:01:45,2026-05-26,KOTAKBANK.NS,BULL,0.85,,,WATCH,396.14,382.47,423.48,437.15,414.0,2.0,3.0,13.67,3.45,128,50705.92,1749.76,2.34,1.71,4.88,0.53,3,395.15,-1.56,389.0
2026-05-26 10:01:45,2026-05-26,BHARTIARTL.NS,BULL,0.85,,,WATCH,1958.68,1897.1,2081.84,2143.42,2012.1,2.0,3.0,61.58,3.14,28,54843.04,1724.24,2.2,-1.48,3.1,0.53,3,1953.8,-4.67,1862.5
2026-05-26 10:01:45,2026-05-26,LT.NS,BULL,0.85,,,WATCH,4109.71,4002.6,4323.93,4431.04,4292.32,2.0,3.0,107.11,2.61,16,65755.36,1713.76,1.77,-0.91,4.88,0.6,3,4099.46,-1.83,4024.6
2026-05-26 10:01:45,2026-05-26,JSWSTEEL.NS,BULL,0.85,,,WATCH,1317.28,1280.43,1390.98,1427.83,1351.4,2.0,3.0,36.85,2.8,47,61912.16,1731.95,1.9,1.16,2.91,0.93,3,1314.0,-1.36,1296.1
2026-05-26 10:01:45,2026-05-26,MARUTI.NS,BULL,0.85,,,WATCH,14010.94,13612.26,14808.3,15206.98,14494.0,2.0,3.0,398.68,2.85,4,56043.76,1594.72,2.01,-0.28,3.96,0.64,2,13976.0,-5.29,13237.0
2026-05-26 10:01:45,2026-05-26,M&M.NS,BULL,0.85,,,WATCH,3407.5,3287.84,3646.82,3766.48,3539.7,2.0,3.0,119.66,3.51,14,47705.0,1675.24,2.55,-0.72,4.52,0.67,2,3399.0,-7.81,3133.5
2026-05-26 10:01:45,2026-05-26,SUNPHARMA.NS,BULL,0.85,,,WATCH,1921.39,1865.2,2033.77,2089.96,1996.6,2.0,3.0,56.19,2.92,31,59563.09,1741.89,2.05,2.61,4.31,0.69,2,1916.6,-4.66,1827.3
2026-05-26 10:01:45,2026-05-26,TECHM.NS,BULL,0.85,,,WATCH,1510.57,1450.68,1630.35,1690.24,1577.2,2.0,3.0,59.89,3.96,29,43806.53,1736.81,2.77,-1.37,4.92,0.47,3,1506.8,-4.33,1441.6
2026-05-26 10:01:45,2026-05-26,ASIANPAINT.NS,BULL,0.85,,,WATCH,2690.81,2600.1,2872.23,2962.94,2806.2,2.0,3.0,90.71,3.37,19,51125.39,1723.49,2.28,8.14,4.64,0.81,3,2684.1,-1.29,2649.5
2026-05-26 10:01:45,2026-05-26,BAJFINANCE.NS,BULL,0.85,,,WATCH,994.73,961.68,1060.83,1093.88,1034.0,2.0,3.0,33.05,3.32,52,51725.96,1718.6,2.35,0.56,4.51,0.8,3,992.25,-5.63,936.35
2026-05-26 10:01:45,2026-05-26,BAJAJ-AUTO.NS,BULL,0.85,,,WATCH,10811.96,10423.67,11588.54,11976.83,11476.5,2.0,3.0,388.29,3.59,4,43247.84,1553.16,2.47,9.52,6.57,0.8,3,10785.0,-2.98,10464.0
2026-05-26 10:01:45,2026-05-26,ADANIENT.NS,BULL,0.85,,,READY,2885.9,2749.82,3158.06,3294.14,3073.4,2.0,3.0,136.08,4.72,27,77919.3,3674.16,3.16,18.39,7.03,0.57,3,2878.7,-0.13,2875.0
2026-05-26 10:01:45,2026-05-26,ADANIPORTS.NS,BULL,0.85,,,READY,1828.46,1760.31,1964.76,2032.91,1894.0,2.0,3.0,68.15,3.73,55,100565.3,3748.25,2.52,8.6,3.91,0.4,3,1823.9,-0.98,1806.0
2026-05-26 10:01:45,2026-05-26,POLYCAB.NS,BULL,0.85,,,READY,9448.56,9114.6,10116.48,10450.44,9833.5,2.0,3.0,333.96,3.53,11,103934.16,3673.56,2.37,15.28,4.4,0.47,3,9425.0,-0.23,9403.5
2026-05-26 10:01:45,2026-05-26,GRASIM.NS,BULL,0.85,,,READY,3200.28,3090.59,3419.66,3529.35,3504.0,2.0,3.0,109.69,3.43,15,48004.2,1645.35,2.3,13.31,9.97,1.48,3,3192.3,-0.39,3179.9
2026-05-26 10:01:45,2026-05-26,COALINDIA.NS,BULL,0.85,,,WATCH,492.48,476.02,525.4,541.86,505.1,2.0,3.0,16.46,3.34,106,52202.88,1744.76,2.36,-3.23,3.01,0.65,2,491.25,-5.34,465.0
2026-05-26 10:01:45,2026-05-26,HAL.NS,BULL,0.85,,,WATCH,4848.39,4645.76,5253.65,5456.28,5034.5,2.0,3.0,202.63,4.18,8,38787.12,1621.04,3.05,1.56,4.52,0.64,2,4836.3,-8.5,4425.1
2026-05-26 10:01:45,2026-05-26,CUMMINSIND.NS,BULL,0.85,,,WATCH,5484.18,5296.14,5860.26,6048.3,5741.5,2.0,3.0,188.04,3.43,9,49357.62,1692.36,2.33,1.75,5.04,0.76,3,5470.5,-1.53,5387.0
2026-05-26 10:01:45,2026-05-26,OIL.NS,BULL,0.85,,,WATCH,532.33,510.55,575.89,597.67,561.95,2.0,3.0,21.78,4.09,80,42586.4,1742.4,2.94,0.05,6.23,0.39,3,531.0,-7.02,493.7
2026-05-26 10:01:45,2026-05-26,PERSISTENT.NS,BULL,0.85,,,WATCH,5200.67,4949.45,5703.11,5954.33,5411.7,2.0,3.0,251.22,4.83,6,31204.02,1507.32,3.31,5.16,4.45,0.66,2,5187.7,-2.46,5060.0
2026-05-26 10:01:45,2026-05-26,COFORGE.NS,BULL,0.85,,,WATCH,1450.62,1373.28,1605.3,1682.64,1525.3,2.0,3.0,77.34,5.33,48,69629.76,3712.32,3.69,16.0,5.62,0.5,3,1447.0,-3.38,1398.1
2026-05-26 10:01:45,2026-05-26,BHEL.NS,BULL,0.85,,,READY,422.0,402.09,461.82,481.73,445.9,2.0,3.0,19.91,4.72,188,79336.0,3743.08,3.19,20.7,6.05,0.4,3,420.95,-1.12,416.25
2026-05-26 10:05:33,2026-05-26,HDFCBANK.NS,BULL,0.857,,,WATCH,803.55,779.5,851.65,875.7,837.25,2.0,3.0,24.05,2.99,72,57855.6,1731.6,2.04,0.79,4.63,0.72,2,801.55,-1.83,786.85
2026-05-26 10:05:33,2026-05-26,KOTAKBANK.NS,BULL,0.857,,,WATCH,396.14,382.47,423.48,437.15,414.0,2.0,3.0,13.67,3.45,128,50705.92,1749.76,2.34,1.66,4.88,0.53,3,395.15,-1.52,389.15
2026-05-26 10:05:33,2026-05-26,BHARTIARTL.NS,BULL,0.857,,,WATCH,1958.68,1897.1,2081.84,2143.42,2012.1,2.0,3.0,61.58,3.14,28,54843.04,1724.24,2.2,-1.5,3.1,0.53,3,1953.8,-4.61,1863.8
2026-05-26 10:05:33,2026-05-26,LT.NS,BULL,0.857,,,WATCH,4109.71,4002.6,4323.93,4431.04,4292.32,2.0,3.0,107.11,2.61,16,65755.36,1713.76,1.77,-0.89,4.88,0.61,3,4099.46,-1.72,4029.0
2026-05-26 10:05:33,2026-05-26,JSWSTEEL.NS,BULL,0.857,,,WATCH,1317.28,1280.43,1390.98,1427.83,1351.4,2.0,3.0,36.85,2.8,47,61912.16,1731.95,1.89,1.11,2.91,0.93,3,1314.0,-1.32,1296.6
2026-05-26 10:05:33,2026-05-26,MARUTI.NS,BULL,0.857,,,WATCH,14010.94,13612.26,14808.3,15206.98,14494.0,2.0,3.0,398.68,2.85,4,56043.76,1594.72,2.01,-0.24,3.96,0.64,2,13976.0,-5.17,13254.0
2026-05-26 10:05:33,2026-05-26,M&M.NS,BULL,0.857,,,WATCH,3407.5,3287.46,3647.58,3767.62,3539.7,2.0,3.0,120.04,3.52,14,47705.0,1680.56,2.55,-0.6,4.51,0.67,2,3399.0,-7.62,3140.1
2026-05-26 10:05:33,2026-05-26,SUNPHARMA.NS,BULL,0.857,,,WATCH,1921.39,1865.2,2033.77,2089.96,1996.6,2.0,3.0,56.19,2.92,31,59563.09,1741.89,2.05,2.63,4.31,0.69,2,1916.6,-4.55,1829.3
2026-05-26 10:05:33,2026-05-26,TECHM.NS,BULL,0.857,,,WATCH,1510.57,1450.68,1630.35,1690.24,1577.2,2.0,3.0,59.89,3.96,29,43806.53,1736.81,2.77,-1.41,4.92,0.47,3,1506.8,-4.27,1442.4
2026-05-26 10:05:33,2026-05-26,ASIANPAINT.NS,BULL,0.857,,,READY,2690.81,2600.1,2872.23,2962.94,2806.2,2.0,3.0,90.71,3.37,19,51125.39,1723.49,2.28,8.15,4.64,0.81,3,2684.1,-1.2,2652.0
2026-05-26 10:05:33,2026-05-26,BAJFINANCE.NS,BULL,0.857,,,WATCH,994.73,961.68,1060.83,1093.88,1034.0,2.0,3.0,33.05,3.32,52,51725.96,1718.6,2.35,0.76,4.51,0.81,3,992.25,-5.36,939.1
2026-05-26 10:05:33,2026-05-26,BAJAJ-AUTO.NS,BULL,0.857,,,WATCH,10811.96,10423.67,11588.54,11976.83,11476.5,2.0,3.0,388.29,3.59,4,43247.84,1553.16,2.47,9.71,6.57,0.81,3,10785.0,-2.73,10490.5
2026-05-26 10:05:33,2026-05-26,ADANIENT.NS,BULL,0.857,,,READY,2894.22,2757.25,3168.16,3305.13,3090.0,2.0,3.0,136.97,4.73,27,78143.94,3698.19,3.17,18.6,7.33,0.57,3,2887.0,-0.16,2882.3
2026-05-26 10:05:33,2026-05-26,ADANIPORTS.NS,BULL,0.857,,,READY,1828.46,1760.31,1964.76,2032.91,1894.0,2.0,3.0,68.15,3.73,55,100565.3,3748.25,2.51,8.69,3.91,0.4,3,1823.9,-0.82,1809.0
2026-05-26 10:05:33,2026-05-26,POLYCAB.NS,BULL,0.857,,,READY,9448.56,9114.6,10116.48,10450.44,9833.5,2.0,3.0,333.96,3.53,11,103934.16,3673.56,2.36,15.38,4.39,0.47,3,9425.0,-0.06,9419.0
2026-05-26 10:05:33,2026-05-26,GRASIM.NS,BULL,0.857,,,READY,3200.28,3090.59,3419.66,3529.35,3504.0,2.0,3.0,109.69,3.43,15,48004.2,1645.35,2.3,13.23,9.97,1.48,3,3192.3,-0.39,3180.0
2026-05-26 10:05:33,2026-05-26,COALINDIA.NS,BULL,0.857,,,WATCH,492.48,476.02,525.4,541.86,505.1,2.0,3.0,16.46,3.34,106,52202.88,1744.76,2.36,-3.49,3.01,0.65,2,491.25,-5.51,464.2
2026-05-26 10:05:33,2026-05-26,HAL.NS,BULL,0.857,,,WATCH,4848.39,4645.76,5253.65,5456.28,5034.5,2.0,3.0,202.63,4.18,8,38787.12,1621.04,3.05,1.55,4.52,0.64,2,4836.3,-8.43,4428.5
2026-05-26 10:05:33,2026-05-26,CUMMINSIND.NS,BULL,0.857,,,WATCH,5484.18,5296.14,5860.26,6048.3,5741.5,2.0,3.0,188.04,3.43,9,49357.62,1692.36,2.32,1.78,5.03,0.76,3,5470.5,-1.41,5393.5
2026-05-26 10:05:33,2026-05-26,OIL.NS,BULL,0.857,,,WATCH,532.33,510.55,575.89,597.67,561.95,2.0,3.0,21.78,4.09,80,42586.4,1742.4,2.95,-0.32,6.23,0.39,3,531.0,-7.28,492.35
2026-05-26 10:05:33,2026-05-26,PERSISTENT.NS,BULL,0.857,,,WATCH,5200.67,4949.45,5703.11,5954.33,5411.7,2.0,3.0,251.22,4.83,6,31204.02,1507.32,3.3,5.25,4.45,0.66,2,5187.7,-2.3,5068.3
2026-05-26 10:05:33,2026-05-26,COFORGE.NS,BULL,0.857,,,WATCH,1450.62,1373.28,1605.3,1682.64,1525.3,2.0,3.0,77.34,5.33,48,69629.76,3712.32,3.69,15.98,5.62,0.5,3,1447.0,-3.32,1399.0
2026-05-26 10:05:33,2026-05-26,BHEL.NS,BULL,0.857,,,READY,422.0,402.09,461.82,481.73,445.9,2.0,3.0,19.91,4.72,188,79336.0,3743.08,3.18,20.74,6.05,0.4,3,420.95,-1.01,416.7
2026-05-26 10:30:08,2026-05-26,HDFCBANK.NS,BULL,0.865,,,WATCH,803.55,779.5,851.65,875.7,837.25,2.0,3.0,24.05,2.99,72,57855.6,1731.6,2.03,1.07,4.62,0.73,2,801.55,-1.47,789.75
2026-05-26 10:30:08,2026-05-26,KOTAKBANK.NS,BULL,0.865,,,READY,396.14,382.47,423.48,437.15,414.0,2.0,3.0,13.67,3.45,128,50705.92,1749.76,2.33,2.02,4.88,0.54,3,395.15,-1.08,390.9
2026-05-26 10:30:08,2026-05-26,BAJFINANCE.NS,BULL,0.865,,,WATCH,994.73,961.59,1061.01,1094.15,1034.9,2.0,3.0,33.14,3.33,52,51725.96,1723.28,2.34,1.35,4.6,0.82,3,992.25,-4.71,945.5
2026-05-26 10:30:08,2026-05-26,SBILIFE.NS,BULL,0.865,,,READY,1911.67,1861.36,2012.29,2062.6,1958.9,2.0,3.0,50.31,2.63,34,64996.78,1710.54,1.78,3.65,2.77,0.56,2,1906.9,-0.98,1888.2
2026-05-26 10:30:08,2026-05-26,HDFCLIFE.NS,BULL,0.865,,,WATCH,630.87,612.46,667.69,686.1,649.6,2.0,3.0,18.41,2.92,95,59932.65,1748.95,1.98,3.73,3.3,0.46,2,629.3,-1.72,618.45
2026-05-26 10:30:08,2026-05-26,NESTLEIND.NS,BULL,0.865,,,WATCH,1501.85,1460.34,1584.87,1626.38,1538.5,2.0,3.0,41.51,2.76,42,63077.7,1743.42,1.94,-3.15,2.85,0.68,2,1498.1,-4.94,1424.1
2026-05-26 10:30:08,2026-05-26,TATACONSUM.NS,BULL,0.865,,,WATCH,1275.12,1226.99,1371.38,1419.51,1304.62,2.0,3.0,48.13,3.77,77,98184.24,3706.01,2.7,2.13,2.75,0.54,3,1271.94,-6.72,1186.5
2026-05-26 10:30:08,2026-05-26,LT.NS,BULL,0.865,,,WATCH,4109.71,4002.6,4323.93,4431.04,4292.32,2.0,3.0,107.11,2.61,16,65755.36,1713.76,1.77,-1.08,4.88,0.61,3,4099.46,-1.81,4025.4
2026-05-26 10:30:08,2026-05-26,MARUTI.NS,BULL,0.865,,,WATCH,14010.94,13612.26,14808.3,15206.98,14494.0,2.0,3.0,398.68,2.85,4,56043.76,1594.72,2.01,-0.42,3.96,0.64,2,13976.0,-5.24,13243.0
2026-05-26 10:30:08,2026-05-26,M&M.NS,BULL,0.865,,,WATCH,3407.5,3286.26,3649.98,3771.22,3539.7,2.0,3.0,121.24,3.56,14,47705.0,1697.36,2.56,-0.33,4.51,0.68,2,3399.0,-7.27,3151.9
2026-05-26 10:30:08,2026-05-26,BAJAJ-AUTO.NS,BULL,0.865,,,WATCH,10811.96,10423.67,11588.54,11976.83,11476.5,2.0,3.0,388.29,3.59,4,43247.84,1553.16,2.47,9.71,6.56,0.82,3,10785.0,-2.64,10500.0
2026-05-26 10:30:08,2026-05-26,SUNPHARMA.NS,BULL,0.865,,,WATCH,1921.39,1864.73,2034.71,2091.37,2001.0,2.0,3.0,56.66,2.95,30,57641.7,1699.8,2.08,1.93,4.55,0.7,2,1916.6,-5.11,1818.6
2026-05-26 10:30:08,2026-05-26,BHARTIARTL.NS,BULL,0.865,,,WATCH,1958.68,1897.1,2081.84,2143.42,2012.1,2.0,3.0,61.58,3.14,28,54843.04,1724.24,2.2,-1.41,3.1,0.53,3,1953.8,-4.42,1867.5
2026-05-26 10:30:08,2026-05-26,GRASIM.NS,BULL,0.865,,,READY,3200.28,3089.67,3421.5,3532.11,3504.0,2.0,3.0,110.61,3.46,15,48004.2,1659.15,2.32,13.04,9.97,1.49,3,3192.3,-0.46,3177.6
2026-05-26 10:30:08,2026-05-26,HAL.NS,BULL,0.865,,,WATCH,4848.39,4645.76,5253.65,5456.28,5034.5,2.0,3.0,202.63,4.18,8,38787.12,1621.04,3.06,1.28,4.52,0.65,2,4836.3,-8.59,4420.9
2026-05-26 10:30:08,2026-05-26,CUMMINSIND.NS,BULL,0.865,,,WATCH,5484.18,5296.14,5860.26,6048.3,5741.5,2.0,3.0,188.04,3.43,9,49357.62,1692.36,2.33,1.4,5.04,0.77,3,5470.5,-1.68,5378.5
2026-05-26 10:30:08,2026-05-26,THERMAX.NS,BULL,0.865,,,WATCH,4892.2,4583.61,5509.38,5817.97,5186.0,2.0,3.0,308.59,6.31,12,58706.4,3703.08,4.61,11.44,6.85,0.48,3,4880.0,-8.63,4458.9
2026-05-26 10:30:08,2026-05-26,POLYCAB.NS,BULL,0.865,,,READY,9453.57,9119.07,10122.57,10457.07,9843.5,2.0,3.0,334.5,3.54,11,103989.27,3679.5,2.36,15.41,4.45,0.48,3,9430.0,-0.01,9429.5
2026-05-26 10:30:08,2026-05-26,PIDILITIND.NS,BULL,0.865,,,WATCH,1518.79,1464.74,1626.89,1680.94,1592.0,2.0,3.0,54.05,3.56,32,48601.28,1729.6,2.45,5.78,5.23,0.37,3,1515.0,-2.73,1473.6
2026-05-26 10:30:08,2026-05-26,SRF.NS,BULL,0.865,,,WATCH,2839.18,2734.18,3049.18,3154.18,3014.5,2.0,3.0,105.0,3.7,16,45426.88,1680.0,2.53,8.29,6.83,0.62,3,2832.1,-2.46,2762.4
2026-05-26 10:30:08,2026-05-26,AARTIIND.NS,BULL,0.865,,,WATCH,524.41,501.41,570.41,593.41,563.8,2.0,3.0,23.0,4.39,76,39855.16,1748.0,3.07,-0.78,8.46,0.53,3,523.1,-4.42,500.0
2026-05-26 10:30:08,2026-05-26,PERSISTENT.NS,BULL,0.865,,,WATCH,5200.67,4949.4,5703.21,5954.48,5411.7,2.0,3.0,251.27,4.83,6,31204.02,1507.62,3.31,5.06,4.45,0.67,2,5187.7,-2.38,5064.0
2026-05-26 10:30:08,2026-05-26,COFORGE.NS,BULL,0.865,,,WATCH,1450.62,1373.28,1605.3,1682.64,1525.3,2.0,3.0,77.34,5.33,48,69629.76,3712.32,3.67,16.41,5.62,0.5,3,1447.0,-2.87,1405.4
2026-05-26 10:30:08,2026-05-26,MPHASIS.NS,BULL,0.865,,,WATCH,2355.07,2259.82,2545.57,2640.82,2445.6,2.0,3.0,95.25,4.04,18,42391.26,1714.5,2.83,-0.6,4.32,0.5,2,2349.2,-4.47,2244.3
2026-05-26 10:30:08,2026-05-26,LALPATHLAB.NS,BULL,0.865,,,WATCH,1724.2,1629.9,1912.8,2007.1,1849.0,2.0,3.0,94.3,5.47,39,67243.8,3677.7,3.88,15.55,7.86,0.2,3,1719.9,-5.84,1619.5
2026-05-26 10:30:08,2026-05-26,MOTHERSON.NS,BULL,0.865,,,WATCH,139.36,132.75,152.58,159.19,148.51,2.0,3.0,6.61,4.74,264,36791.04,1745.04,3.23,10.32,7.01,1.65,3,139.01,-1.91,136.35
2026-05-26 10:30:08,2026-05-26,ADANIPORTS.NS,BULL,0.865,,,READY,1828.46,1759.86,1965.66,2034.26,1898.2,2.0,3.0,68.6,3.75,54,98736.84,3704.4,2.52,8.82,4.14,0.41,3,1823.9,-0.61,1812.8
2026-05-26 10:30:08,2026-05-26,METROPOLIS.NS,BULL,0.865,,,WATCH,600.31,560.05,680.83,721.09,640.47,2.0,3.0,40.26,6.71,93,55828.83,3744.18,5.07,10.48,7.95,0.24,3,598.82,-11.58,529.45
2026-05-26 10:30:51,2026-05-26,HDFCBANK.NS,BULL,0.866,,,WATCH,803.55,779.5,851.65,875.7,837.25,2.0,3.0,24.05,2.99,72,57855.6,1731.6,2.03,1.04,4.62,0.73,2,801.55,-1.48,789.65
2026-05-26 10:30:51,2026-05-26,KOTAKBANK.NS,BULL,0.866,,,READY,396.14,382.47,423.48,437.15,414.0,2.0,3.0,13.67,3.45,128,50705.92,1749.76,2.33,2.03,4.88,0.54,3,395.15,-1.05,391.0
2026-05-26 10:30:51,2026-05-26,BAJFINANCE.NS,BULL,0.866,,,WATCH,994.73,961.59,1061.01,1094.15,1034.9,2.0,3.0,33.14,3.33,52,51725.96,1723.28,2.34,1.39,4.6,0.82,3,992.25,-4.67,945.9
2026-05-26 10:30:51,2026-05-26,SBILIFE.NS,BULL,0.866,,,READY,1911.67,1861.36,2012.29,2062.6,1958.9,2.0,3.0,50.31,2.63,34,64996.78,1710.54,1.78,3.62,2.77,0.56,2,1906.9,-1.0,1887.8
2026-05-26 10:30:51,2026-05-26,HDFCLIFE.NS,BULL,0.866,,,WATCH,630.87,612.46,667.69,686.1,649.6,2.0,3.0,18.41,2.92,95,59932.65,1748.95,1.98,3.74,3.3,0.46,2,629.3,-1.71,618.55
2026-05-26 10:30:51,2026-05-26,NESTLEIND.NS,BULL,0.866,,,WATCH,1501.85,1460.34,1584.87,1626.38,1538.5,2.0,3.0,41.51,2.76,42,63077.7,1743.42,1.94,-3.16,2.85,0.68,2,1498.1,-4.94,1424.1
2026-05-26 10:30:51,2026-05-26,TATACONSUM.NS,BULL,0.866,,,WATCH,1275.12,1226.99,1371.38,1419.51,1304.62,2.0,3.0,48.13,3.77,77,98184.24,3706.01,2.7,2.18,2.75,0.54,3,1271.94,-6.66,1187.2
2026-05-26 10:30:51,2026-05-26,LT.NS,BULL,0.866,,,WATCH,4109.71,4002.6,4323.93,4431.04,4292.32,2.0,3.0,107.11,2.61,16,65755.36,1713.76,1.77,-1.07,4.88,0.61,3,4099.46,-1.79,4026.2
2026-05-26 10:30:51,2026-05-26,MARUTI.NS,BULL,0.866,,,WATCH,14010.94,13612.26,14808.3,15206.98,14494.0,2.0,3.0,398.68,2.85,4,56043.76,1594.72,2.01,-0.45,3.96,0.64,2,13976.0,-5.27,13240.0
2026-05-26 10:30:51,2026-05-26,M&M.NS,BULL,0.866,,,WATCH,3407.5,3286.26,3649.98,3771.22,3539.7,2.0,3.0,121.24,3.56,14,47705.0,1697.36,2.56,-0.33,4.51,0.68,2,3399.0,-7.27,3152.0
2026-05-26 10:30:51,2026-05-26,BAJAJ-AUTO.NS,BULL,0.866,,,WATCH,10811.96,10423.67,11588.54,11976.83,11476.5,2.0,3.0,388.29,3.59,4,43247.84,1553.16,2.47,9.67,6.56,0.82,3,10785.0,-2.67,10497.5
2026-05-26 10:30:51,2026-05-26,SUNPHARMA.NS,BULL,0.866,,,WATCH,1921.39,1864.57,2035.03,2091.85,2002.5,2.0,3.0,56.82,2.96,30,57641.7,1704.6,2.08,1.85,4.63,0.7,2,1916.6,-5.18,1817.3
2026-05-26 10:30:51,2026-05-26,BHARTIARTL.NS,BULL,0.866,,,WATCH,1958.68,1897.1,2081.84,2143.42,2012.1,2.0,3.0,61.58,3.14,28,54843.04,1724.24,2.2,-1.43,3.1,0.53,3,1953.8,-4.43,1867.3
2026-05-26 10:30:51,2026-05-26,GRASIM.NS,BULL,0.866,,,READY,3200.28,3089.67,3421.5,3532.11,3504.0,2.0,3.0,110.61,3.46,15,48004.2,1659.15,2.32,13.02,9.97,1.49,3,3192.3,-0.47,3177.3
2026-05-26 10:30:51,2026-05-26,HAL.NS,BULL,0.866,,,WATCH,4848.39,4645.76,5253.65,5456.28,5034.5,2.0,3.0,202.63,4.18,8,38787.12,1621.04,3.06,1.23,4.52,0.65,2,4836.3,-8.62,4419.3
2026-05-26 10:30:51,2026-05-26,CUMMINSIND.NS,BULL,0.866,,,WATCH,5484.18,5296.14,5860.26,6048.3,5741.5,2.0,3.0,188.04,3.43,9,49357.62,1692.36,2.33,1.47,5.04,0.77,3,5470.5,-1.6,5383.0
2026-05-26 10:30:51,2026-05-26,THERMAX.NS,BULL,0.866,,,WATCH,4892.2,4583.61,5509.38,5817.97,5186.0,2.0,3.0,308.59,6.31,12,58706.4,3703.08,4.61,11.47,6.85,0.48,3,4880.0,-8.59,4460.7
2026-05-26 10:30:51,2026-05-26,POLYCAB.NS,BULL,0.866,,,READY,9453.57,9119.07,10122.57,10457.07,9843.5,2.0,3.0,334.5,3.54,11,103989.27,3679.5,2.37,15.39,4.45,0.48,3,9430.0,-0.01,9429.0
2026-05-26 10:30:51,2026-05-26,PIDILITIND.NS,BULL,0.866,,,WATCH,1518.79,1464.74,1626.89,1680.94,1592.0,2.0,3.0,54.05,3.56,32,48601.28,1729.6,2.45,5.77,5.23,0.37,3,1515.0,-2.73,1473.6
2026-05-26 10:30:51,2026-05-26,SRF.NS,BULL,0.866,,,WATCH,2839.18,2734.18,3049.18,3154.18,3014.5,2.0,3.0,105.0,3.7,16,45426.88,1680.0,2.53,8.4,6.83,0.62,3,2832.1,-2.35,2765.6
2026-05-26 10:30:51,2026-05-26,PERSISTENT.NS,BULL,0.866,,,WATCH,5200.67,4949.4,5703.21,5954.48,5411.7,2.0,3.0,251.27,4.83,6,31204.02,1507.62,3.31,5.11,4.45,0.67,2,5187.7,-2.33,5066.7
2026-05-26 10:30:51,2026-05-26,COFORGE.NS,BULL,0.866,,,WATCH,1450.62,1373.28,1605.3,1682.64,1525.3,2.0,3.0,77.34,5.33,48,69629.76,3712.32,3.67,16.37,5.62,0.5,3,1447.0,-2.9,1405.0
2026-05-26 10:30:51,2026-05-26,MPHASIS.NS,BULL,0.866,,,WATCH,2355.07,2259.82,2545.57,2640.82,2445.6,2.0,3.0,95.25,4.04,18,42391.26,1714.5,2.83,-0.66,4.32,0.5,2,2349.2,-4.51,2243.2
2026-05-26 10:30:51,2026-05-26,LALPATHLAB.NS,BULL,0.866,,,WATCH,1724.2,1629.9,1912.8,2007.1,1849.0,2.0,3.0,94.3,5.47,39,67243.8,3677.7,3.88,15.54,7.86,0.2,3,1719.9,-5.84,1619.5
2026-05-26 10:30:51,2026-05-26,MOTHERSON.NS,BULL,0.866,,,WATCH,139.36,132.75,152.58,159.19,148.51,2.0,3.0,6.61,4.74,264,36791.04,1745.04,3.23,10.31,7.01,1.65,3,139.01,-1.91,136.35
2026-05-26 10:30:51,2026-05-26,ADANIPORTS.NS,BULL,0.866,,,READY,1828.46,1759.86,1965.66,2034.26,1898.2,2.0,3.0,68.6,3.75,54,98736.84,3704.4,2.52,8.81,4.14,0.42,3,1823.9,-0.61,1812.8
2026-05-26 10:30:51,2026-05-26,METROPOLIS.NS,BULL,0.866,,,WATCH,600.31,560.05,680.83,721.09,640.47,2.0,3.0,40.26,6.71,93,55828.83,3744.18,5.06,10.57,7.95,0.24,3,598.82,-11.51,529.9
2026-05-26 10:32:48,2026-05-26,HDFCBANK.NS,BULL,0.865,,,WATCH,803.55,779.5,851.65,875.7,837.25,2.0,3.0,24.05,2.99,72,57855.6,1731.6,2.03,1.02,4.62,0.73,2,801.55,-1.52,789.35
2026-05-26 10:32:48,2026-05-26,KOTAKBANK.NS,BULL,0.865,,,READY,396.14,382.47,423.48,437.15,414.0,2.0,3.0,13.67,3.45,128,50705.92,1749.76,2.33,2.1,4.88,0.54,3,395.15,-1.0,391.2
2026-05-26 10:32:48,2026-05-26,TECHM.NS,BULL,0.865,,,WATCH,1510.57,1450.68,1630.35,1690.24,1577.2,2.0,3.0,59.89,3.96,29,43806.53,1736.81,2.77,-1.43,4.92,0.48,3,1506.8,-4.21,1443.4
2026-05-26 10:32:48,2026-05-26,BHARTIARTL.NS,BULL,0.865,,,WATCH,1958.68,1897.1,2081.84,2143.42,2012.1,2.0,3.0,61.58,3.14,28,54843.04,1724.24,2.2,-1.46,3.1,0.53,3,1953.8,-4.47,1866.4
2026-05-26 10:32:48,2026-05-26,LT.NS,BULL,0.865,,,WATCH,4109.71,4002.6,4323.93,4431.04,4292.32,2.0,3.0,107.11,2.61,16,65755.36,1713.76,1.77,-1.06,4.88,0.61,3,4099.46,-1.79,4025.9
2026-05-26 10:32:48,2026-05-26,ASIANPAINT.NS,BULL,0.865,,,READY,2690.81,2600.07,2872.29,2963.03,2806.2,2.0,3.0,90.74,3.37,19,51125.39,1724.06,2.28,8.29,4.64,0.82,3,2684.1,-0.98,2657.7
2026-05-26 10:32:48,2026-05-26,MARUTI.NS,BULL,0.865,,,WATCH,14010.94,13612.26,14808.3,15206.98,14494.0,2.0,3.0,398.68,2.85,4,56043.76,1594.72,2.01,-0.4,3.96,0.64,2,13976.0,-5.23,13245.0
2026-05-26 10:32:48,2026-05-26,M&M.NS,BULL,0.865,,,WATCH,3407.5,3286.24,3650.02,3771.28,3539.7,2.0,3.0,121.26,3.56,14,47705.0,1697.64,2.56,-0.32,4.51,0.68,2,3399.0,-7.26,3152.1
2026-05-26 10:32:48,2026-05-26,SUNPHARMA.NS,BULL,0.865,,,WATCH,1921.39,1864.45,2035.27,2092.21,2003.6,2.0,3.0,56.94,2.96,30,57641.7,1708.2,2.09,1.82,4.69,0.7,2,1916.6,-5.22,1816.5
2026-05-26 10:32:48,2026-05-26,BAJFINANCE.NS,BULL,0.865,,,WATCH,994.73,961.35,1061.49,1094.87,1037.1,2.0,3.0,33.38,3.36,52,51725.96,1735.76,2.35,1.6,4.84,0.83,3,992.25,-4.48,947.8
2026-05-26 10:32:48,2026-05-26,BAJAJ-AUTO.NS,BULL,0.865,,,WATCH,10811.96,10423.67,11588.54,11976.83,11476.5,2.0,3.0,388.29,3.59,4,43247.84,1553.16,2.46,9.89,6.56,0.82,3,10785.0,-2.48,10517.0
2026-05-26 10:32:48,2026-05-26,JSWSTEEL.NS,BULL,0.865,,,WATCH,1317.28,1280.21,1391.42,1428.49,1353.5,2.0,3.0,37.07,2.81,47,61912.16,1742.29,1.91,0.92,3.07,0.94,3,1314.0,-1.42,1295.4
2026-05-26 10:32:48,2026-05-26,ADANIPORTS.NS,BULL,0.865,,,READY,1828.46,1759.86,1965.66,2034.26,1898.2,2.0,3.0,68.6,3.75,54,98736.84,3704.4,2.52,8.77,4.14,0.42,3,1823.9,-0.65,1812.0
2026-05-26 10:32:48,2026-05-26,ADANIENT.NS,BULL,0.865,,,READY,2912.36,2773.45,3190.18,3329.09,3126.2,2.0,3.0,138.91,4.77,26,75721.36,3611.66,3.19,19.26,7.97,0.59,3,2905.1,-0.15,2900.6
2026-05-26 10:32:48,2026-05-26,POLYCAB.NS,BULL,0.865,,,READY,9462.1,9126.69,10132.92,10468.33,9860.5,2.0,3.0,335.41,3.54,11,104083.1,3689.51,2.37,15.52,4.54,0.48,3,9438.5,0.0,9438.5
2026-05-26 10:32:48,2026-05-26,GRASIM.NS,BULL,0.865,,,READY,3200.28,3089.67,3421.5,3532.11,3504.0,2.0,3.0,110.61,3.46,15,48004.2,1659.15,2.32,13.04,9.97,1.49,3,3192.3,-0.47,3177.4
2026-05-26 10:32:48,2026-05-26,HAL.NS,BULL,0.865,,,WATCH,4848.39,4645.76,5253.65,5456.28,5034.5,2.0,3.0,202.63,4.18,8,38787.12,1621.04,3.06,1.18,4.52,0.65,2,4836.3,-8.68,4416.6
2026-05-26 10:32:48,2026-05-26,CUMMINSIND.NS,BULL,0.865,,,WATCH,5484.18,5296.14,5860.26,6048.3,5741.5,2.0,3.0,188.04,3.43,9,49357.62,1692.36,2.33,1.5,5.04,0.77,3,5470.5,-1.59,5383.5
2026-05-26 10:32:48,2026-05-26,PIDILITIND.NS,BULL,0.865,,,WATCH,1518.79,1464.74,1626.89,1680.94,1592.0,2.0,3.0,54.05,3.56,32,48601.28,1729.6,2.45,5.79,5.23,0.38,3,1515.0,-2.73,1473.7
2026-05-26 10:32:48,2026-05-26,BERGEPAINT.NS,BULL,0.865,,,WATCH,541.7,508.66,607.78,640.82,573.1,2.0,3.0,33.04,6.1,113,61212.1,3733.52,4.3,10.26,6.48,0.25,3,540.35,-5.1,512.8
2026-05-26 10:32:48,2026-05-26,DABUR.NS,BULL,0.865,,,WATCH,491.73,474.06,527.07,544.74,502.65,2.0,3.0,17.67,3.59,99,48681.27,1749.33,2.63,-2.17,2.71,0.54,2,490.5,-8.77,447.5
2026-05-26 10:32:48,2026-05-26,DLF.NS,BULL,0.865,,,WATCH,621.55,596.74,671.17,695.98,651.2,2.0,3.0,24.81,3.99,70,43508.5,1736.7,2.78,-0.36,5.3,0.66,3,620.0,-4.17,594.15
2026-05-26 10:32:48,2026-05-26,KEI.NS,BULL,0.865,,,READY,5358.36,5110.9,5853.28,6100.74,5649.9,2.0,3.0,247.46,4.62,7,37508.52,1732.22,3.1,7.46,5.81,0.61,3,5345.0,-0.49,5318.9
2026-05-26 10:32:48,2026-05-26,SRF.NS,BULL,0.865,,,WATCH,2839.18,2734.18,3049.18,3154.18,3014.5,2.0,3.0,105.0,3.7,16,45426.88,1680.0,2.53,8.32,6.83,0.63,3,2832.1,-2.43,2763.2
2026-05-26 10:32:48,2026-05-26,ZYDUSLIFE.NS,BULL,0.865,,,WATCH,1096.38,1049.17,1190.8,1238.01,1157.25,2.0,3.0,47.21,4.31,37,40566.06,1746.77,2.93,17.55,6.04,1.92,3,1093.65,-1.84,1073.55
2026-05-26 10:32:48,2026-05-26,PERSISTENT.NS,BULL,0.865,,,WATCH,5200.67,4949.4,5703.21,5954.48,5411.7,2.0,3.0,251.27,4.83,6,31204.02,1507.62,3.31,5.15,4.45,0.67,2,5187.7,-2.31,5068.1
2026-05-26 10:32:48,2026-05-26,COFORGE.NS,BULL,0.865,,,WATCH,1450.62,1373.28,1605.3,1682.64,1525.3,2.0,3.0,77.34,5.33,48,69629.76,3712.32,3.67,16.44,5.62,0.5,3,1447.0,-2.85,1405.7
2026-05-26 10:32:48,2026-05-26,KPITTECH.NS,BULL,0.865,,,WATCH,797.29,761.57,868.73,904.45,826.45,2.0,3.0,35.72,4.48,104,82918.16,3714.88,3.12,2.72,4.13,0.63,3,795.3,-4.12,762.5
2026-05-26 10:32:48,2026-05-26,MOTILALOFS.NS,BULL,0.865,,,WATCH,904.76,869.1,976.08,1011.74,960.65,2.0,3.0,35.66,3.94,105,94999.8,3744.3,2.69,12.49,6.77,0.55,3,902.5,-1.89,885.45
2026-05-26 10:32:48,2026-05-26,BSE.NS,BULL,0.865,,,READY,4338.82,4157.12,4702.22,4883.92,4506.0,2.0,3.0,181.7,4.19,20,86776.4,3634.0,2.81,18.47,4.2,0.75,3,4328.0,-0.22,4318.3
2026-05-26 10:32:48,2026-05-26,CGPOWER.NS,BULL,0.865,,,READY,889.02,849.54,967.98,1007.46,958.6,2.0,3.0,39.48,4.44,44,39116.88,1737.12,2.99,6.28,8.29,0.62,3,886.8,-0.77,880.0
2026-05-26 10:32:48,2026-05-26,THERMAX.NS,BULL,0.865,,,WATCH,4892.2,4583.61,5509.38,5817.97,5186.0,2.0,3.0,308.59,6.31,12,58706.4,3703.08,4.62,11.39,6.85,0.48,3,4880.0,-8.67,4456.8
2026-05-26 10:32:48,2026-05-26,LALPATHLAB.NS,BULL,0.865,,,WATCH,1724.2,1629.9,1912.8,2007.1,1849.0,2.0,3.0,94.3,5.47,39,67243.8,3677.7,3.88,15.59,7.86,0.2,3,1719.9,-5.81,1620.0
2026-05-26 10:32:48,2026-05-26,OIL.NS,BULL,0.865,,,WATCH,532.33,510.55,575.89,597.67,561.95,2.0,3.0,21.78,4.09,80,42586.4,1742.4,2.97,-1.19,6.24,0.4,3,531.0,-8.0,488.5
2026-05-26 10:32:48,2026-05-26,COALINDIA.NS,BULL,0.865,,,WATCH,492.48,475.82,525.8,542.46,506.95,2.0,3.0,16.66,3.38,105,51710.4,1749.3,2.37,-2.79,3.41,0.67,3,491.25,-4.73,468.0
2026-05-26 10:32:48,2026-05-26,IRCTC.NS,BULL,0.865,,,WATCH,582.75,564.78,618.69,636.66,603.75,2.0,3.0,17.97,3.08,97,56526.75,1743.09,2.21,-1.6,4.21,0.64,2,581.3,-6.59,543.0
2026-05-26 10:33:20,2026-05-26,HDFCBANK.NS,BULL,0.865,,,WATCH,803.55,779.5,851.65,875.7,837.25,2.0,3.0,24.05,2.99,72,57855.6,1731.6,2.03,1.0,4.62,0.73,2,801.55,-1.54,789.2
2026-05-26 10:33:20,2026-05-26,KOTAKBANK.NS,BULL,0.865,,,READY,396.14,382.47,423.48,437.15,414.0,2.0,3.0,13.67,3.45,128,50705.92,1749.76,2.33,2.1,4.88,0.54,3,395.15,-1.0,391.2
2026-05-26 10:33:20,2026-05-26,TECHM.NS,BULL,0.865,,,WATCH,1510.57,1450.68,1630.35,1690.24,1577.2,2.0,3.0,59.89,3.96,29,43806.53,1736.81,2.77,-1.41,4.92,0.48,3,1506.8,-4.18,1443.8
2026-05-26 10:33:20,2026-05-26,BHARTIARTL.NS,BULL,0.865,,,WATCH,1958.68,1897.1,2081.84,2143.42,2012.1,2.0,3.0,61.58,3.14,28,54843.04,1724.24,2.2,-1.48,3.1,0.53,3,1953.8,-4.49,1866.1
2026-05-26 10:33:20,2026-05-26,LT.NS,BULL,0.865,,,WATCH,4109.71,4002.6,4323.93,4431.04,4292.32,2.0,3.0,107.11,2.61,16,65755.36,1713.76,1.77,-1.12,4.88,0.61,3,4099.46,-1.85,4023.8
2026-05-26 10:33:20,2026-05-26,ASIANPAINT.NS,BULL,0.865,,,READY,2690.81,2600.07,2872.29,2963.03,2806.2,2.0,3.0,90.74,3.37,19,51125.39,1724.06,2.28,8.28,4.64,0.82,3,2684.1,-0.99,2657.6
2026-05-26 10:33:20,2026-05-26,MARUTI.NS,BULL,0.865,,,WATCH,14010.94,13612.26,14808.3,15206.98,14494.0,2.0,3.0,398.68,2.85,4,56043.76,1594.72,2.01,-0.41,3.96,0.64,2,13976.0,-5.24,13244.0
2026-05-26 10:33:20,2026-05-26,M&M.NS,BULL,0.865,,,WATCH,3407.5,3286.24,3650.02,3771.28,3539.7,2.0,3.0,121.26,3.56,14,47705.0,1697.64,2.57,-0.33,4.51,0.68,2,3399.0,-7.28,3151.6
2026-05-26 10:33:20,2026-05-26,SUNPHARMA.NS,BULL,0.865,,,WATCH,1921.39,1864.44,2035.29,2092.24,2003.7,2.0,3.0,56.95,2.96,30,57641.7,1708.5,2.09,1.88,4.7,0.7,2,1916.6,-5.17,1817.6
2026-05-26 10:33:20,2026-05-26,BAJFINANCE.NS,BULL,0.865,,,WATCH,994.73,961.32,1061.55,1094.96,1037.4,2.0,3.0,33.41,3.36,52,51725.96,1737.32,2.35,1.65,4.87,0.83,3,992.25,-4.43,948.25
2026-05-26 10:33:20,2026-05-26,BAJAJ-AUTO.NS,BULL,0.865,,,WATCH,10811.96,10423.67,11588.54,11976.83,11476.5,2.0,3.0,388.29,3.59,4,43247.84,1553.16,2.46,9.94,6.56,0.82,3,10785.0,-2.44,10521.5
2026-05-26 10:33:20,2026-05-26,JSWSTEEL.NS,BULL,0.865,,,WATCH,1317.28,1280.21,1391.42,1428.49,1353.5,2.0,3.0,37.07,2.81,47,61912.16,1742.29,1.91,0.96,3.07,0.94,3,1314.0,-1.37,1296.0
2026-05-26 10:33:20,2026-05-26,ADANIPORTS.NS,BULL,0.865,,,READY,1828.46,1759.86,1965.66,2034.26,1898.2,2.0,3.0,68.6,3.75,54,98736.84,3704.4,2.52,8.77,4.14,0.42,3,1823.9,-0.65,1812.0
2026-05-26 10:33:20,2026-05-26,ADANIENT.NS,BULL,0.865,,,READY,2912.36,2773.45,3190.18,3329.09,3126.2,2.0,3.0,138.91,4.77,26,75721.36,3611.66,3.19,19.27,7.97,0.59,3,2905.1,-0.14,2900.9
2026-05-26 10:33:20,2026-05-26,POLYCAB.NS,BULL,0.865,,,READY,9463.6,9128.03,10134.74,10470.31,9863.5,2.0,3.0,335.57,3.55,11,104099.6,3691.27,2.37,15.49,4.55,0.48,3,9440.0,-0.04,9436.0
2026-05-26 10:33:20,2026-05-26,GRASIM.NS,BULL,0.865,,,READY,3200.28,3089.67,3421.5,3532.11,3504.0,2.0,3.0,110.61,3.46,15,48004.2,1659.15,2.32,13.09,9.97,1.49,3,3192.3,-0.42,3178.8
2026-05-26 10:33:20,2026-05-26,HAL.NS,BULL,0.865,,,WATCH,4848.39,4645.76,5253.65,5456.28,5034.5,2.0,3.0,202.63,4.18,8,38787.12,1621.04,3.06,1.2,4.52,0.65,2,4836.3,-8.66,4417.5
2026-05-26 10:33:20,2026-05-26,CUMMINSIND.NS,BULL,0.865,,,WATCH,5484.18,5296.14,5860.26,6048.3,5741.5,2.0,3.0,188.04,3.43,9,49357.62,1692.36,2.33,1.64,5.03,0.77,3,5470.5,-1.45,5391.0
2026-05-26 10:33:20,2026-05-26,PIDILITIND.NS,BULL,0.865,,,WATCH,1518.79,1464.74,1626.89,1680.94,1592.0,2.0,3.0,54.05,3.56,32,48601.28,1729.6,2.45,5.79,5.23,0.38,3,1515.0,-2.73,1473.7
2026-05-26 10:33:20,2026-05-26,BERGEPAINT.NS,BULL,0.865,,,WATCH,541.7,508.53,608.04,641.21,573.1,2.0,3.0,33.17,6.12,113,61212.1,3748.21,4.29,10.84,6.47,0.25,3,540.35,-4.6,515.5
2026-05-26 10:33:20,2026-05-26,DABUR.NS,BULL,0.865,,,WATCH,491.73,474.06,527.07,544.74,502.65,2.0,3.0,17.67,3.59,99,48681.27,1749.33,2.63,-2.17,2.71,0.54,2,490.5,-8.77,447.5
2026-05-26 10:33:20,2026-05-26,DLF.NS,BULL,0.865,,,WATCH,621.55,596.74,671.17,695.98,651.2,2.0,3.0,24.81,3.99,70,43508.5,1736.7,2.78,-0.34,5.3,0.66,3,620.0,-4.15,594.3
2026-05-26 10:33:20,2026-05-26,KEI.NS,BULL,0.865,,,READY,5358.36,5110.9,5853.28,6100.74,5649.9,2.0,3.0,247.46,4.62,7,37508.52,1732.22,3.1,7.44,5.82,0.61,3,5345.0,-0.51,5317.5
2026-05-26 10:33:20,2026-05-26,SRF.NS,BULL,0.865,,,WATCH,2839.18,2734.18,3049.18,3154.18,3014.5,2.0,3.0,105.0,3.7,16,45426.88,1680.0,2.53,8.32,6.83,0.63,3,2832.1,-2.44,2763.1
2026-05-26 10:33:20,2026-05-26,ZYDUSLIFE.NS,BULL,0.865,,,WATCH,1096.38,1049.17,1190.8,1238.01,1157.25,2.0,3.0,47.21,4.31,37,40566.06,1746.77,2.93,17.49,6.04,1.92,3,1093.65,-1.89,1073.0
2026-05-26 10:33:20,2026-05-26,PERSISTENT.NS,BULL,0.865,,,WATCH,5200.67,4949.4,5703.21,5954.48,5411.7,2.0,3.0,251.27,4.83,6,31204.02,1507.62,3.3,5.18,4.45,0.67,2,5187.7,-2.27,5069.8
2026-05-26 10:33:20,2026-05-26,COFORGE.NS,BULL,0.865,,,WATCH,1450.62,1373.28,1605.3,1682.64,1525.3,2.0,3.0,77.34,5.33,48,69629.76,3712.32,3.67,16.52,5.62,0.5,3,1447.0,-2.79,1406.6
2026-05-26 10:33:20,2026-05-26,KPITTECH.NS,BULL,0.865,,,WATCH,797.29,761.32,869.23,905.2,826.45,2.0,3.0,35.97,4.51,104,82918.16,3740.88,3.14,2.95,4.13,0.63,3,795.3,-3.91,764.2
2026-05-26 10:33:20,2026-05-26,MOTILALOFS.NS,BULL,0.865,,,WATCH,904.76,869.1,976.08,1011.74,960.65,2.0,3.0,35.66,3.94,105,94999.8,3744.3,2.68,12.53,6.77,0.55,3,902.5,-1.86,885.75
2026-05-26 10:33:20,2026-05-26,BSE.NS,BULL,0.865,,,READY,4338.82,4157.12,4702.22,4883.92,4506.0,2.0,3.0,181.7,4.19,20,86776.4,3634.0,2.81,18.45,4.2,0.75,3,4328.0,-0.24,4317.8
2026-05-26 10:33:20,2026-05-26,CGPOWER.NS,BULL,0.865,,,READY,889.02,849.54,967.98,1007.46,958.6,2.0,3.0,39.48,4.44,44,39116.88,1737.12,2.99,6.31,8.29,0.62,3,886.8,-0.73,880.3
2026-05-26 10:33:20,2026-05-26,THERMAX.NS,BULL,0.865,,,WATCH,4892.2,4583.61,5509.38,5817.97,5186.0,2.0,3.0,308.59,6.31,12,58706.4,3703.08,4.62,11.4,6.85,0.48,3,4880.0,-8.67,4457.1
2026-05-26 10:33:20,2026-05-26,LALPATHLAB.NS,BULL,0.865,,,WATCH,1724.2,1629.9,1912.8,2007.1,1849.0,2.0,3.0,94.3,5.47,39,67243.8,3677.7,3.88,15.59,7.86,0.2,3,1719.9,-5.81,1620.0
2026-05-26 10:33:20,2026-05-26,OIL.NS,BULL,0.865,,,WATCH,532.33,510.55,575.89,597.67,561.95,2.0,3.0,21.78,4.09,80,42586.4,1742.4,2.97,-1.14,6.24,0.4,3,531.0,-7.96,488.75
2026-05-26 10:33:20,2026-05-26,COALINDIA.NS,BULL,0.865,,,WATCH,492.48,475.81,525.82,542.49,507.0,2.0,3.0,16.67,3.38,104,51217.92,1733.68,2.37,-2.73,3.42,0.67,3,491.25,-4.67,468.3
2026-05-26 10:33:20,2026-05-26,IRCTC.NS,BULL,0.865,,,WATCH,582.75,564.78,618.69,636.66,603.75,2.0,3.0,17.97,3.08,97,56526.75,1743.09,2.21,-1.6,4.21,0.64,2,581.3,-6.59,543.0
2026-05-26 10:33:57,2026-05-26,HDFCBANK.NS,BULL,0.866,,,WATCH,803.55,779.5,851.65,875.7,837.25,2.0,3.0,24.05,2.99,72,57855.6,1731.6,2.03,1.0,4.62,0.73,2,801.55,-1.53,789.3
2026-05-26 10:33:57,2026-05-26,KOTAKBANK.NS,BULL,0.866,,,READY,396.14,382.47,423.48,437.15,414.0,2.0,3.0,13.67,3.45,128,50705.92,1749.76,2.33,2.11,4.88,0.54,3,395.15,-0.97,391.3
2026-05-26 10:33:57,2026-05-26,TECHM.NS,BULL,0.866,,,WATCH,1510.57,1450.68,1630.35,1690.24,1577.2,2.0,3.0,59.89,3.96,29,43806.53,1736.81,2.77,-1.43,4.92,0.48,3,1506.8,-4.19,1443.7
2026-05-26 10:33:57,2026-05-26,BHARTIARTL.NS,BULL,0.866,,,WATCH,1958.68,1897.1,2081.84,2143.42,2012.1,2.0,3.0,61.58,3.14,28,54843.04,1724.24,2.2,-1.47,3.1,0.53,3,1953.8,-4.47,1866.4
2026-05-26 10:33:57,2026-05-26,LT.NS,BULL,0.866,,,WATCH,4109.71,4002.6,4323.93,4431.04,4292.32,2.0,3.0,107.11,2.61,16,65755.36,1713.76,1.77,-1.09,4.88,0.61,3,4099.46,-1.81,4025.3
2026-05-26 10:33:57,2026-05-26,ASIANPAINT.NS,BULL,0.866,,,READY,2690.81,2600.07,2872.29,2963.03,2806.2,2.0,3.0,90.74,3.37,19,51125.39,1724.06,2.28,8.3,4.64,0.82,3,2684.1,-0.96,2658.4
2026-05-26 10:33:57,2026-05-26,MARUTI.NS,BULL,0.866,,,WATCH,14010.94,13612.26,14808.3,15206.98,14494.0,2.0,3.0,398.68,2.85,4,56043.76,1594.72,2.01,-0.41,3.96,0.64,2,13976.0,-5.23,13245.0
2026-05-26 10:33:57,2026-05-26,M&M.NS,BULL,0.866,,,WATCH,3407.5,3286.18,3650.14,3771.46,3539.7,2.0,3.0,121.32,3.56,14,47705.0,1698.48,2.57,-0.33,4.51,0.68,2,3399.0,-7.27,3152.0
2026-05-26 10:33:57,2026-05-26,SUNPHARMA.NS,BULL,0.866,,,WATCH,1921.39,1864.44,2035.29,2092.24,2003.7,2.0,3.0,56.95,2.96,30,57641.7,1708.5,2.09,1.83,4.7,0.7,2,1916.6,-5.2,1817.0
2026-05-26 10:33:57,2026-05-26,BAJFINANCE.NS,BULL,0.866,,,WATCH,994.73,961.32,1061.55,1094.96,1037.4,2.0,3.0,33.41,3.36,52,51725.96,1737.32,2.35,1.63,4.87,0.83,3,992.25,-4.44,948.15
2026-05-26 10:33:57,2026-05-26,BAJAJ-AUTO.NS,BULL,0.866,,,WATCH,10811.96,10423.67,11588.54,11976.83,11476.5,2.0,3.0,388.29,3.59,4,43247.84,1553.16,2.46,9.95,6.56,0.82,3,10785.0,-2.42,10524.5
2026-05-26 10:33:57,2026-05-26,JSWSTEEL.NS,BULL,0.866,,,WATCH,1317.28,1280.21,1391.42,1428.49,1353.5,2.0,3.0,37.07,2.81,47,61912.16,1742.29,1.91,0.95,3.07,0.94,3,1314.0,-1.37,1296.0
2026-05-26 10:33:57,2026-05-26,ADANIPORTS.NS,BULL,0.866,,,READY,1828.46,1759.86,1965.66,2034.26,1898.2,2.0,3.0,68.6,3.75,54,98736.84,3704.4,2.52,8.73,4.14,0.42,3,1823.9,-0.68,1811.5
2026-05-26 10:33:57,2026-05-26,ADANIENT.NS,BULL,0.866,,,READY,2912.36,2773.45,3190.18,3329.09,3126.2,2.0,3.0,138.91,4.77,26,75721.36,3611.66,3.19,19.22,7.97,0.59,3,2905.1,-0.18,2900.0
2026-05-26 10:33:57,2026-05-26,POLYCAB.NS,BULL,0.866,,,READY,9463.6,9128.03,10134.74,10470.31,9863.5,2.0,3.0,335.57,3.55,11,104099.6,3691.27,2.37,15.44,4.55,0.48,3,9440.0,-0.07,9433.0
2026-05-26 10:33:57,2026-05-26,GRASIM.NS,BULL,0.866,,,READY,3200.28,3089.67,3421.5,3532.11,3504.0,2.0,3.0,110.61,3.46,15,48004.2,1659.15,2.32,13.09,9.97,1.49,3,3192.3,-0.41,3179.3
2026-05-26 10:33:57,2026-05-26,HAL.NS,BULL,0.866,,,WATCH,4848.39,4645.76,5253.65,5456.28,5034.5,2.0,3.0,202.63,4.18,8,38787.12,1621.04,3.06,1.26,4.52,0.65,2,4836.3,-8.6,4420.4
2026-05-26 10:33:57,2026-05-26,CUMMINSIND.NS,BULL,0.866,,,WATCH,5484.18,5296.14,5860.26,6048.3,5741.5,2.0,3.0,188.04,3.43,9,49357.62,1692.36,2.33,1.59,5.03,0.77,3,5470.5,-1.49,5389.0
2026-05-26 10:33:57,2026-05-26,PIDILITIND.NS,BULL,0.866,,,WATCH,1518.79,1464.74,1626.89,1680.94,1592.0,2.0,3.0,54.05,3.56,32,48601.28,1729.6,2.45,5.77,5.23,0.38,3,1515.0,-2.73,1473.7
2026-05-26 10:33:57,2026-05-26,BERGEPAINT.NS,BULL,0.866,,,WATCH,541.7,508.52,608.06,641.24,573.1,2.0,3.0,33.18,6.13,113,61212.1,3749.34,4.29,10.84,6.47,0.25,3,540.35,-4.58,515.6
2026-05-26 10:33:57,2026-05-26,DABUR.NS,BULL,0.866,,,WATCH,491.73,474.06,527.07,544.74,502.65,2.0,3.0,17.67,3.59,99,48681.27,1749.33,2.63,-2.22,2.71,0.54,2,490.5,-8.8,447.35
2026-05-26 10:33:57,2026-05-26,DLF.NS,BULL,0.866,,,WATCH,621.55,596.67,671.31,696.19,651.2,2.0,3.0,24.88,4.0,70,43508.5,1741.6,2.79,-0.27,5.3,0.66,3,620.0,-4.07,594.75
2026-05-26 10:33:57,2026-05-26,KEI.NS,BULL,0.866,,,READY,5358.36,5110.9,5853.28,6100.74,5649.9,2.0,3.0,247.46,4.62,7,37508.52,1732.22,3.1,7.42,5.82,0.61,3,5345.0,-0.51,5317.5
2026-05-26 10:33:57,2026-05-26,SRF.NS,BULL,0.866,,,WATCH,2839.18,2734.18,3049.18,3154.18,3014.5,2.0,3.0,105.0,3.7,16,45426.88,1680.0,2.53,8.31,6.83,0.63,3,2832.1,-2.44,2763.1
2026-05-26 10:33:57,2026-05-26,ZYDUSLIFE.NS,BULL,0.866,,,WATCH,1096.38,1049.17,1190.8,1238.01,1157.25,2.0,3.0,47.21,4.31,37,40566.06,1746.77,2.93,17.52,6.04,1.92,3,1093.65,-1.85,1073.4
2026-05-26 10:33:57,2026-05-26,PERSISTENT.NS,BULL,0.866,,,WATCH,5200.67,4949.4,5703.21,5954.48,5411.7,2.0,3.0,251.27,4.83,6,31204.02,1507.62,3.31,5.11,4.45,0.67,2,5187.7,-2.33,5067.0
2026-05-26 10:33:57,2026-05-26,COFORGE.NS,BULL,0.866,,,WATCH,1450.62,1373.28,1605.3,1682.64,1525.3,2.0,3.0,77.34,5.33,48,69629.76,3712.32,3.67,16.46,5.62,0.5,3,1447.0,-2.83,1406.1
2026-05-26 10:33:57,2026-05-26,KPITTECH.NS,BULL,0.866,,,WATCH,797.29,761.32,869.23,905.2,826.45,2.0,3.0,35.97,4.51,104,82918.16,3740.88,3.15,2.64,4.13,0.63,3,795.3,-4.19,762.0
2026-05-26 10:33:57,2026-05-26,MOTILALOFS.NS,BULL,0.866,,,WATCH,904.76,869.1,976.08,1011.74,960.65,2.0,3.0,35.66,3.94,105,94999.8,3744.3,2.69,12.45,6.77,0.55,3,902.5,-1.92,885.2
2026-05-26 10:33:57,2026-05-26,BSE.NS,BULL,0.866,,,READY,4338.82,4157.12,4702.22,4883.92,4506.0,2.0,3.0,181.7,4.19,20,86776.4,3634.0,2.8,18.51,4.2,0.75,3,4328.0,-0.18,4320.4
2026-05-26 10:33:57,2026-05-26,CGPOWER.NS,BULL,0.866,,,READY,889.02,849.53,968.0,1007.49,958.6,2.0,3.0,39.49,4.44,44,39116.88,1737.56,2.99,6.37,8.29,0.62,3,886.8,-0.67,880.9
2026-05-26 10:33:57,2026-05-26,THERMAX.NS,BULL,0.866,,,WATCH,4892.2,4583.61,5509.38,5817.97,5186.0,2.0,3.0,308.59,6.31,12,58706.4,3703.08,4.61,11.43,6.85,0.48,3,4880.0,-8.63,4459.0
2026-05-26 10:33:57,2026-05-26,LALPATHLAB.NS,BULL,0.866,,,WATCH,1724.2,1629.9,1912.8,2007.1,1849.0,2.0,3.0,94.3,5.47,39,67243.8,3677.7,3.88,15.57,7.86,0.2,3,1719.9,-5.81,1620.0
2026-05-26 10:33:57,2026-05-26,OIL.NS,BULL,0.866,,,WATCH,532.33,510.55,575.89,597.67,561.95,2.0,3.0,21.78,4.09,80,42586.4,1742.4,2.97,-1.14,6.24,0.4,3,531.0,-7.94,488.85
2026-05-26 10:33:57,2026-05-26,COALINDIA.NS,BULL,0.866,,,WATCH,492.48,475.81,525.82,542.49,507.0,2.0,3.0,16.67,3.38,104,51217.92,1733.68,2.37,-2.75,3.42,0.67,3,491.25,-4.68,468.25
2026-05-26 10:33:57,2026-05-26,IRCTC.NS,BULL,0.866,,,WATCH,582.75,564.78,618.69,636.66,603.75,2.0,3.0,17.97,3.08,97,56526.75,1743.09,2.21,-1.62,4.21,0.64,2,581.3,-6.59,543.0
2026-05-26 10:34:43,2026-05-26,HDFCBANK.NS,BULL,0.867,,,WATCH,803.55,779.5,851.65,875.7,837.25,2.0,3.0,24.05,2.99,72,57855.6,1731.6,2.03,1.07,4.62,0.73,2,801.55,-1.45,789.95
2026-05-26 10:34:43,2026-05-26,KOTAKBANK.NS,BULL,0.867,,,READY,396.14,382.47,423.48,437.15,414.0,2.0,3.0,13.67,3.45,128,50705.92,1749.76,2.33,2.05,4.88,0.54,3,395.15,-1.02,391.1
2026-05-26 10:34:43,2026-05-26,TECHM.NS,BULL,0.867,,,WATCH,1510.57,1450.68,1630.35,1690.24,1577.2,2.0,3.0,59.89,3.96,29,43806.53,1736.81,2.77,-1.42,4.92,0.48,3,1506.8,-4.17,1444.0
2026-05-26 10:34:43,2026-05-26,BHARTIARTL.NS,BULL,0.867,,,WATCH,1958.68,1897.1,2081.84,2143.42,2012.1,2.0,3.0,61.58,3.14,28,54843.04,1724.24,2.2,-1.47,3.1,0.53,3,1953.8,-4.46,1866.6
2026-05-26 10:34:43,2026-05-26,LT.NS,BULL,0.867,,,WATCH,4109.71,4002.6,4323.93,4431.04,4292.32,2.0,3.0,107.11,2.61,16,65755.36,1713.76,1.77,-1.07,4.88,0.61,3,4099.46,-1.77,4026.8
2026-05-26 10:34:43,2026-05-26,ASIANPAINT.NS,BULL,0.867,,,READY,2690.81,2600.07,2872.29,2963.03,2806.2,2.0,3.0,90.74,3.37,19,51125.39,1724.06,2.28,8.27,4.64,0.82,3,2684.1,-0.97,2658.0
2026-05-26 10:34:43,2026-05-26,MARUTI.NS,BULL,0.867,,,WATCH,14010.94,13612.26,14808.3,15206.98,14494.0,2.0,3.0,398.68,2.85,4,56043.76,1594.72,2.01,-0.43,3.96,0.64,2,13976.0,-5.23,13245.0
2026-05-26 10:34:43,2026-05-26,M&M.NS,BULL,0.867,,,WATCH,3407.5,3286.15,3650.2,3771.55,3539.7,2.0,3.0,121.35,3.56,14,47705.0,1698.9,2.56,-0.26,4.51,0.68,2,3399.0,-7.18,3154.8
2026-05-26 10:34:43,2026-05-26,SUNPHARMA.NS,BULL,0.867,,,WATCH,1921.39,1864.44,2035.29,2092.24,2003.7,2.0,3.0,56.95,2.96,30,57641.7,1708.5,2.09,1.85,4.7,0.7,2,1916.6,-5.17,1817.5
2026-05-26 10:34:43,2026-05-26,BAJFINANCE.NS,BULL,0.867,,,WATCH,994.73,961.32,1061.55,1094.96,1037.4,2.0,3.0,33.41,3.36,52,51725.96,1737.32,2.35,1.56,4.87,0.83,3,992.25,-4.5,947.6
2026-05-26 10:34:43,2026-05-26,BAJAJ-AUTO.NS,BULL,0.867,,,WATCH,10811.96,10423.67,11588.54,11976.83,11476.5,2.0,3.0,388.29,3.59,4,43247.84,1553.16,2.46,9.95,6.56,0.82,3,10785.0,-2.41,10525.0
2026-05-26 10:34:43,2026-05-26,JSWSTEEL.NS,BULL,0.867,,,WATCH,1317.28,1280.21,1391.42,1428.49,1353.5,2.0,3.0,37.07,2.81,47,61912.16,1742.29,1.91,0.94,3.07,0.94,3,1314.0,-1.37,1296.0
2026-05-26 10:34:43,2026-05-26,ADANIPORTS.NS,BULL,0.867,,,READY,1828.46,1759.86,1965.66,2034.26,1898.2,2.0,3.0,68.6,3.75,54,98736.84,3704.4,2.52,8.75,4.14,0.42,3,1823.9,-0.65,1812.1
2026-05-26 10:34:43,2026-05-26,ADANIENT.NS,BULL,0.867,,,READY,2912.36,2773.45,3190.18,3329.09,3126.2,2.0,3.0,138.91,4.77,26,75721.36,3611.66,3.19,19.24,7.97,0.59,3,2905.1,-0.15,2900.7
2026-05-26 10:34:43,2026-05-26,POLYCAB.NS,BULL,0.867,,,READY,9463.6,9128.03,10134.74,10470.31,9863.5,2.0,3.0,335.57,3.55,11,104099.6,3691.27,2.37,15.45,4.55,0.48,3,9440.0,-0.05,9435.0
2026-05-26 10:34:43,2026-05-26,GRASIM.NS,BULL,0.867,,,READY,3200.28,3089.67,3421.5,3532.11,3504.0,2.0,3.0,110.61,3.46,15,48004.2,1659.15,2.32,13.1,9.97,1.49,3,3192.3,-0.39,3179.8
2026-05-26 10:34:43,2026-05-26,HAL.NS,BULL,0.867,,,WATCH,4848.39,4645.76,5253.65,5456.28,5034.5,2.0,3.0,202.63,4.18,8,38787.12,1621.04,3.06,1.23,4.52,0.65,2,4836.3,-8.61,4419.8
2026-05-26 10:34:43,2026-05-26,CUMMINSIND.NS,BULL,0.867,,,WATCH,5484.18,5296.14,5860.26,6048.3,5741.5,2.0,3.0,188.04,3.43,9,49357.62,1692.36,2.32,1.69,5.03,0.77,3,5470.5,-1.38,5395.0
2026-05-26 10:34:43,2026-05-26,PIDILITIND.NS,BULL,0.867,,,WATCH,1518.79,1464.74,1626.89,1680.94,1592.0,2.0,3.0,54.05,3.56,32,48601.28,1729.6,2.45,5.68,5.23,0.38,3,1515.0,-2.8,1472.6
2026-05-26 10:34:43,2026-05-26,BERGEPAINT.NS,BULL,0.867,,,WATCH,541.7,508.52,608.06,641.24,573.1,2.0,3.0,33.18,6.13,113,61212.1,3749.34,4.29,10.76,6.47,0.25,3,540.35,-4.65,515.25
2026-05-26 10:34:43,2026-05-26,DABUR.NS,BULL,0.867,,,WATCH,491.73,474.06,527.07,544.74,502.65,2.0,3.0,17.67,3.59,99,48681.27,1749.33,2.63,-2.24,2.71,0.54,2,490.5,-8.81,447.3
2026-05-26 10:34:43,2026-05-26,DLF.NS,BULL,0.867,,,WATCH,621.55,596.66,671.33,696.22,651.2,2.0,3.0,24.89,4.0,70,43508.5,1742.3,2.79,-0.24,5.3,0.66,3,620.0,-4.03,595.0
2026-05-26 10:34:43,2026-05-26,KEI.NS,BULL,0.867,,,READY,5358.36,5110.9,5853.28,6100.74,5649.9,2.0,3.0,247.46,4.62,7,37508.52,1732.22,3.1,7.41,5.82,0.61,3,5345.0,-0.52,5317.4
2026-05-26 10:34:43,2026-05-26,SRF.NS,BULL,0.867,,,WATCH,2839.18,2734.18,3049.18,3154.18,3014.5,2.0,3.0,105.0,3.7,16,45426.88,1680.0,2.53,8.25,6.83,0.63,3,2832.1,-2.47,2762.1
2026-05-26 10:34:43,2026-05-26,ZYDUSLIFE.NS,BULL,0.867,,,WATCH,1096.38,1049.17,1190.8,1238.01,1157.25,2.0,3.0,47.21,4.31,37,40566.06,1746.77,2.93,17.51,6.04,1.92,3,1093.65,-1.85,1073.4
2026-05-26 10:34:43,2026-05-26,PERSISTENT.NS,BULL,0.867,,,WATCH,5200.67,4949.4,5703.21,5954.48,5411.7,2.0,3.0,251.27,4.83,6,31204.02,1507.62,3.3,5.14,4.45,0.67,2,5187.7,-2.29,5068.8
2026-05-26 10:34:43,2026-05-26,COFORGE.NS,BULL,0.867,,,WATCH,1450.62,1373.28,1605.3,1682.64,1525.3,2.0,3.0,77.34,5.33,48,69629.76,3712.32,3.67,16.47,5.62,0.5,3,1447.0,-2.81,1406.3
2026-05-26 10:34:43,2026-05-26,KPITTECH.NS,BULL,0.867,,,WATCH,797.29,761.32,869.23,905.2,826.45,2.0,3.0,35.97,4.51,104,82918.16,3740.88,3.15,2.62,4.13,0.63,3,795.3,-4.19,761.95
2026-05-26 10:34:43,2026-05-26,MOTILALOFS.NS,BULL,0.867,,,WATCH,904.76,869.1,976.08,1011.74,960.65,2.0,3.0,35.66,3.94,105,94999.8,3744.3,2.69,12.43,6.77,0.55,3,902.5,-1.92,885.15
2026-05-26 10:34:43,2026-05-26,BSE.NS,BULL,0.867,,,READY,4338.82,4157.12,4702.22,4883.92,4506.0,2.0,3.0,181.7,4.19,20,86776.4,3634.0,2.8,18.51,4.2,0.75,3,4328.0,-0.16,4321.0
2026-05-26 10:34:43,2026-05-26,CGPOWER.NS,BULL,0.867,,,READY,889.02,849.53,968.0,1007.49,958.6,2.0,3.0,39.49,4.44,44,39116.88,1737.56,2.99,6.34,8.29,0.62,3,886.8,-0.69,880.7
2026-05-26 10:34:43,2026-05-26,THERMAX.NS,BULL,0.867,,,WATCH,4892.2,4583.61,5509.38,5817.97,5186.0,2.0,3.0,308.59,6.31,12,58706.4,3703.08,4.62,11.38,6.85,0.48,3,4880.0,-8.66,4457.3
2026-05-26 10:34:43,2026-05-26,LALPATHLAB.NS,BULL,0.867,,,WATCH,1724.2,1629.9,1912.8,2007.1,1849.0,2.0,3.0,94.3,5.47,39,67243.8,3677.7,3.88,15.55,7.86,0.2,3,1719.9,-5.81,1619.9
2026-05-26 10:34:43,2026-05-26,OIL.NS,BULL,0.867,,,WATCH,532.33,510.55,575.89,597.67,561.95,2.0,3.0,21.78,4.09,80,42586.4,1742.4,2.97,-1.18,6.24,0.4,3,531.0,-7.97,488.7
2026-05-26 10:34:43,2026-05-26,COALINDIA.NS,BULL,0.867,,,WATCH,492.48,475.8,525.84,542.52,507.15,2.0,3.0,16.68,3.39,104,51217.92,1734.72,2.37,-2.72,3.45,0.67,3,491.25,-4.64,468.45
2026-05-26 10:34:43,2026-05-26,IRCTC.NS,BULL,0.867,,,WATCH,582.75,564.78,618.69,636.66,603.75,2.0,3.0,17.97,3.08,97,56526.75,1743.09,2.21,-1.59,4.21,0.64,2,581.3,-6.55,543.2
2026-05-26 10:34:43,2026-05-26,TIINDIA.NS,BULL,0.867,,,WATCH,3107.75,2941.01,3441.23,3607.97,3336.1,2.0,3.0,166.74,5.37,10,31077.5,1667.4,3.64,2.69,7.83,0.72,3,3100.0,-1.46,3054.8
2026-05-26 10:35:26,2026-05-26,HDFCBANK.NS,BULL,0.868,,,WATCH,803.55,779.5,851.65,875.7,837.25,2.0,3.0,24.05,2.99,72,57855.6,1731.6,2.03,1.07,4.62,0.73,2,801.55,-1.43,790.05
2026-05-26 10:35:26,2026-05-26,KOTAKBANK.NS,BULL,0.868,,,READY,396.14,382.47,423.48,437.15,414.0,2.0,3.0,13.67,3.45,128,50705.92,1749.76,2.33,2.05,4.88,0.54,3,395.15,-1.01,391.15
2026-05-26 10:35:26,2026-05-26,TECHM.NS,BULL,0.868,,,WATCH,1510.57,1450.68,1630.35,1690.24,1577.2,2.0,3.0,59.89,3.96,29,43806.53,1736.81,2.77,-1.44,4.92,0.48,3,1506.8,-4.17,1443.9
2026-05-26 10:35:26,2026-05-26,BHARTIARTL.NS,BULL,0.868,,,WATCH,1958.68,1897.1,2081.84,2143.42,2012.1,2.0,3.0,61.58,3.14,28,54843.04,1724.24,2.2,-1.55,3.1,0.53,3,1953.8,-4.52,1865.4
2026-05-26 10:35:26,2026-05-26,LT.NS,BULL,0.868,,,WATCH,4109.71,4002.6,4323.93,4431.04,4292.32,2.0,3.0,107.11,2.61,16,65755.36,1713.76,1.77,-1.05,4.88,0.61,3,4099.46,-1.74,4028.1
2026-05-26 10:35:26,2026-05-26,ASIANPAINT.NS,BULL,0.868,,,READY,2690.81,2600.07,2872.29,2963.03,2806.2,2.0,3.0,90.74,3.37,19,51125.39,1724.06,2.28,8.22,4.64,0.82,3,2684.1,-1.01,2657.0
2026-05-26 10:35:26,2026-05-26,MARUTI.NS,BULL,0.868,,,WATCH,14010.94,13612.26,14808.3,15206.98,14494.0,2.0,3.0,398.68,2.85,4,56043.76,1594.72,2.01,-0.42,3.96,0.64,2,13976.0,-5.22,13247.0
2026-05-26 10:35:26,2026-05-26,M&M.NS,BULL,0.868,,,WATCH,3407.5,3285.91,3650.68,3772.27,3539.7,2.0,3.0,121.59,3.57,14,47705.0,1702.26,2.57,-0.23,4.51,0.68,2,3399.0,-7.15,3156.0
2026-05-26 10:35:26,2026-05-26,SUNPHARMA.NS,BULL,0.868,,,WATCH,1921.39,1864.44,2035.29,2092.24,2003.7,2.0,3.0,56.95,2.96,30,57641.7,1708.5,2.09,1.93,4.69,0.7,2,1916.6,-5.08,1819.2
2026-05-26 10:35:26,2026-05-26,BAJAJ-AUTO.NS,BULL,0.868,,,WATCH,10811.96,10423.67,11588.54,11976.83,11476.5,2.0,3.0,388.29,3.59,4,43247.84,1553.16,2.46,9.87,6.56,0.82,3,10785.0,-2.47,10518.5
2026-05-26 10:35:26,2026-05-26,JSWSTEEL.NS,BULL,0.868,,,WATCH,1317.28,1280.21,1391.42,1428.49,1353.5,2.0,3.0,37.07,2.81,47,61912.16,1742.29,1.91,0.94,3.07,0.94,3,1314.0,-1.36,1296.1
2026-05-26 10:35:26,2026-05-26,ADANIPORTS.NS,BULL,0.868,,,READY,1828.46,1759.86,1965.66,2034.26,1898.2,2.0,3.0,68.6,3.75,54,98736.84,3704.4,2.52,8.81,4.14,0.42,3,1823.9,-0.59,1813.2
2026-05-26 10:35:26,2026-05-26,ADANIENT.NS,BULL,0.868,,,READY,2912.36,2773.45,3190.18,3329.09,3126.2,2.0,3.0,138.91,4.77,26,75721.36,3611.66,3.19,19.25,7.97,0.6,3,2905.1,-0.13,2901.2
2026-05-26 10:35:26,2026-05-26,POLYCAB.NS,BULL,0.868,,,READY,9463.6,9128.03,10134.74,10470.31,9863.5,2.0,3.0,335.57,3.55,11,104099.6,3691.27,2.37,15.44,4.55,0.48,3,9440.0,-0.05,9435.0
2026-05-26 10:35:26,2026-05-26,GRASIM.NS,BULL,0.868,,,READY,3200.28,3089.67,3421.5,3532.11,3504.0,2.0,3.0,110.61,3.46,15,48004.2,1659.15,2.32,13.1,9.97,1.49,3,3192.3,-0.39,3180.0
2026-05-26 10:35:26,2026-05-26,HAL.NS,BULL,0.868,,,WATCH,4848.39,4645.76,5253.65,5456.28,5034.5,2.0,3.0,202.63,4.18,8,38787.12,1621.04,3.06,1.22,4.52,0.65,2,4836.3,-8.62,4419.6
2026-05-26 10:35:26,2026-05-26,CUMMINSIND.NS,BULL,0.868,,,WATCH,5484.18,5296.14,5860.26,6048.3,5741.5,2.0,3.0,188.04,3.43,9,49357.62,1692.36,2.33,1.47,5.04,0.77,3,5470.5,-1.58,5384.0
2026-05-26 10:35:26,2026-05-26,PIDILITIND.NS,BULL,0.868,,,WATCH,1518.79,1464.74,1626.89,1680.94,1592.0,2.0,3.0,54.05,3.56,32,48601.28,1729.6,2.45,5.66,5.23,0.38,3,1515.0,-2.81,1472.4
2026-05-26 10:35:26,2026-05-26,BERGEPAINT.NS,BULL,0.868,,,WATCH,541.7,508.5,608.1,641.3,573.1,2.0,3.0,33.2,6.13,112,60670.4,3718.4,4.3,10.76,6.47,0.25,3,540.35,-4.64,515.3
2026-05-26 10:35:26,2026-05-26,DABUR.NS,BULL,0.868,,,WATCH,491.73,474.06,527.07,544.74,502.65,2.0,3.0,17.67,3.59,99,48681.27,1749.33,2.63,-2.25,2.71,0.54,2,490.5,-8.81,447.3
2026-05-26 10:35:26,2026-05-26,DLF.NS,BULL,0.868,,,WATCH,621.55,596.64,671.37,696.28,651.2,2.0,3.0,24.91,4.01,70,43508.5,1743.7,2.79,-0.25,5.3,0.66,3,620.0,-4.03,595.0
2026-05-26 10:35:26,2026-05-26,KEI.NS,BULL,0.868,,,READY,5358.36,5110.9,5853.28,6100.74,5649.9,2.0,3.0,247.46,4.62,7,37508.52,1732.22,3.1,7.44,5.81,0.61,3,5345.0,-0.48,5319.5
2026-05-26 10:35:26,2026-05-26,SRF.NS,BULL,0.868,,,WATCH,2839.18,2734.18,3049.18,3154.18,3014.5,2.0,3.0,105.0,3.7,16,45426.88,1680.0,2.54,8.17,6.83,0.63,3,2832.1,-2.54,2760.1
2026-05-26 10:35:26,2026-05-26,ZYDUSLIFE.NS,BULL,0.868,,,WATCH,1096.38,1049.17,1190.8,1238.01,1157.25,2.0,3.0,47.21,4.31,37,40566.06,1746.77,2.93,17.47,6.04,1.92,3,1093.65,-1.88,1073.1
2026-05-26 10:35:26,2026-05-26,PERSISTENT.NS,BULL,0.868,,,WATCH,5200.67,4949.4,5703.21,5954.48,5411.7,2.0,3.0,251.27,4.83,6,31204.02,1507.62,3.31,5.08,4.45,0.67,2,5187.7,-2.33,5066.7
2026-05-26 10:35:26,2026-05-26,COFORGE.NS,BULL,0.868,,,WATCH,1450.62,1373.28,1605.3,1682.64,1525.3,2.0,3.0,77.34,5.33,48,69629.76,3712.32,3.67,16.41,5.62,0.5,3,1447.0,-2.85,1405.7
2026-05-26 10:35:26,2026-05-26,KPITTECH.NS,BULL,0.868,,,WATCH,797.29,761.32,869.23,905.2,826.45,2.0,3.0,35.97,4.51,48,38269.92,1726.56,3.15,2.4,4.13,0.63,3,795.3,-4.39,760.35
2026-05-26 10:35:26,2026-05-26,MOTILALOFS.NS,BULL,0.868,,,WATCH,904.76,869.1,976.08,1011.74,960.65,2.0,3.0,35.66,3.94,105,94999.8,3744.3,2.69,12.32,6.77,0.55,3,902.5,-2.01,884.35
2026-05-26 10:35:26,2026-05-26,BSE.NS,BULL,0.868,,,READY,4338.82,4157.12,4702.22,4883.92,4506.0,2.0,3.0,181.7,4.19,20,86776.4,3634.0,2.8,18.57,4.2,0.75,3,4328.0,-0.11,4323.3
2026-05-26 10:35:26,2026-05-26,CGPOWER.NS,BULL,0.868,,,READY,889.02,849.53,968.0,1007.49,958.6,2.0,3.0,39.49,4.44,44,39116.88,1737.56,2.99,6.3,8.29,0.62,3,886.8,-0.72,880.45
2026-05-26 10:35:26,2026-05-26,THERMAX.NS,BULL,0.868,,,WATCH,4892.2,4583.61,5509.38,5817.97,5186.0,2.0,3.0,308.59,6.31,12,58706.4,3703.08,4.62,11.37,6.85,0.48,3,4880.0,-8.66,4457.4
2026-05-26 10:35:26,2026-05-26,LALPATHLAB.NS,BULL,0.868,,,WATCH,1724.2,1629.9,1912.8,2007.1,1849.0,2.0,3.0,94.3,5.47,39,67243.8,3677.7,3.88,15.54,7.86,0.2,3,1719.9,-5.81,1619.9
2026-05-26 10:35:26,2026-05-26,OIL.NS,BULL,0.868,,,WATCH,532.33,510.55,575.89,597.67,561.95,2.0,3.0,21.78,4.09,80,42586.4,1742.4,2.97,-1.17,6.24,0.4,3,531.0,-7.95,488.8
2026-05-26 10:35:26,2026-05-26,COALINDIA.NS,BULL,0.868,,,WATCH,492.48,475.76,525.92,542.64,507.5,2.0,3.0,16.72,3.4,104,51217.92,1738.88,2.38,-2.64,3.53,0.67,3,491.25,-4.55,468.9
2026-05-26 10:35:26,2026-05-26,IRCTC.NS,BULL,0.868,,,WATCH,582.75,564.78,618.69,636.66,603.75,2.0,3.0,17.97,3.08,97,56526.75,1743.09,2.21,-1.6,4.21,0.64,2,581.3,-6.55,543.2
2026-05-26 10:35:26,2026-05-26,TIINDIA.NS,BULL,0.868,,,WATCH,3107.75,2941.01,3441.23,3607.97,3336.1,2.0,3.0,166.74,5.37,10,31077.5,1667.4,3.64,2.68,7.83,0.72,3,3100.0,-1.45,3054.9
2026-05-26 10:38:47,2026-05-26,HDFCBANK.NS,BULL,0.869,,,WATCH,803.55,779.5,851.65,875.7,837.25,2.0,3.0,24.05,2.99,72,57855.6,1731.6,2.03,1.05,4.62,0.73,2,801.55,-1.43,790.05
2026-05-26 10:38:47,2026-05-26,KOTAKBANK.NS,BULL,0.869,,,READY,396.14,382.47,423.48,437.15,414.0,2.0,3.0,13.67,3.45,128,50705.92,1749.76,2.33,1.97,4.88,0.54,3,395.15,-1.08,390.9
2026-05-26 10:38:47,2026-05-26,TECHM.NS,BULL,0.869,,,WATCH,1510.57,1450.68,1630.35,1690.24,1577.2,2.0,3.0,59.89,3.96,29,43806.53,1736.81,2.77,-1.46,4.92,0.48,3,1506.8,-4.18,1443.8
2026-05-26 10:38:47,2026-05-26,BHARTIARTL.NS,BULL,0.869,,,WATCH,1958.68,1897.1,2081.84,2143.42,2012.1,2.0,3.0,61.58,3.14,28,54843.04,1724.24,2.2,-1.59,3.1,0.53,3,1953.8,-4.54,1865.0
2026-05-26 10:38:47,2026-05-26,LT.NS,BULL,0.869,,,WATCH,4109.71,4002.6,4323.93,4431.04,4292.32,2.0,3.0,107.11,2.61,16,65755.36,1713.76,1.77,-1.0,4.88,0.61,3,4099.46,-1.68,4030.7
2026-05-26 10:38:47,2026-05-26,ASIANPAINT.NS,BULL,0.869,,,READY,2690.81,2600.07,2872.29,2963.03,2806.2,2.0,3.0,90.74,3.37,19,51125.39,1724.06,2.28,8.2,4.64,0.82,3,2684.1,-1.01,2657.0
2026-05-26 10:38:47,2026-05-26,MARUTI.NS,BULL,0.869,,,WATCH,14010.94,13612.26,14808.3,15206.98,14494.0,2.0,3.0,398.68,2.85,4,56043.76,1594.72,2.01,-0.52,3.96,0.64,2,13976.0,-5.29,13236.0
2026-05-26 10:38:47,2026-05-26,M&M.NS,BULL,0.869,,,WATCH,3407.5,3285.68,3651.14,3772.96,3539.7,2.0,3.0,121.82,3.58,14,47705.0,1705.48,2.58,-0.38,4.51,0.69,2,3399.0,-7.28,3151.7
2026-05-26 10:38:47,2026-05-26,SUNPHARMA.NS,BULL,0.869,,,WATCH,1921.39,1864.44,2035.29,2092.24,2003.7,2.0,3.0,56.95,2.96,30,57641.7,1708.5,2.08,2.07,4.69,0.7,2,1916.6,-4.94,1822.0
2026-05-26 10:38:47,2026-05-26,BAJFINANCE.NS,BULL,0.869,,,WATCH,994.73,961.32,1061.55,1094.96,1037.4,2.0,3.0,33.41,3.36,52,51725.96,1737.32,2.35,1.55,4.87,0.83,3,992.25,-4.48,947.8
2026-05-26 10:38:47,2026-05-26,BAJAJ-AUTO.NS,BULL,0.869,,,WATCH,10811.96,10423.67,11588.54,11976.83,11476.5,2.0,3.0,388.29,3.59,4,43247.84,1553.16,2.46,9.84,6.56,0.82,3,10785.0,-2.48,10517.0
2026-05-26 10:38:47,2026-05-26,JSWSTEEL.NS,BULL,0.869,,,WATCH,1317.28,1280.21,1391.42,1428.49,1353.5,2.0,3.0,37.07,2.81,47,61912.16,1742.29,1.91,0.81,3.07,0.94,3,1314.0,-1.47,1294.7
2026-05-26 10:38:47,2026-05-26,ADANIPORTS.NS,BULL,0.869,,,READY,1828.46,1759.86,1965.66,2034.26,1898.2,2.0,3.0,68.6,3.75,54,98736.84,3704.4,2.52,8.91,4.14,0.42,3,1823.9,-0.48,1815.1
2026-05-26 10:38:47,2026-05-26,ADANIENT.NS,BULL,0.869,,,READY,2912.36,2773.45,3190.18,3329.09,3126.2,2.0,3.0,138.91,4.77,26,75721.36,3611.66,3.19,19.3,7.97,0.6,3,2905.1,-0.08,2902.9
2026-05-26 10:38:47,2026-05-26,POLYCAB.NS,BULL,0.869,,,READY,9463.6,9128.03,10134.74,10470.31,9863.5,2.0,3.0,335.57,3.55,11,104099.6,3691.27,2.37,15.42,4.55,0.48,3,9440.0,-0.05,9435.0
2026-05-26 10:38:47,2026-05-26,GRASIM.NS,BULL,0.869,,,READY,3200.28,3089.67,3421.5,3532.11,3504.0,2.0,3.0,110.61,3.46,15,48004.2,1659.15,2.32,13.02,9.97,1.49,3,3192.3,-0.43,3178.5
2026-05-26 10:38:47,2026-05-26,HAL.NS,BULL,0.869,,,WATCH,4848.39,4645.76,5253.65,5456.28,5034.5,2.0,3.0,202.63,4.18,8,38787.12,1621.04,3.06,1.15,4.52,0.65,2,4836.3,-8.66,4417.6
2026-05-26 10:38:47,2026-05-26,CUMMINSIND.NS,BULL,0.869,,,WATCH,5484.18,5296.14,5860.26,6048.3,5741.5,2.0,3.0,188.04,3.43,9,49357.62,1692.36,2.33,1.56,5.03,0.77,3,5470.5,-1.47,5390.0
2026-05-26 10:38:47,2026-05-26,PIDILITIND.NS,BULL,0.869,,,WATCH,1518.79,1464.74,1626.89,1680.94,1592.0,2.0,3.0,54.05,3.56,32,48601.28,1729.6,2.45,5.65,5.23,0.38,3,1515.0,-2.81,1472.5
2026-05-26 10:38:47,2026-05-26,BERGEPAINT.NS,BULL,0.869,,,WATCH,541.7,508.17,608.76,642.29,573.1,2.0,3.0,33.53,6.19,111,60128.7,3721.83,4.31,11.53,6.47,0.26,3,540.35,-3.96,518.95
2026-05-26 10:38:47,2026-05-26,DABUR.NS,BULL,0.869,,,WATCH,491.73,474.06,527.07,544.74,502.65,2.0,3.0,17.67,3.59,99,48681.27,1749.33,2.63,-2.28,2.71,0.54,2,490.5,-8.82,447.25
2026-05-26 10:38:47,2026-05-26,DLF.NS,BULL,0.869,,,WATCH,621.55,596.52,671.61,696.64,651.2,2.0,3.0,25.03,4.03,69,42886.95,1727.07,2.8,-0.04,5.29,0.67,3,620.0,-3.81,596.4
2026-05-26 10:38:47,2026-05-26,KEI.NS,BULL,0.869,,,READY,5358.36,5110.84,5853.4,6100.92,5649.9,2.0,3.0,247.52,4.62,7,37508.52,1732.64,3.1,7.52,5.81,0.61,3,5345.0,-0.39,5324.3
2026-05-26 10:38:47,2026-05-26,SRF.NS,BULL,0.869,,,WATCH,2839.18,2734.18,3049.18,3154.18,3014.5,2.0,3.0,105.0,3.7,16,45426.88,1680.0,2.54,8.01,6.84,0.63,3,2832.1,-2.66,2756.7
2026-05-26 10:38:47,2026-05-26,ZYDUSLIFE.NS,BULL,0.869,,,WATCH,1096.38,1049.17,1190.8,1238.01,1157.25,2.0,3.0,47.21,4.31,37,40566.06,1746.77,2.93,17.45,6.04,1.92,3,1093.65,-1.87,1073.15
2026-05-26 10:38:47,2026-05-26,PERSISTENT.NS,BULL,0.869,,,WATCH,5200.67,4949.4,5703.21,5954.48,5411.7,2.0,3.0,251.27,4.83,6,31204.02,1507.62,3.31,5.07,4.45,0.67,2,5187.7,-2.33,5067.0
2026-05-26 10:38:47,2026-05-26,COFORGE.NS,BULL,0.869,,,WATCH,1450.62,1373.28,1605.3,1682.64,1525.3,2.0,3.0,77.34,5.33,48,69629.76,3712.32,3.66,16.56,5.62,0.5,3,1447.0,-2.71,1407.8
2026-05-26 10:38:47,2026-05-26,KPITTECH.NS,BULL,0.869,,,WATCH,797.29,761.32,869.23,905.2,826.45,2.0,3.0,35.97,4.51,104,82918.16,3740.88,3.15,2.49,4.13,0.63,3,795.3,-4.29,761.2
2026-05-26 10:38:47,2026-05-26,CHOLAFIN.NS,BULL,0.869,,,WATCH,1739.14,1672.3,1872.82,1939.66,1843.8,2.0,3.0,66.84,3.84,26,45217.64,1737.84,2.81,1.7,7.04,0.58,3,1734.8,-8.62,1585.3
2026-05-26 10:38:47,2026-05-26,MOTILALOFS.NS,BULL,0.869,,,WATCH,904.76,869.1,976.08,1011.74,960.65,2.0,3.0,35.66,3.94,105,94999.8,3744.3,2.69,12.25,6.77,0.55,3,902.5,-2.05,884.0
2026-05-26 10:38:47,2026-05-26,BSE.NS,BULL,0.869,,,READY,4338.82,4157.12,4702.22,4883.92,4506.0,2.0,3.0,181.7,4.19,20,86776.4,3634.0,2.8,18.46,4.2,0.75,3,4328.0,-0.18,4320.0
2026-05-26 10:38:47,2026-05-26,CGPOWER.NS,BULL,0.869,,,READY,889.02,849.53,968.0,1007.49,958.6,2.0,3.0,39.49,4.44,44,39116.88,1737.56,3.0,6.1,8.29,0.62,3,886.8,-0.88,879.0
2026-05-26 10:38:47,2026-05-26,THERMAX.NS,BULL,0.869,,,WATCH,4892.2,4583.61,5509.38,5817.97,5186.0,2.0,3.0,308.59,6.31,12,58706.4,3703.08,4.62,11.23,6.85,0.48,3,4880.0,-8.76,4452.5
2026-05-26 10:38:47,2026-05-26,LALPATHLAB.NS,BULL,0.869,,,WATCH,1724.2,1629.9,1912.8,2007.1,1849.0,2.0,3.0,94.3,5.47,39,67243.8,3677.7,3.88,15.52,7.86,0.2,3,1719.9,-5.81,1619.9
2026-05-26 10:38:47,2026-05-26,OIL.NS,BULL,0.869,,,WATCH,532.33,510.55,575.89,597.67,561.95,2.0,3.0,21.78,4.09,80,42586.4,1742.4,2.97,-1.21,6.24,0.41,3,531.0,-7.97,488.7
2026-05-26 10:38:47,2026-05-26,COALINDIA.NS,BULL,0.869,,,WATCH,492.48,475.65,526.14,542.97,508.55,2.0,3.0,16.83,3.42,103,50725.44,1733.49,2.39,-2.48,3.76,0.68,3,491.25,-4.38,469.75
2026-05-26 10:38:47,2026-05-26,IRCTC.NS,BULL,0.869,,,WATCH,582.75,564.78,618.69,636.66,603.75,2.0,3.0,17.97,3.08,97,56526.75,1743.09,2.2,-1.55,4.21,0.64,2,581.3,-6.49,543.6
2026-05-26 10:38:47,2026-05-26,TIINDIA.NS,BULL,0.869,,,WATCH,3107.75,2941.01,3441.23,3607.97,3336.1,2.0,3.0,166.74,5.37,10,31077.5,1667.4,3.64,2.56,7.83,0.73,3,3100.0,-1.56,3051.7
2026-05-26 10:39:39,2026-05-26,HDFCBANK.NS,BULL,0.869,,,WATCH,803.55,779.5,851.65,875.7,837.25,2.0,3.0,24.05,2.99,72,57855.6,1731.6,2.03,1.08,4.62,0.73,2,801.55,-1.41,790.25
2026-05-26 10:39:39,2026-05-26,KOTAKBANK.NS,BULL,0.869,,,READY,396.14,382.47,423.48,437.15,414.0,2.0,3.0,13.67,3.45,128,50705.92,1749.76,2.33,1.98,4.88,0.54,3,395.15,-1.06,390.95
2026-05-26 10:39:39,2026-05-26,TECHM.NS,BULL,0.869,,,WATCH,1510.57,1450.68,1630.35,1690.24,1577.2,2.0,3.0,59.89,3.96,29,43806.53,1736.81,2.76,-1.4,4.92,0.48,3,1506.8,-4.12,1444.7
2026-05-26 10:39:39,2026-05-26,BHARTIARTL.NS,BULL,0.869,,,WATCH,1958.68,1897.1,2081.84,2143.42,2012.1,2.0,3.0,61.58,3.14,28,54843.04,1724.24,2.2,-1.59,3.1,0.53,3,1953.8,-4.54,1865.0
2026-05-26 10:39:39,2026-05-26,LT.NS,BULL,0.869,,,WATCH,4109.71,4002.6,4323.93,4431.04,4292.32,2.0,3.0,107.11,2.61,16,65755.36,1713.76,1.77,-1.02,4.88,0.61,3,4099.46,-1.7,4029.9
2026-05-26 10:39:39,2026-05-26,ASIANPAINT.NS,BULL,0.869,,,READY,2690.81,2600.07,2872.29,2963.03,2806.2,2.0,3.0,90.74,3.37,19,51125.39,1724.06,2.28,8.16,4.64,0.82,3,2684.1,-1.05,2656.0
2026-05-26 10:39:39,2026-05-26,MARUTI.NS,BULL,0.869,,,WATCH,14010.94,13612.26,14808.3,15206.98,14494.0,2.0,3.0,398.68,2.85,4,56043.76,1594.72,2.01,-0.5,3.96,0.64,2,13976.0,-5.27,13239.0
2026-05-26 10:39:39,2026-05-26,M&M.NS,BULL,0.869,,,WATCH,3407.5,3285.68,3651.14,3772.96,3539.7,2.0,3.0,121.82,3.58,14,47705.0,1705.48,2.58,-0.44,4.51,0.69,2,3399.0,-7.33,3150.0
2026-05-26 10:39:39,2026-05-26,SUNPHARMA.NS,BULL,0.869,,,WATCH,1921.39,1864.44,2035.29,2092.24,2003.7,2.0,3.0,56.95,2.96,30,57641.7,1708.5,2.09,1.97,4.69,0.7,2,1916.6,-5.02,1820.3
2026-05-26 10:39:39,2026-05-26,BAJFINANCE.NS,BULL,0.869,,,WATCH,994.73,961.32,1061.55,1094.96,1037.4,2.0,3.0,33.41,3.36,52,51725.96,1737.32,2.35,1.55,4.87,0.83,3,992.25,-4.47,947.85
2026-05-26 10:39:39,2026-05-26,BAJAJ-AUTO.NS,BULL,0.869,,,WATCH,10811.96,10423.67,11588.54,11976.83,11476.5,2.0,3.0,388.29,3.59,4,43247.84,1553.16,2.46,9.88,6.56,0.82,3,10785.0,-2.45,10521.0
2026-05-26 10:39:39,2026-05-26,JSWSTEEL.NS,BULL,0.869,,,WATCH,1317.28,1280.21,1391.42,1428.49,1353.5,2.0,3.0,37.07,2.81,47,61912.16,1742.29,1.91,0.8,3.07,0.94,3,1314.0,-1.48,1294.6
2026-05-26 10:39:39,2026-05-26,ADANIPORTS.NS,BULL,0.869,,,READY,1828.46,1759.86,1965.66,2034.26,1898.2,2.0,3.0,68.6,3.75,54,98736.84,3704.4,2.52,8.95,4.14,0.42,3,1823.9,-0.44,1815.9
2026-05-26 10:39:39,2026-05-26,ADANIENT.NS,BULL,0.869,,,READY,2912.36,2773.45,3190.18,3329.09,3126.2,2.0,3.0,138.91,4.77,26,75721.36,3611.66,3.19,19.3,7.97,0.6,3,2905.1,-0.08,2902.9
2026-05-26 10:39:39,2026-05-26,POLYCAB.NS,BULL,0.869,,,READY,9463.6,9128.03,10134.74,10470.31,9863.5,2.0,3.0,335.57,3.55,11,104099.6,3691.27,2.37,15.45,4.55,0.48,3,9440.0,-0.03,9437.0
2026-05-26 10:39:39,2026-05-26,GRASIM.NS,BULL,0.869,,,READY,3200.28,3089.67,3421.5,3532.11,3504.0,2.0,3.0,110.61,3.46,15,48004.2,1659.15,2.32,13.04,9.97,1.49,3,3192.3,-0.42,3178.9
2026-05-26 10:39:39,2026-05-26,HAL.NS,BULL,0.869,,,WATCH,4848.39,4645.76,5253.65,5456.28,5034.5,2.0,3.0,202.63,4.18,8,38787.12,1621.04,3.06,1.13,4.52,0.65,2,4836.3,-8.68,4416.5
2026-05-26 10:39:39,2026-05-26,CUMMINSIND.NS,BULL,0.869,,,WATCH,5484.18,5296.14,5860.26,6048.3,5741.5,2.0,3.0,188.04,3.43,9,49357.62,1692.36,2.33,1.53,5.03,0.77,3,5470.5,-1.51,5388.0
2026-05-26 10:39:39,2026-05-26,PIDILITIND.NS,BULL,0.869,,,WATCH,1518.79,1464.74,1626.89,1680.94,1592.0,2.0,3.0,54.05,3.56,32,48601.28,1729.6,2.45,5.69,5.23,0.38,3,1515.0,-2.77,1473.1
2026-05-26 10:39:39,2026-05-26,BERGEPAINT.NS,BULL,0.869,,,WATCH,541.7,508.17,608.76,642.29,573.1,2.0,3.0,33.53,6.19,111,60128.7,3721.83,4.31,11.49,6.47,0.26,3,540.35,-3.99,518.8
2026-05-26 10:39:39,2026-05-26,DABUR.NS,BULL,0.869,,,WATCH,491.73,474.06,527.07,544.74,502.65,2.0,3.0,17.67,3.59,99,48681.27,1749.33,2.63,-2.24,2.71,0.54,2,490.5,-8.78,447.45
2026-05-26 10:39:39,2026-05-26,DLF.NS,BULL,0.869,,,WATCH,621.55,596.51,671.63,696.67,651.3,2.0,3.0,25.04,4.03,69,42886.95,1727.76,2.8,-0.02,5.31,0.67,3,620.0,-3.79,596.5
2026-05-26 10:39:39,2026-05-26,KEI.NS,BULL,0.869,,,READY,5358.36,5110.84,5853.4,6100.92,5649.9,2.0,3.0,247.52,4.62,7,37508.52,1732.64,3.1,7.45,5.81,0.61,3,5345.0,-0.45,5321.0
2026-05-26 10:39:39,2026-05-26,SRF.NS,BULL,0.869,,,WATCH,2839.18,2734.18,3049.18,3154.18,3014.5,2.0,3.0,105.0,3.7,16,45426.88,1680.0,2.54,8.07,6.84,0.63,3,2832.1,-2.61,2758.2
2026-05-26 10:39:39,2026-05-26,ZYDUSLIFE.NS,BULL,0.869,,,WATCH,1096.38,1049.17,1190.8,1238.01,1157.25,2.0,3.0,47.21,4.31,37,40566.06,1746.77,2.93,17.52,6.04,1.92,3,1093.65,-1.82,1073.8
2026-05-26 10:39:39,2026-05-26,PERSISTENT.NS,BULL,0.869,,,WATCH,5200.67,4949.4,5703.21,5954.48,5411.7,2.0,3.0,251.27,4.83,6,31204.02,1507.62,3.3,5.11,4.45,0.67,2,5187.7,-2.29,5069.0
2026-05-26 10:39:39,2026-05-26,COFORGE.NS,BULL,0.869,,,WATCH,1450.62,1373.28,1605.3,1682.64,1525.3,2.0,3.0,77.34,5.33,48,69629.76,3712.32,3.66,16.58,5.61,0.5,3,1447.0,-2.7,1408.0
2026-05-26 10:39:39,2026-05-26,KPITTECH.NS,BULL,0.869,,,WATCH,797.29,761.32,869.23,905.2,826.45,2.0,3.0,35.97,4.51,104,82918.16,3740.88,3.15,2.49,4.13,0.63,3,795.3,-4.29,761.15
2026-05-26 10:39:39,2026-05-26,MOTILALOFS.NS,BULL,0.869,,,WATCH,904.76,869.1,976.08,1011.74,960.65,2.0,3.0,35.66,3.94,105,94999.8,3744.3,2.69,12.3,6.77,0.55,3,902.5,-2.01,884.35
2026-05-26 10:39:39,2026-05-26,BSE.NS,BULL,0.869,,,READY,4338.82,4157.12,4702.22,4883.92,4506.0,2.0,3.0,181.7,4.19,20,86776.4,3634.0,2.8,18.62,4.19,0.75,3,4328.0,-0.04,4326.1
2026-05-26 10:39:39,2026-05-26,CGPOWER.NS,BULL,0.869,,,READY,889.02,849.53,968.0,1007.49,958.6,2.0,3.0,39.49,4.44,44,39116.88,1737.56,2.99,6.14,8.29,0.63,3,886.8,-0.85,879.3
2026-05-26 10:39:39,2026-05-26,THERMAX.NS,BULL,0.869,,,WATCH,4892.2,4583.61,5509.38,5817.97,5186.0,2.0,3.0,308.59,6.31,12,58706.4,3703.08,4.62,11.16,6.85,0.48,3,4880.0,-8.82,4449.7
2026-05-26 10:39:39,2026-05-26,LALPATHLAB.NS,BULL,0.869,,,WATCH,1724.2,1629.9,1912.8,2007.1,1849.0,2.0,3.0,94.3,5.47,39,67243.8,3677.7,3.88,15.52,7.86,0.2,3,1719.9,-5.81,1619.9
2026-05-26 10:39:39,2026-05-26,OIL.NS,BULL,0.869,,,WATCH,532.33,510.55,575.89,597.67,561.95,2.0,3.0,21.78,4.09,80,42586.4,1742.4,2.97,-1.25,6.24,0.41,3,531.0,-8.0,488.5
2026-05-26 10:39:39,2026-05-26,COALINDIA.NS,BULL,0.869,,,WATCH,492.48,475.65,526.14,542.97,508.55,2.0,3.0,16.83,3.42,103,50725.44,1733.49,2.39,-2.43,3.76,0.68,3,491.25,-4.33,470.0
2026-05-26 10:39:39,2026-05-26,IRCTC.NS,BULL,0.869,,,WATCH,582.75,564.78,618.69,636.66,603.75,2.0,3.0,17.97,3.08,97,56526.75,1743.09,2.2,-1.5,4.21,0.64,2,581.3,-6.44,543.85
2026-05-26 10:39:39,2026-05-26,TIINDIA.NS,BULL,0.869,,,WATCH,3107.75,2941.01,3441.23,3607.97,3336.1,2.0,3.0,166.74,5.37,10,31077.5,1667.4,3.64,2.5,7.83,0.73,3,3100.0,-1.61,3050.1
2026-05-26 10:40:49,2026-05-26,HDFCBANK.NS,BULL,0.869,,,WATCH,803.55,779.5,851.65,875.7,837.25,2.0,3.0,24.05,2.99,72,57855.6,1731.6,2.03,1.1,4.62,0.73,2,801.55,-1.39,790.4
2026-05-26 10:40:49,2026-05-26,KOTAKBANK.NS,BULL,0.869,,,READY,396.14,382.47,423.48,437.15,414.0,2.0,3.0,13.67,3.45,128,50705.92,1749.76,2.33,1.99,4.88,0.54,3,395.15,-1.05,391.0
2026-05-26 10:40:49,2026-05-26,TECHM.NS,BULL,0.869,,,WATCH,1510.57,1450.68,1630.35,1690.24,1577.2,2.0,3.0,59.89,3.96,29,43806.53,1736.81,2.76,-1.4,4.92,0.48,3,1506.8,-4.12,1444.7
2026-05-26 10:40:49,2026-05-26,BHARTIARTL.NS,BULL,0.869,,,WATCH,1958.68,1897.1,2081.84,2143.42,2012.1,2.0,3.0,61.58,3.14,28,54843.04,1724.24,2.2,-1.59,3.1,0.53,3,1953.8,-4.55,1864.9
2026-05-26 10:40:49,2026-05-26,LT.NS,BULL,0.869,,,WATCH,4109.71,4002.6,4323.93,4431.04,4292.32,2.0,3.0,107.11,2.61,16,65755.36,1713.76,1.77,-1.01,4.88,0.61,3,4099.46,-1.69,4030.1
2026-05-26 10:40:49,2026-05-26,ASIANPAINT.NS,BULL,0.869,,,READY,2690.81,2600.07,2872.29,2963.03,2806.2,2.0,3.0,90.74,3.37,19,51125.39,1724.06,2.28,8.15,4.64,0.82,3,2684.1,-1.06,2655.6
2026-05-26 10:40:49,2026-05-26,MARUTI.NS,BULL,0.869,,,WATCH,14010.94,13612.26,14808.3,15206.98,14494.0,2.0,3.0,398.68,2.85,4,56043.76,1594.72,2.01,-0.6,3.96,0.64,2,13976.0,-5.37,13226.0
2026-05-26 10:40:49,2026-05-26,M&M.NS,BULL,0.869,,,WATCH,3407.5,3285.68,3651.14,3772.96,3539.7,2.0,3.0,121.82,3.58,14,47705.0,1705.48,2.58,-0.46,4.51,0.69,2,3399.0,-7.35,3149.3
2026-05-26 10:40:49,2026-05-26,SUNPHARMA.NS,BULL,0.869,,,WATCH,1921.39,1864.44,2035.29,2092.24,2003.7,2.0,3.0,56.95,2.96,30,57641.7,1708.5,2.09,1.99,4.69,0.7,2,1916.6,-5.01,1820.5
2026-05-26 10:40:49,2026-05-26,BAJAJ-AUTO.NS,BULL,0.869,,,WATCH,10811.96,10423.67,11588.54,11976.83,11476.5,2.0,3.0,388.29,3.59,4,43247.84,1553.16,2.46,9.87,6.56,0.82,3,10785.0,-2.46,10520.0
2026-05-26 10:40:49,2026-05-26,JSWSTEEL.NS,BULL,0.869,,,WATCH,1317.28,1280.21,1391.42,1428.49,1353.5,2.0,3.0,37.07,2.81,47,61912.16,1742.29,1.91,0.82,3.07,0.94,3,1314.0,-1.46,1294.8
2026-05-26 10:40:49,2026-05-26,ADANIPORTS.NS,BULL,0.869,,,READY,1828.46,1759.86,1965.66,2034.26,1898.2,2.0,3.0,68.6,3.75,54,98736.84,3704.4,2.52,8.94,4.14,0.42,3,1823.9,-0.45,1815.7
2026-05-26 10:40:49,2026-05-26,ADANIENT.NS,BULL,0.869,,,READY,2912.36,2773.45,3190.18,3329.09,3126.2,2.0,3.0,138.91,4.77,26,75721.36,3611.66,3.19,19.39,7.97,0.6,3,2905.1,-0.0,2905.0
2026-05-26 10:40:49,2026-05-26,POLYCAB.NS,BULL,0.869,,,READY,9463.6,9128.03,10134.74,10470.31,9863.5,2.0,3.0,335.57,3.55,11,104099.6,3691.27,2.37,15.41,4.55,0.48,3,9440.0,-0.06,9434.0
2026-05-26 10:40:49,2026-05-26,GRASIM.NS,BULL,0.869,,,READY,3200.28,3089.67,3421.5,3532.11,3504.0,2.0,3.0,110.61,3.46,15,48004.2,1659.15,2.32,13.04,9.97,1.49,3,3192.3,-0.42,3179.0
2026-05-26 10:40:49,2026-05-26,HAL.NS,BULL,0.869,,,WATCH,4848.39,4645.76,5253.65,5456.28,5034.5,2.0,3.0,202.63,4.18,8,38787.12,1621.04,3.06,1.16,4.52,0.65,2,4836.3,-8.65,4417.8
2026-05-26 10:40:49,2026-05-26,CUMMINSIND.NS,BULL,0.869,,,WATCH,5484.18,5296.14,5860.26,6048.3,5741.5,2.0,3.0,188.04,3.43,9,49357.62,1692.36,2.33,1.54,5.03,0.77,3,5470.5,-1.5,5388.5
2026-05-26 10:40:49,2026-05-26,PIDILITIND.NS,BULL,0.869,,,WATCH,1518.79,1464.74,1626.89,1680.94,1592.0,2.0,3.0,54.05,3.56,32,48601.28,1729.6,2.45,5.71,5.23,0.38,3,1515.0,-2.75,1473.4
2026-05-26 10:40:49,2026-05-26,BERGEPAINT.NS,BULL,0.869,,,WATCH,541.7,508.17,608.76,642.29,573.1,2.0,3.0,33.53,6.19,111,60128.7,3721.83,4.31,11.42,6.47,0.26,3,540.35,-4.05,518.45
2026-05-26 10:40:49,2026-05-26,DABUR.NS,BULL,0.869,,,WATCH,491.73,474.06,527.07,544.74,502.65,2.0,3.0,17.67,3.59,99,48681.27,1749.33,2.63,-2.23,2.71,0.54,2,490.5,-8.77,447.5
2026-05-26 10:40:49,2026-05-26,DLF.NS,BULL,0.869,,,WATCH,621.55,596.48,671.69,696.76,651.55,2.0,3.0,25.07,4.03,69,42886.95,1729.83,2.8,-0.0,5.35,0.67,3,620.0,-3.77,596.6
2026-05-26 10:40:49,2026-05-26,KEI.NS,BULL,0.869,,,READY,5358.36,5110.84,5853.4,6100.92,5649.9,2.0,3.0,247.52,4.62,7,37508.52,1732.64,3.1,7.44,5.81,0.61,3,5345.0,-0.47,5320.1
2026-05-26 10:40:49,2026-05-26,SRF.NS,BULL,0.869,,,WATCH,2839.18,2734.18,3049.18,3154.18,3014.5,2.0,3.0,105.0,3.7,16,45426.88,1680.0,2.54,8.03,6.84,0.63,3,2832.1,-2.65,2757.0
2026-05-26 10:40:49,2026-05-26,ZYDUSLIFE.NS,BULL,0.869,,,WATCH,1096.38,1049.17,1190.8,1238.01,1157.25,2.0,3.0,47.21,4.31,37,40566.06,1746.77,2.93,17.54,6.04,1.92,3,1093.65,-1.8,1073.95
2026-05-26 10:40:49,2026-05-26,PERSISTENT.NS,BULL,0.869,,,WATCH,5200.67,4949.4,5703.21,5954.48,5411.7,2.0,3.0,251.27,4.83,6,31204.02,1507.62,3.31,5.09,4.45,0.67,2,5187.7,-2.31,5068.0
2026-05-26 10:40:49,2026-05-26,COFORGE.NS,BULL,0.869,,,WATCH,1450.62,1373.28,1605.3,1682.64,1525.3,2.0,3.0,77.34,5.33,48,69629.76,3712.32,3.66,16.58,5.61,0.5,3,1447.0,-2.7,1408.0
2026-05-26 10:40:49,2026-05-26,KPITTECH.NS,BULL,0.869,,,WATCH,797.29,761.32,869.23,905.2,826.45,2.0,3.0,35.97,4.51,104,82918.16,3740.88,3.15,2.43,4.13,0.63,3,795.3,-4.34,760.75
2026-05-26 10:40:49,2026-05-26,CHOLAFIN.NS,BULL,0.869,,,WATCH,1739.14,1672.3,1872.82,1939.66,1843.8,2.0,3.0,66.84,3.84,26,45217.64,1737.84,2.81,1.72,7.04,0.58,3,1734.8,-8.6,1585.6
2026-05-26 10:40:49,2026-05-26,MOTILALOFS.NS,BULL,0.869,,,WATCH,904.76,869.1,976.08,1011.74,960.65,2.0,3.0,35.66,3.94,105,94999.8,3744.3,2.69,12.3,6.77,0.55,3,902.5,-2.01,884.35
2026-05-26 10:40:49,2026-05-26,BSE.NS,BULL,0.869,,,READY,4342.83,4160.7,4707.09,4889.22,4514.0,2.0,3.0,182.13,4.19,20,86856.6,3642.6,2.8,18.76,4.29,0.75,3,4332.0,-0.02,4331.0
2026-05-26 10:40:49,2026-05-26,CGPOWER.NS,BULL,0.869,,,READY,889.02,849.53,968.0,1007.49,958.6,2.0,3.0,39.49,4.44,44,39116.88,1737.56,3.0,6.04,8.29,0.63,3,886.8,-0.94,878.5
2026-05-26 10:40:49,2026-05-26,THERMAX.NS,BULL,0.869,,,WATCH,4892.2,4583.61,5509.38,5817.97,5186.0,2.0,3.0,308.59,6.31,5,24461.0,1542.95,4.63,10.92,6.85,0.48,3,4880.0,-9.01,4440.1
2026-05-26 10:40:49,2026-05-26,LALPATHLAB.NS,BULL,0.869,,,WATCH,1724.2,1629.9,1912.8,2007.1,1849.0,2.0,3.0,94.3,5.47,39,67243.8,3677.7,3.88,15.53,7.86,0.2,3,1719.9,-5.81,1619.9
2026-05-26 10:40:49,2026-05-26,OIL.NS,BULL,0.869,,,WATCH,532.33,510.55,575.89,597.67,561.95,2.0,3.0,21.78,4.09,80,42586.4,1742.4,2.97,-1.28,6.24,0.41,3,531.0,-8.03,488.35
2026-05-26 10:40:49,2026-05-26,COALINDIA.NS,BULL,0.869,,,WATCH,492.48,475.5,526.44,543.42,509.9,2.0,3.0,16.98,3.45,103,50725.44,1748.94,2.4,-2.23,4.05,0.68,3,491.25,-4.13,470.95
2026-05-26 10:40:49,2026-05-26,IRCTC.NS,BULL,0.869,,,WATCH,582.75,564.78,618.69,636.66,603.75,2.0,3.0,17.97,3.08,97,56526.75,1743.09,2.2,-1.47,4.21,0.64,2,581.3,-6.42,544.0
2026-05-26 10:40:49,2026-05-26,TIINDIA.NS,BULL,0.869,,,WATCH,3107.75,2941.01,3441.23,3607.97,3336.1,2.0,3.0,166.74,5.37,10,31077.5,1667.4,3.64,2.5,7.83,0.73,3,3100.0,-1.61,3050.0
2026-05-26 10:41:52,2026-05-26,HDFCBANK.NS,BULL,0.869,,,WATCH,803.55,779.5,851.65,875.7,837.25,2.0,3.0,24.05,2.99,72,57855.6,1731.6,2.03,1.12,4.62,0.73,2,801.55,-1.37,790.55
2026-05-26 10:41:52,2026-05-26,KOTAKBANK.NS,BULL,0.869,,,READY,396.14,382.47,423.48,437.15,414.0,2.0,3.0,13.67,3.45,128,50705.92,1749.76,2.33,1.99,4.88,0.54,3,395.15,-1.05,391.0
2026-05-26 10:41:52,2026-05-26,TECHM.NS,BULL,0.869,,,WATCH,1510.57,1450.68,1630.35,1690.24,1577.2,2.0,3.0,59.89,3.96,29,43806.53,1736.81,2.76,-1.44,4.92,0.48,3,1506.8,-4.16,1444.1
2026-05-26 10:41:52,2026-05-26,BHARTIARTL.NS,BULL,0.869,,,WATCH,1958.68,1897.1,2081.84,2143.42,2012.1,2.0,3.0,61.58,3.14,28,54843.04,1724.24,2.2,-1.59,3.1,0.53,3,1953.8,-4.54,1865.0
2026-05-26 10:41:52,2026-05-26,LT.NS,BULL,0.869,,,WATCH,4109.71,4002.6,4323.93,4431.04,4292.32,2.0,3.0,107.11,2.61,16,65755.36,1713.76,1.77,-1.02,4.88,0.61,3,4099.46,-1.7,4029.8
2026-05-26 10:41:52,2026-05-26,ASIANPAINT.NS,BULL,0.869,,,READY,2690.81,2600.07,2872.29,2963.03,2806.2,2.0,3.0,90.74,3.37,19,51125.39,1724.06,2.28,8.12,4.64,0.82,3,2684.1,-1.08,2655.0
2026-05-26 10:41:52,2026-05-26,MARUTI.NS,BULL,0.869,,,WATCH,14010.94,13612.26,14808.3,15206.98,14494.0,2.0,3.0,398.68,2.85,4,56043.76,1594.72,2.01,-0.61,3.96,0.64,2,13976.0,-5.38,13224.0
2026-05-26 10:41:52,2026-05-26,M&M.NS,BULL,0.869,,,WATCH,3407.5,3285.68,3651.14,3772.96,3539.7,2.0,3.0,121.82,3.58,14,47705.0,1705.48,2.58,-0.5,4.51,0.69,2,3399.0,-7.38,3148.2
2026-05-26 10:41:52,2026-05-26,SUNPHARMA.NS,BULL,0.869,,,WATCH,1921.39,1864.44,2035.29,2092.24,2003.7,2.0,3.0,56.95,2.96,30,57641.7,1708.5,2.08,2.05,4.69,0.7,2,1916.6,-4.96,1821.6
2026-05-26 10:41:52,2026-05-26,BAJAJ-AUTO.NS,BULL,0.869,,,WATCH,10811.96,10423.67,11588.54,11976.83,11476.5,2.0,3.0,388.29,3.59,4,43247.84,1553.16,2.46,9.86,6.56,0.82,3,10785.0,-2.47,10519.0
2026-05-26 10:41:52,2026-05-26,JSWSTEEL.NS,BULL,0.869,,,WATCH,1317.28,1280.21,1391.42,1428.49,1353.5,2.0,3.0,37.07,2.81,47,61912.16,1742.29,1.91,0.82,3.07,0.94,3,1314.0,-1.45,1294.9
2026-05-26 10:41:52,2026-05-26,ADANIPORTS.NS,BULL,0.869,,,READY,1828.46,1759.86,1965.66,2034.26,1898.2,2.0,3.0,68.6,3.75,54,98736.84,3704.4,2.52,8.83,4.14,0.42,3,1823.9,-0.55,1813.9
2026-05-26 10:41:52,2026-05-26,ADANIENT.NS,BULL,0.869,,,READY,2912.36,2773.45,3190.18,3329.09,3126.2,2.0,3.0,138.91,4.77,26,75721.36,3611.66,3.19,19.34,7.97,0.6,3,2905.1,-0.04,2903.9
2026-05-26 10:41:52,2026-05-26,POLYCAB.NS,BULL,0.869,,,READY,9463.6,9128.03,10134.74,10470.31,9863.5,2.0,3.0,335.57,3.55,11,104099.6,3691.27,2.37,15.34,4.56,0.48,3,9440.0,-0.12,9428.5
2026-05-26 10:41:52,2026-05-26,GRASIM.NS,BULL,0.869,,,READY,3200.28,3089.67,3421.5,3532.11,3504.0,2.0,3.0,110.61,3.46,15,48004.2,1659.15,2.32,13.0,9.97,1.49,3,3192.3,-0.45,3177.9
2026-05-26 10:41:52,2026-05-26,HAL.NS,BULL,0.869,,,WATCH,4848.39,4645.76,5253.65,5456.28,5034.5,2.0,3.0,202.63,4.18,8,38787.12,1621.04,3.06,1.13,4.52,0.65,2,4836.3,-8.68,4416.6
2026-05-26 10:41:52,2026-05-26,CUMMINSIND.NS,BULL,0.869,,,WATCH,5484.18,5296.14,5860.26,6048.3,5741.5,2.0,3.0,188.04,3.43,9,49357.62,1692.36,2.33,1.53,5.03,0.77,3,5470.5,-1.51,5388.0
2026-05-26 10:41:52,2026-05-26,PIDILITIND.NS,BULL,0.869,,,WATCH,1518.79,1464.74,1626.89,1680.94,1592.0,2.0,3.0,54.05,3.56,32,48601.28,1729.6,2.45,5.59,5.23,0.38,3,1515.0,-2.86,1471.7
2026-05-26 10:41:52,2026-05-26,BERGEPAINT.NS,BULL,0.869,,,WATCH,541.7,508.17,608.76,642.29,573.1,2.0,3.0,33.53,6.19,111,60128.7,3721.83,4.32,11.22,6.47,0.26,3,540.35,-4.22,517.55
2026-05-26 10:41:52,2026-05-26,DABUR.NS,BULL,0.869,,,WATCH,491.73,474.06,527.07,544.74,502.65,2.0,3.0,17.67,3.59,99,48681.27,1749.33,2.63,-2.24,2.71,0.54,2,490.5,-8.78,447.45
2026-05-26 10:41:52,2026-05-26,DLF.NS,BULL,0.869,,,WATCH,621.55,596.48,671.69,696.76,651.55,2.0,3.0,25.07,4.03,69,42886.95,1729.83,2.8,-0.05,5.35,0.67,3,620.0,-3.82,596.3
2026-05-26 10:41:52,2026-05-26,KEI.NS,BULL,0.869,,,READY,5358.36,5110.84,5853.4,6100.92,5649.9,2.0,3.0,247.52,4.62,7,37508.52,1732.64,3.11,7.31,5.82,0.61,3,5345.0,-0.58,5314.2
2026-05-26 10:41:52,2026-05-26,SRF.NS,BULL,0.869,,,WATCH,2839.18,2734.18,3049.18,3154.18,3014.5,2.0,3.0,105.0,3.7,16,45426.88,1680.0,2.54,7.99,6.84,0.63,3,2832.1,-2.69,2756.0
2026-05-26 10:41:52,2026-05-26,ZYDUSLIFE.NS,BULL,0.869,,,WATCH,1096.38,1049.17,1190.8,1238.01,1157.25,2.0,3.0,47.21,4.31,37,40566.06,1746.77,2.93,17.54,6.04,1.92,3,1093.65,-1.8,1073.95
2026-05-26 10:41:52,2026-05-26,PERSISTENT.NS,BULL,0.869,,,WATCH,5200.67,4949.4,5703.21,5954.48,5411.7,2.0,3.0,251.27,4.83,6,31204.02,1507.62,3.31,5.05,4.45,0.67,2,5187.7,-2.35,5066.0
2026-05-26 10:41:52,2026-05-26,COFORGE.NS,BULL,0.869,,,WATCH,1450.62,1373.28,1605.3,1682.64,1525.3,2.0,3.0,77.34,5.33,48,69629.76,3712.32,3.66,16.5,5.62,0.5,3,1447.0,-2.76,1407.0
2026-05-26 10:41:52,2026-05-26,KPITTECH.NS,BULL,0.869,,,WATCH,797.29,761.32,869.23,905.2,826.45,2.0,3.0,35.97,4.51,48,38269.92,1726.56,3.15,2.39,4.13,0.63,3,795.3,-4.38,760.45
2026-05-26 10:41:52,2026-05-26,CHOLAFIN.NS,BULL,0.869,,,WATCH,1739.14,1672.3,1872.82,1939.66,1843.8,2.0,3.0,66.84,3.84,26,45217.64,1737.84,2.81,1.89,7.04,0.58,3,1734.8,-8.44,1588.4
2026-05-26 10:41:52,2026-05-26,MOTILALOFS.NS,BULL,0.869,,,WATCH,904.76,869.1,976.08,1011.74,960.65,2.0,3.0,35.66,3.94,105,94999.8,3744.3,2.69,12.39,6.77,0.55,3,902.5,-1.93,885.1
2026-05-26 10:41:52,2026-05-26,BSE.NS,BULL,0.869,,,READY,4343.83,4161.59,4708.31,4890.55,4516.0,2.0,3.0,182.24,4.2,20,86876.6,3644.8,2.8,18.79,4.31,0.75,3,4333.0,-0.02,4332.3
2026-05-26 10:41:52,2026-05-26,CGPOWER.NS,BULL,0.869,,,READY,889.02,849.53,968.0,1007.49,958.6,2.0,3.0,39.49,4.44,44,39116.88,1737.56,2.99,6.12,8.29,0.63,3,886.8,-0.87,879.1
2026-05-26 10:41:52,2026-05-26,THERMAX.NS,BULL,0.869,,,WATCH,4892.2,4583.61,5509.38,5817.97,5186.0,2.0,3.0,308.59,6.31,12,58706.4,3703.08,4.63,11.04,6.85,0.48,3,4880.0,-8.91,4445.1
2026-05-26 10:41:52,2026-05-26,LALPATHLAB.NS,BULL,0.869,,,WATCH,1724.2,1629.9,1912.8,2007.1,1849.0,2.0,3.0,94.3,5.47,39,67243.8,3677.7,3.88,15.52,7.86,0.2,3,1719.9,-5.81,1619.9
2026-05-26 10:41:52,2026-05-26,OIL.NS,BULL,0.869,,,WATCH,532.33,510.55,575.89,597.67,561.95,2.0,3.0,21.78,4.09,80,42586.4,1742.4,2.97,-1.23,6.24,0.41,3,531.0,-7.98,488.6
2026-05-26 10:41:52,2026-05-26,COALINDIA.NS,BULL,0.869,,,WATCH,492.48,475.5,526.44,543.42,509.9,2.0,3.0,16.98,3.45,103,50725.44,1748.94,2.41,-2.43,4.05,0.68,3,491.25,-4.33,470.0
2026-05-26 10:41:52,2026-05-26,IRCTC.NS,BULL,0.869,,,WATCH,582.75,564.78,618.69,636.66,603.75,2.0,3.0,17.97,3.08,97,56526.75,1743.09,2.2,-1.47,4.21,0.64,2,581.3,-6.42,544.0
2026-05-26 10:41:52,2026-05-26,TIINDIA.NS,BULL,0.869,,,WATCH,3107.75,2941.01,3441.23,3607.97,3336.1,2.0,3.0,166.74,5.37,10,31077.5,1667.4,3.64,2.61,7.83,0.73,3,3100.0,-1.5,3053.4
2026-05-27 08:58:22,2026-05-27,KOTAKBANK.NS,BULL,0.814,,,WATCH,396.14,382.33,423.76,437.57,414.0,2.0,3.0,13.81,3.49,126,49913.64,1740.06,2.37,2.08,4.88,0.66,3,395.15,-1.64,388.65
2026-05-27 08:58:22,2026-05-27,TECHM.NS,BULL,0.814,,,WATCH,1510.57,1448.95,1633.81,1695.43,1577.2,2.0,3.0,61.62,4.08,28,42295.96,1725.36,2.82,0.27,4.91,0.6,3,1506.8,-3.19,1458.7
2026-05-27 08:58:22,2026-05-27,BHARTIARTL.NS,BULL,0.814,,,WATCH,1958.68,1895.8,2084.44,2147.32,2024.3,2.0,3.0,62.88,3.21,27,52884.36,1697.76,2.27,-1.84,3.76,0.62,2,1953.8,-5.47,1846.9
2026-05-27 08:58:22,2026-05-27,LT.NS,BULL,0.814,,,WATCH,4109.71,4000.68,4327.77,4436.8,4306.82,2.0,3.0,109.03,2.65,16,65755.36,1744.48,1.8,-0.12,5.25,0.7,3,4099.46,-1.5,4037.8
2026-05-27 08:58:22,2026-05-27,ASIANPAINT.NS,BULL,0.814,,,WATCH,2690.81,2598.91,2874.61,2966.51,2806.2,2.0,3.0,91.9,3.42,19,51125.39,1746.1,2.31,8.5,4.65,0.88,3,2684.1,-1.38,2647.0
2026-05-27 08:58:22,2026-05-27,MARUTI.NS,BULL,0.814,,,WATCH,14010.94,13606.05,14820.72,15225.61,14552.0,2.0,3.0,404.89,2.89,4,56043.76,1619.56,2.04,-0.03,4.41,0.73,2,13976.0,-5.5,13208.0
2026-05-27 08:58:22,2026-05-27,BAJAJ-AUTO.NS,BULL,0.814,,,WATCH,10811.96,10412.37,11611.14,12010.73,11476.5,2.0,3.0,399.59,3.7,4,43247.84,1598.36,2.51,11.34,6.55,0.99,3,10785.0,-1.78,10593.0
2026-05-27 08:58:22,2026-05-27,JSWSTEEL.NS,BULL,0.814,,,WATCH,1317.28,1280.21,1391.42,1428.49,1353.5,2.0,3.0,37.07,2.81,47,61912.16,1742.29,1.91,1.43,3.07,1.07,3,1314.0,-1.55,1293.6
2026-05-27 08:58:22,2026-05-27,ADANIPORTS.NS,BULL,0.814,,,READY,1828.46,1759.65,1966.08,2034.89,1900.1,2.0,3.0,68.81,3.76,54,98736.84,3715.74,2.53,9.38,4.25,0.5,3,1823.9,-0.7,1811.2
2026-05-27 08:58:22,2026-05-27,POLYCAB.NS,BULL,0.814,,,READY,9693.67,9333.51,10413.99,10774.15,10322.5,2.0,3.0,360.16,3.72,10,96936.7,3601.6,2.5,18.32,7.0,0.62,3,9669.5,-0.58,9613.5
2026-05-27 08:58:22,2026-05-27,HAL.NS,BULL,0.814,,,WATCH,4848.39,4643.81,5257.55,5462.13,5034.5,2.0,3.0,204.58,4.22,8,38787.12,1636.64,3.08,2.09,4.52,0.74,2,4836.3,-8.45,4427.7
2026-05-27 08:58:22,2026-05-27,PIDILITIND.NS,BULL,0.814,,,WATCH,1518.79,1464.48,1627.41,1681.72,1592.0,2.0,3.0,54.31,3.58,32,48601.28,1737.92,2.45,6.79,5.23,0.44,3,1515.0,-2.41,1478.5
2026-05-27 08:58:22,2026-05-27,BERGEPAINT.NS,BULL,0.814,,,WATCH,541.7,508.17,608.76,642.29,573.1,2.0,3.0,33.53,6.19,111,60128.7,3721.83,4.34,11.5,6.47,0.31,3,540.35,-4.59,515.55
2026-05-27 08:58:22,2026-05-27,DIVISLAB.NS,BULL,0.814,,,WATCH,6985.42,6751.63,7453.0,7686.79,7267.5,2.0,3.0,233.79,3.35,7,48897.94,1636.53,2.31,5.32,4.39,1.46,3,6968.0,-3.09,6753.0
2026-05-27 08:58:22,2026-05-27,DABUR.NS,BULL,0.814,,,WATCH,491.73,474.04,527.11,544.8,502.65,2.0,3.0,17.69,3.6,98,48189.54,1733.62,2.63,-1.5,2.71,0.61,2,490.5,-8.75,447.6
2026-05-27 08:58:22,2026-05-27,KEI.NS,BULL,0.814,,,READY,5358.36,5110.4,5854.28,6102.24,5649.9,2.0,3.0,247.96,4.63,7,37508.52,1735.72,3.12,7.84,5.82,0.67,3,5345.0,-0.74,5305.5
2026-05-27 08:58:22,2026-05-27,SRF.NS,BULL,0.814,,,WATCH,2839.18,2734.18,3049.18,3154.18,3014.5,2.0,3.0,105.0,3.7,16,45426.88,1680.0,2.55,8.44,6.84,0.73,3,2832.1,-2.91,2749.7
2026-05-27 08:58:22,2026-05-27,ZYDUSLIFE.NS,BULL,0.814,,,WATCH,1096.38,1048.78,1191.58,1239.18,1157.25,2.0,3.0,47.6,4.34,36,39469.68,1713.6,2.94,18.81,6.04,1.99,3,1093.65,-1.33,1079.05
2026-05-27 08:58:22,2026-05-27,PERSISTENT.NS,BULL,0.814,,,WATCH,5200.67,4942.78,5716.45,5974.34,5411.7,2.0,3.0,257.89,4.96,6,31204.02,1547.34,3.37,6.58,4.44,0.79,2,5187.7,-1.58,5105.8
2026-05-27 08:58:22,2026-05-27,COFORGE.NS,BULL,0.814,,,WATCH,1450.62,1371.3,1609.26,1688.58,1525.3,2.0,3.0,79.32,5.47,47,68179.14,3728.04,3.72,18.51,5.6,0.55,3,1447.0,-1.67,1422.8
2026-05-27 08:58:22,2026-05-27,KPITTECH.NS,BULL,0.814,,,WATCH,799.49,760.03,878.41,917.87,853.5,2.0,3.0,39.46,4.94,44,35177.56,1736.24,3.35,6.38,7.38,0.75,3,797.5,-1.61,784.7
2026-05-27 08:58:22,2026-05-27,MOTILALOFS.NS,BULL,0.814,,,WATCH,904.76,868.44,977.4,1013.72,960.65,2.0,3.0,36.32,4.01,103,93190.28,3740.96,2.78,11.25,6.79,0.65,3,902.5,-3.54,870.55
2026-05-27 08:58:22,2026-05-27,BSE.NS,BULL,0.814,,,READY,4436.06,4243.96,4820.26,5012.36,4700.0,2.0,3.0,192.1,4.33,9,39924.54,1728.9,2.91,21.45,6.46,0.85,3,4425.0,-0.49,4403.3
2026-05-27 08:58:22,2026-05-27,CGPOWER.NS,BULL,0.814,,,READY,892.22,851.76,973.14,1013.6,967.4,2.0,3.0,40.46,4.53,43,38365.46,1739.78,3.07,6.83,8.94,0.72,3,890.0,-1.22,879.15
2026-05-27 08:58:22,2026-05-27,THERMAX.NS,BULL,0.814,,,WATCH,4892.2,4578.05,5520.5,5834.65,5186.0,2.0,3.0,314.15,6.42,11,53814.2,3455.65,4.72,11.51,6.86,0.51,3,4880.0,-9.1,4435.8
2026-05-27 08:58:22,2026-05-27,LALPATHLAB.NS,BULL,0.814,,,WATCH,1724.2,1627.49,1917.62,2014.33,1849.0,2.0,3.0,96.71,5.61,38,65519.6,3674.98,4.02,15.09,7.87,0.3,3,1719.9,-6.74,1604.0
2026-05-27 08:58:22,2026-05-27,OIL.NS,BULL,0.814,,,WATCH,532.33,510.55,575.89,597.67,561.95,2.0,3.0,21.78,4.09,80,42586.4,1742.4,2.95,0.19,6.23,0.46,3,531.0,-7.33,492.1
2026-05-27 09:28:09,2026-05-27,RELIANCE.NS,BULL,0.813,,,WATCH,1477.08,1437.46,1556.32,1595.94,1499.3,2.0,3.0,39.62,2.68,44,64991.52,1743.28,1.95,-4.21,1.91,0.6,1,1473.4,-8.06,1354.7
2026-05-27 09:28:09,2026-05-27,AXISBANK.NS,BULL,0.813,,,WATCH,1320.29,1283.09,1394.69,1431.89,1389.2,2.0,3.0,37.2,2.82,47,62053.63,1748.4,1.91,3.52,5.6,0.7,2,1317.0,-1.37,1299.0
2026-05-27 09:28:09,2026-05-27,KOTAKBANK.NS,BULL,0.813,,,WATCH,396.14,382.94,422.54,435.74,412.4,2.0,3.0,13.2,3.33,132,52290.48,1742.4,2.27,2.4,4.46,0.54,3,395.15,-1.75,388.25
2026-05-27 09:28:09,2026-05-27,TECHM.NS,BULL,0.813,,,WATCH,1510.57,1451.05,1629.61,1689.13,1567.7,2.0,3.0,59.52,3.94,29,43806.53,1726.08,2.71,0.57,4.23,0.43,3,1506.8,-2.73,1465.7
2026-05-27 09:28:09,2026-05-27,BHARTIARTL.NS,BULL,0.813,,,WATCH,1958.68,1896.68,2082.68,2144.68,2028.7,2.0,3.0,62.0,3.17,28,54843.04,1736.0,2.24,-1.29,4.02,0.52,2,1953.8,-5.74,1841.6
2026-05-27 09:28:09,2026-05-27,LT.NS,BULL,0.813,,,READY,4109.71,4005.33,4318.47,4422.85,4288.41,2.0,3.0,104.38,2.54,16,65755.36,1670.08,1.72,3.13,4.74,0.57,3,4099.46,-1.07,4055.5
2026-05-27 09:28:09,2026-05-27,ASIANPAINT.NS,BULL,0.813,,,READY,2690.81,2599.86,2872.71,2963.66,2777.4,2.0,3.0,90.95,3.38,41,110323.21,3728.95,2.27,10.17,3.53,0.79,3,2684.1,-0.67,2666.2
2026-05-27 09:28:09,2026-05-27,MARUTI.NS,BULL,0.813,,,WATCH,14010.94,13620.62,14791.58,15181.9,14372.0,2.0,3.0,390.32,2.79,4,56043.76,1561.28,1.97,0.26,3.02,0.64,2,13976.0,-5.55,13201.0
2026-05-27 09:28:09,2026-05-27,M&M.NS,BULL,0.813,,,WATCH,3407.5,3293.05,3636.4,3750.85,3500.1,2.0,3.0,114.45,3.36,15,51112.5,1716.75,2.45,1.75,3.25,0.64,1,3399.0,-8.28,3117.4
2026-05-27 09:28:09,2026-05-27,BAJAJ-AUTO.NS,BULL,0.813,,,WATCH,10811.96,10449.44,11537.0,11899.52,11124.0,2.0,3.0,362.52,3.35,10,108119.6,3625.2,2.27,7.41,3.2,0.85,3,10785.0,-1.49,10624.0
2026-05-27 09:28:09,2026-05-27,HINDALCO.NS,BULL,0.813,,,READY,1155.28,1107.68,1250.48,1298.08,1223.6,2.0,3.0,47.6,4.12,36,41590.08,1713.6,2.77,11.66,6.4,1.02,3,1152.4,-0.42,1147.6
2026-05-27 09:28:09,2026-05-27,TATASTEEL.NS,BULL,0.813,,,WATCH,224.96,217.86,239.16,246.26,229.44,2.0,3.0,7.1,3.16,246,55340.16,1746.6,2.23,1.33,2.4,0.66,2,224.4,-5.6,211.83
2026-05-27 09:28:09,2026-05-27,JSWSTEEL.NS,BULL,0.813,,,READY,1317.28,1281.18,1389.48,1425.58,1350.7,2.0,3.0,36.1,2.74,48,63229.44,1732.8,1.84,4.42,2.84,1.03,3,1314.0,-0.58,1306.4
2026-05-27 09:28:09,2026-05-27,ADANIPORTS.NS,BULL,0.813,,,READY,1844.6,1777.7,1978.4,2045.3,1903.2,2.0,3.0,66.9,3.63,56,103297.6,3746.4,2.43,11.65,3.5,0.46,3,1840.0,-0.43,1832.1
2026-05-27 09:28:09,2026-05-27,APOLLOHOSP.NS,BULL,0.813,,,WATCH,8464.11,8212.54,8967.25,9218.82,8834.5,2.0,3.0,251.57,2.97,6,50784.66,1509.42,2.04,8.97,4.71,1.25,3,8443.0,-2.43,8237.5
2026-05-27 09:28:09,2026-05-27,ABB.NS,BULL,0.813,,,WATCH,7407.47,7081.06,8060.29,8386.7,7733.0,2.0,3.0,326.41,4.41,5,37037.35,1632.05,3.17,-3.85,5.1,0.6,3,7389.0,-7.0,6872.0
2026-05-27 09:28:09,2026-05-27,POLYCAB.NS,BULL,0.813,,,READY,9715.73,9411.6,10323.99,10628.12,10207.0,2.0,3.0,304.13,3.13,12,116588.76,3649.56,2.1,20.32,5.47,0.51,3,9691.5,-0.23,9669.0
2026-05-27 09:28:09,2026-05-27,GRASIM.NS,BULL,0.813,,,READY,3204.19,3096.68,3419.21,3526.72,3371.4,2.0,3.0,107.51,3.36,16,51267.04,1720.16,2.25,15.3,5.53,1.4,3,3196.2,-0.16,3191.2
2026-05-27 09:28:09,2026-05-27,HAL.NS,BULL,0.813,,,WATCH,4848.39,4658.05,5229.07,5419.41,4955.8,2.0,3.0,190.34,3.93,9,43635.51,1713.06,2.86,3.53,2.71,0.59,2,4836.3,-8.11,4444.2
2026-05-27 09:28:09,2026-05-27,CUMMINSIND.NS,BULL,0.813,,,READY,5508.74,5318.56,5889.1,6079.28,5654.5,2.0,3.0,190.18,3.45,19,104666.06,3613.42,2.31,5.25,2.95,0.69,3,5495.0,-0.19,5484.5
2026-05-27 09:28:09,2026-05-27,PIDILITIND.NS,BULL,0.813,,,WATCH,1518.79,1468.01,1620.35,1671.13,1564.4,2.0,3.0,50.78,3.34,73,110871.67,3706.94,2.29,8.45,3.35,0.38,3,1515.0,-2.52,1476.8
2026-05-27 09:28:09,2026-05-27,BERGEPAINT.NS,BULL,0.813,,,WATCH,541.7,509.41,606.28,638.57,573.1,2.0,3.0,32.29,5.96,116,62837.2,3745.64,4.15,10.8,6.45,0.27,3,540.35,-3.96,518.95
2026-05-27 09:28:09,2026-05-27,DIVISLAB.NS,BULL,0.813,,,WATCH,6985.42,6756.99,7442.28,7670.71,7267.5,2.0,3.0,228.43,3.27,7,48897.94,1599.01,2.26,4.34,4.4,0.97,3,6968.0,-3.19,6745.5
2026-05-27 09:28:09,2026-05-27,DABUR.NS,BULL,0.813,,,WATCH,491.73,474.71,525.77,542.79,505.85,2.0,3.0,17.02,3.46,102,50156.46,1736.04,2.56,1.67,3.43,0.56,1,490.5,-9.48,444.0
2026-05-27 09:28:09,2026-05-27,DLF.NS,BULL,0.813,,,WATCH,621.55,596.49,671.67,696.73,637.8,2.0,3.0,25.06,4.03,149,92610.95,3733.94,2.8,2.58,3.01,0.63,3,620.0,-3.93,595.65
2026-05-27 09:28:09,2026-05-27,LODHA.NS,BULL,0.813,,,WATCH,977.34,932.15,1067.72,1112.91,1020.4,2.0,3.0,45.19,4.62,38,37138.92,1717.22,3.29,3.07,5.06,0.61,3,974.9,-6.09,915.55
2026-05-27 09:28:09,2026-05-27,KEI.NS,BULL,0.813,,,READY,5395.45,5170.19,5845.97,6071.23,5617.8,2.0,3.0,225.26,4.17,16,86327.2,3604.16,2.8,11.47,4.46,0.6,3,5382.0,-0.39,5361.2
2026-05-27 09:28:09,2026-05-27,SRF.NS,BULL,0.813,,,WATCH,2839.18,2744.93,3027.68,3121.93,3004.9,2.0,3.0,94.25,3.32,39,110728.02,3675.75,2.28,10.36,6.41,0.64,3,2832.1,-2.84,2751.6
2026-05-27 09:28:09,2026-05-27,ZYDUSLIFE.NS,BULL,0.813,,,READY,1096.38,1048.7,1191.74,1239.42,1147.75,2.0,3.0,47.68,4.35,78,85517.64,3719.04,2.94,22.31,5.1,0.73,3,1093.65,-1.16,1081.0
2026-05-27 09:28:09,2026-05-27,DIXON.NS,BULL,0.813,,,WATCH,11917.72,11241.76,13269.64,13945.6,12865.0,2.0,3.0,675.96,5.67,2,23835.44,1351.92,3.84,6.15,8.39,0.9,3,11888.0,-1.33,11730.0
2026-05-27 09:28:09,2026-05-27,SYRMA.NS,BULL,0.813,,,WATCH,1190.97,1115.51,1341.89,1417.35,1259.0,2.0,3.0,75.46,6.34,49,58357.53,3697.54,4.7,12.7,6.76,0.53,3,1188.0,-9.92,1070.1
2026-05-27 09:28:09,2026-05-27,PERSISTENT.NS,BULL,0.813,,,WATCH,5200.67,4954.95,5692.11,5937.83,5400.0,2.0,3.0,245.72,4.72,7,36404.69,1720.04,3.21,7.28,4.21,0.62,2,5187.7,-1.76,5096.5
2026-05-27 09:28:09,2026-05-27,COFORGE.NS,BULL,0.813,,,WATCH,1450.62,1373.1,1605.66,1683.18,1514.3,2.0,3.0,77.52,5.34,48,69629.76,3720.96,3.63,20.24,4.8,0.35,3,1447.0,-1.54,1424.7
2026-05-27 09:28:09,2026-05-27,KPITTECH.NS,BULL,0.813,,,WATCH,799.49,762.56,873.35,910.28,852.5,2.0,3.0,36.93,4.62,47,37576.03,1735.71,3.16,3.88,7.19,0.55,3,797.5,-2.18,780.15
2026-05-27 09:28:09,2026-05-27,MOTILALOFS.NS,BULL,0.813,,,WATCH,904.76,869.23,975.82,1011.35,960.65,2.0,3.0,35.53,3.93,105,94999.8,3730.65,2.69,11.08,6.74,0.65,3,902.5,-2.48,880.1
2026-05-27 09:28:09,2026-05-27,BSE.NS,BULL,0.813,,,READY,4457.92,4273.44,4826.88,5011.36,4742.1,2.0,3.0,184.48,4.14,20,89158.4,3689.6,2.8,21.83,6.88,0.67,3,4446.8,-1.16,4395.0
2026-05-27 09:28:09,2026-05-27,CGPOWER.NS,BULL,0.813,,,READY,909.27,870.48,986.85,1025.64,956.95,2.0,3.0,38.79,4.27,96,87289.92,3723.84,2.86,12.27,5.7,0.57,3,907.0,-0.31,904.15
2026-05-27 09:28:09,2026-05-27,THERMAX.NS,BULL,0.813,,,WATCH,4892.2,4587.51,5501.58,5806.27,5132.9,2.0,3.0,304.69,6.23,12,58706.4,3656.28,4.47,12.43,5.63,0.47,3,4880.0,-6.98,4539.6
2026-05-27 09:28:09,2026-05-27,BDL.NS,BULL,0.813,,,WATCH,1484.9,1425.9,1602.9,1661.9,1530.6,2.0,3.0,59.0,3.97,29,43062.1,1711.0,2.95,-1.12,3.74,0.64,2,1481.2,-9.95,1333.8
2026-05-27 09:28:09,2026-05-27,LALPATHLAB.NS,BULL,0.813,,,WATCH,1724.2,1633.44,1905.72,1996.48,1849.0,2.0,3.0,90.76,5.26,41,70692.2,3721.16,3.76,18.72,7.93,0.25,3,1719.9,-6.51,1608.0
2026-05-27 09:28:09,2026-05-27,TIINDIA.NS,BULL,0.813,,,READY,3107.75,2943.8,3435.65,3599.6,3230.0,2.0,3.0,163.95,5.28,22,68370.5,3606.9,3.55,5.49,4.28,0.51,3,3100.0,-0.73,3077.3
2026-05-27 09:30:11,2026-05-27,RELIANCE.NS,BULL,0.81,,,WATCH,1477.08,1437.46,1556.32,1595.94,1499.3,2.0,3.0,39.62,2.68,44,64991.52,1743.28,1.95,-4.21,1.91,0.6,1,1473.4,-8.08,1354.4
2026-05-27 09:30:11,2026-05-27,AXISBANK.NS,BULL,0.81,,,WATCH,1320.29,1282.93,1395.01,1432.37,1389.2,2.0,3.0,37.36,2.83,46,60733.34,1718.56,1.92,3.3,5.6,0.71,2,1317.0,-1.61,1295.8
2026-05-27 09:30:11,2026-05-27,KOTAKBANK.NS,BULL,0.81,,,WATCH,396.14,382.94,422.54,435.74,412.4,2.0,3.0,13.2,3.33,132,52290.48,1742.4,2.27,2.46,4.46,0.54,3,395.15,-1.71,388.4
2026-05-27 09:30:11,2026-05-27,TECHM.NS,BULL,0.81,,,WATCH,1510.57,1451.05,1629.61,1689.13,1567.7,2.0,3.0,59.52,3.94,29,43806.53,1726.08,2.71,0.62,4.23,0.44,3,1506.8,-2.71,1465.9
2026-05-27 09:30:11,2026-05-27,BHARTIARTL.NS,BULL,0.81,,,WATCH,1958.68,1896.68,2082.68,2144.68,2028.7,2.0,3.0,62.0,3.17,28,54843.04,1736.0,2.24,-1.25,4.02,0.52,2,1953.8,-5.73,1841.8
2026-05-27 09:30:11,2026-05-27,LT.NS,BULL,0.81,,,READY,4109.71,4005.33,4318.47,4422.85,4288.41,2.0,3.0,104.38,2.54,16,65755.36,1670.08,1.72,3.09,4.74,0.57,3,4099.46,-1.13,4053.0
2026-05-27 09:30:11,2026-05-27,ASIANPAINT.NS,BULL,0.81,,,READY,2690.81,2599.86,2872.71,2963.66,2777.4,2.0,3.0,90.95,3.38,41,110323.21,3728.95,2.27,10.32,3.53,0.8,3,2684.1,-0.56,2669.0
2026-05-27 09:30:11,2026-05-27,MARUTI.NS,BULL,0.81,,,WATCH,14010.94,13620.62,14791.58,15181.9,14372.0,2.0,3.0,390.32,2.79,4,56043.76,1561.28,1.97,0.36,3.02,0.65,2,13976.0,-5.47,13211.0
2026-05-27 09:30:11,2026-05-27,M&M.NS,BULL,0.81,,,WATCH,3407.5,3292.89,3636.72,3751.33,3500.1,2.0,3.0,114.61,3.36,15,51112.5,1719.15,2.45,1.92,3.25,0.64,1,3399.0,-8.15,3122.0
2026-05-27 09:30:11,2026-05-27,BAJAJ-AUTO.NS,BULL,0.81,,,WATCH,10811.96,10449.44,11537.0,11899.52,11124.0,2.0,3.0,362.52,3.35,10,108119.6,3625.2,2.27,7.61,3.2,0.85,3,10785.0,-1.33,10641.5
2026-05-27 09:30:11,2026-05-27,HINDALCO.NS,BULL,0.81,,,READY,1155.28,1107.68,1250.48,1298.08,1223.6,2.0,3.0,47.6,4.12,36,41590.08,1713.6,2.77,11.68,6.4,1.02,3,1152.4,-0.43,1147.5
2026-05-27 09:30:11,2026-05-27,TATASTEEL.NS,BULL,0.81,,,WATCH,224.96,217.86,239.16,246.26,229.44,2.0,3.0,7.1,3.16,246,55340.16,1746.6,2.23,1.32,2.4,0.66,2,224.4,-5.64,211.75
2026-05-27 09:30:11,2026-05-27,JSWSTEEL.NS,BULL,0.81,,,READY,1317.28,1281.18,1389.48,1425.58,1350.7,2.0,3.0,36.1,2.74,48,63229.44,1732.8,1.84,4.49,2.84,1.03,3,1314.0,-0.53,1307.0
2026-05-27 09:30:11,2026-05-27,ADANIPORTS.NS,BULL,0.81,,,READY,1844.6,1777.7,1978.4,2045.3,1903.2,2.0,3.0,66.9,3.63,56,103297.6,3746.4,2.44,11.57,3.5,0.46,3,1840.0,-0.53,1830.3
2026-05-27 09:30:11,2026-05-27,APOLLOHOSP.NS,BULL,0.81,,,WATCH,8464.11,8212.54,8967.25,9218.82,8834.5,2.0,3.0,251.57,2.97,6,50784.66,1509.42,2.03,9.09,4.71,1.25,3,8443.0,-2.35,8244.5
2026-05-27 09:30:11,2026-05-27,ABB.NS,BULL,0.81,,,WATCH,7407.47,7081.06,8060.29,8386.7,7733.0,2.0,3.0,326.41,4.41,5,37037.35,1632.05,3.17,-3.83,5.1,0.6,3,7389.0,-7.0,6871.5
2026-05-27 09:30:11,2026-05-27,POLYCAB.NS,BULL,0.81,,,READY,9715.73,9411.6,10323.99,10628.12,10207.0,2.0,3.0,304.13,3.13,12,116588.76,3649.56,2.1,20.32,5.47,0.51,3,9691.5,-0.26,9666.5
2026-05-27 09:30:11,2026-05-27,GRASIM.NS,BULL,0.81,,,READY,3205.49,3097.72,3421.03,3528.8,3374.0,2.0,3.0,107.77,3.36,16,51287.84,1724.32,2.25,15.41,5.57,1.41,3,3197.5,-0.13,3193.4
2026-05-27 09:30:11,2026-05-27,INDUSINDBK.NS,BULL,0.81,,,WATCH,960.29,928.3,1024.27,1056.26,1005.4,2.0,3.0,31.99,3.33,54,51855.66,1727.46,2.28,3.32,5.16,0.81,3,957.9,-2.28,936.1
2026-05-27 09:30:11,2026-05-27,HAL.NS,BULL,0.81,,,WATCH,4848.39,4658.05,5229.07,5419.41,4955.8,2.0,3.0,190.34,3.93,9,43635.51,1713.06,2.86,3.51,2.71,0.59,2,4836.3,-8.15,4441.9
2026-05-27 09:30:11,2026-05-27,CUMMINSIND.NS,BULL,0.81,,,READY,5508.74,5318.56,5889.1,6079.28,5654.5,2.0,3.0,190.18,3.45,19,104666.06,3613.42,2.31,5.26,2.95,0.69,3,5495.0,-0.2,5484.0
2026-05-27 09:30:11,2026-05-27,PIDILITIND.NS,BULL,0.81,,,WATCH,1518.79,1468.01,1620.35,1671.13,1564.4,2.0,3.0,50.78,3.34,73,110871.67,3706.94,2.29,8.5,3.35,0.38,3,1515.0,-2.5,1477.1
2026-05-27 09:30:11,2026-05-27,BERGEPAINT.NS,BULL,0.81,,,WATCH,541.7,509.41,606.28,638.57,573.1,2.0,3.0,32.29,5.96,116,62837.2,3745.64,4.14,11.01,6.44,0.27,3,540.35,-3.79,519.85
2026-05-27 09:30:11,2026-05-27,DIVISLAB.NS,BULL,0.81,,,WATCH,6985.42,6756.99,7442.28,7670.71,7267.5,2.0,3.0,228.43,3.27,7,48897.94,1599.01,2.26,4.44,4.4,0.97,3,6968.0,-3.13,6750.0
2026-05-27 09:30:11,2026-05-27,DLF.NS,BULL,0.81,,,WATCH,621.55,596.49,671.67,696.73,637.8,2.0,3.0,25.06,4.03,149,92610.95,3733.94,2.8,2.62,3.01,0.63,3,620.0,-3.91,595.75
2026-05-27 09:30:11,2026-05-27,LODHA.NS,BULL,0.81,,,WATCH,977.34,932.15,1067.72,1112.91,1020.4,2.0,3.0,45.19,4.62,38,37138.92,1717.22,3.29,3.19,5.06,0.61,3,974.9,-6.01,916.35
2026-05-27 09:30:11,2026-05-27,KEI.NS,BULL,0.81,,,READY,5395.45,5170.19,5845.97,6071.23,5617.8,2.0,3.0,225.26,4.17,16,86327.2,3604.16,2.8,11.61,4.46,0.6,3,5382.0,-0.29,5366.6
2026-05-27 09:30:11,2026-05-27,SRF.NS,BULL,0.81,,,WATCH,2839.18,2744.93,3027.68,3121.93,3004.9,2.0,3.0,94.25,3.32,39,110728.02,3675.75,2.29,10.28,6.41,0.64,3,2832.1,-2.93,2749.0
2026-05-27 09:30:11,2026-05-27,ZYDUSLIFE.NS,BULL,0.81,,,READY,1096.38,1048.62,1191.9,1239.66,1148.5,2.0,3.0,47.76,4.36,78,85517.64,3725.28,2.94,22.59,5.16,0.73,3,1093.65,-0.95,1083.3
2026-05-27 09:30:11,2026-05-27,DIXON.NS,BULL,0.81,,,WATCH,11917.72,11241.76,13269.64,13945.6,12865.0,2.0,3.0,675.96,5.67,2,23835.44,1351.92,3.84,6.2,8.39,0.9,3,11888.0,-1.31,11732.0
2026-05-27 09:30:11,2026-05-27,SYRMA.NS,BULL,0.81,,,WATCH,1190.97,1115.51,1341.89,1417.35,1259.0,2.0,3.0,75.46,6.34,49,58357.53,3697.54,4.71,12.4,6.77,0.53,3,1188.0,-10.19,1067.0
2026-05-27 09:30:11,2026-05-27,PERSISTENT.NS,BULL,0.81,,,WATCH,5200.67,4954.95,5692.11,5937.83,5400.0,2.0,3.0,245.72,4.72,7,36404.69,1720.04,3.21,7.29,4.21,0.62,2,5187.7,-1.78,5095.5
2026-05-27 09:30:11,2026-05-27,COFORGE.NS,BULL,0.81,,,WATCH,1450.62,1373.1,1605.66,1683.18,1514.3,2.0,3.0,77.52,5.34,48,69629.76,3720.96,3.64,19.88,4.8,0.35,3,1447.0,-1.86,1420.1
2026-05-27 09:30:11,2026-05-27,KPITTECH.NS,BULL,0.81,,,WATCH,799.49,762.56,873.35,910.28,852.5,2.0,3.0,36.93,4.62,47,37576.03,1735.71,3.16,3.88,7.19,0.55,3,797.5,-2.21,779.9
2026-05-27 09:30:11,2026-05-27,MOTILALOFS.NS,BULL,0.81,,,WATCH,904.76,869.23,975.82,1011.35,960.65,2.0,3.0,35.53,3.93,105,94999.8,3730.65,2.69,11.32,6.74,0.65,3,902.5,-2.3,881.75
2026-05-27 09:30:11,2026-05-27,BSE.NS,BULL,0.81,,,READY,4457.92,4273.44,4826.88,5011.36,4742.1,2.0,3.0,184.48,4.14,20,89158.4,3689.6,2.79,22.02,6.88,0.67,3,4446.8,-1.03,4401.0
2026-05-27 09:30:11,2026-05-27,CGPOWER.NS,BULL,0.81,,,READY,909.27,870.48,986.85,1025.64,956.95,2.0,3.0,38.79,4.27,96,87289.92,3723.84,2.86,12.46,5.7,0.57,3,907.0,-0.17,905.5
2026-05-27 09:30:11,2026-05-27,THERMAX.NS,BULL,0.81,,,WATCH,4892.2,4583.04,5510.52,5819.68,5132.9,2.0,3.0,309.16,6.32,12,58706.4,3709.92,4.49,13.6,5.62,0.48,3,4880.0,-6.02,4586.0
2026-05-27 09:30:11,2026-05-27,BDL.NS,BULL,0.81,,,WATCH,1484.9,1425.9,1602.9,1661.9,1530.6,2.0,3.0,59.0,3.97,29,43062.1,1711.0,2.95,-1.16,3.74,0.64,2,1481.2,-10.01,1332.9
2026-05-27 09:30:11,2026-05-27,LALPATHLAB.NS,BULL,0.81,,,WATCH,1724.2,1633.44,1905.72,1996.48,1849.0,2.0,3.0,90.76,5.26,41,70692.2,3721.16,3.76,18.69,7.93,0.25,3,1719.9,-6.55,1607.2
2026-05-27 09:30:11,2026-05-27,OIL.NS,BULL,0.81,,,WATCH,532.33,510.48,576.03,597.88,557.0,2.0,3.0,21.85,4.1,80,42586.4,1748.0,2.98,0.62,5.27,0.4,3,531.0,-8.04,488.3
2026-05-27 09:30:11,2026-05-27,TIINDIA.NS,BULL,0.81,,,READY,3107.75,2943.8,3435.65,3599.6,3230.0,2.0,3.0,163.95,5.28,22,68370.5,3606.9,3.55,5.69,4.28,0.51,3,3100.0,-0.57,3082.4
2026-05-27 11:58:06,2026-05-27,RELIANCE.NS,BULL,0.823,,,WATCH,1477.08,1437.08,1557.08,1597.08,1499.3,2.0,3.0,40.0,2.71,43,63514.44,1720.0,1.96,-4.18,1.91,0.64,1,1473.4,-7.9,1357.0
2026-05-27 11:58:06,2026-05-27,AXISBANK.NS,BULL,0.823,,,READY,1320.29,1282.04,1396.79,1435.04,1389.2,2.0,3.0,38.25,2.9,45,59413.05,1721.25,1.94,4.42,5.59,0.74,2,1317.0,-0.38,1312.0
2026-05-27 11:58:06,2026-05-27,KOTAKBANK.NS,BULL,0.823,,,WATCH,396.14,382.8,422.82,436.16,412.4,2.0,3.0,13.34,3.37,131,51894.34,1747.54,2.29,2.49,4.46,0.56,3,395.15,-1.53,389.1
2026-05-27 11:58:06,2026-05-27,TECHM.NS,BULL,0.823,,,WATCH,1510.57,1449.77,1632.17,1692.97,1579.7,2.0,3.0,60.8,4.02,28,42295.96,1702.4,2.78,-0.01,5.07,0.53,3,1506.8,-3.18,1458.9
2026-05-27 11:58:06,2026-05-27,BHARTIARTL.NS,BULL,0.823,,,WATCH,1958.68,1895.4,2085.24,2148.52,2028.7,2.0,3.0,63.28,3.23,27,52884.36,1708.56,2.27,-0.35,4.01,0.57,3,1953.8,-4.71,1861.7
2026-05-27 11:58:06,2026-05-27,LT.NS,BULL,0.823,,,READY,4109.71,4004.67,4319.79,4424.83,4294.51,2.0,3.0,105.04,2.56,16,65755.36,1680.64,1.73,3.09,4.89,0.61,3,4099.46,-0.99,4059.0
2026-05-27 11:58:06,2026-05-27,ASIANPAINT.NS,BULL,0.823,,,READY,2696.32,2604.09,2880.78,2973.01,2788.4,2.0,3.0,92.23,3.42,40,107852.8,3689.2,2.29,10.62,3.74,0.84,3,2689.6,-0.35,2680.2
2026-05-27 11:58:06,2026-05-27,MARUTI.NS,BULL,0.823,,,WATCH,14010.94,13611.73,14809.36,15208.57,14372.0,2.0,3.0,399.21,2.85,4,56043.76,1596.84,2.01,0.24,3.02,0.71,2,13976.0,-5.44,13216.0
2026-05-27 11:58:06,2026-05-27,M&M.NS,BULL,0.823,,,WATCH,3407.5,3290.93,3640.64,3757.21,3500.1,2.0,3.0,116.57,3.42,15,51112.5,1748.55,2.48,1.96,3.25,0.68,2,3399.0,-7.98,3127.9
2026-05-27 11:58:06,2026-05-27,BAJAJ-AUTO.NS,BULL,0.823,,,READY,10840.03,10460.58,11598.93,11978.38,11195.0,2.0,3.0,379.45,3.5,4,43360.12,1517.8,2.35,8.91,3.6,0.89,3,10813.0,-0.24,10787.0
2026-05-27 11:58:06,2026-05-27,HINDALCO.NS,BULL,0.823,,,READY,1156.88,1109.1,1252.44,1300.22,1226.8,2.0,3.0,47.78,4.13,36,41647.68,1720.08,2.78,11.32,6.55,1.11,3,1154.0,-0.75,1145.4
2026-05-27 11:58:06,2026-05-27,TATASTEEL.NS,BULL,0.823,,,WATCH,224.96,217.19,240.5,248.27,235.7,2.0,3.0,7.77,3.45,225,50616.0,1748.25,2.4,3.1,5.36,0.79,3,224.4,-3.81,215.84
2026-05-27 11:58:06,2026-05-27,JSWSTEEL.NS,BULL,0.823,,,READY,1331.32,1293.24,1407.48,1445.56,1383.2,2.0,3.0,38.08,2.86,45,59909.4,1713.6,1.94,4.71,4.27,1.11,3,1328.0,-1.23,1311.7
2026-05-27 11:58:06,2026-05-27,ADANIPORTS.NS,BULL,0.823,,,READY,1847.41,1780.21,1981.81,2049.01,1908.8,2.0,3.0,67.2,3.64,55,101607.55,3696.0,2.45,11.29,3.66,0.51,3,1842.8,-0.79,1828.2
2026-05-27 11:58:06,2026-05-27,APOLLOHOSP.NS,BULL,0.823,,,WATCH,8464.11,8206.22,8979.89,9237.78,8834.5,2.0,3.0,257.89,3.05,6,50784.66,1547.34,2.09,8.52,4.71,1.28,3,8443.0,-2.73,8212.5
2026-05-27 11:58:06,2026-05-27,POLYCAB.NS,BULL,0.823,,,READY,9716.23,9412.05,10324.59,10628.77,10208.0,2.0,3.0,304.18,3.13,12,116594.76,3650.16,2.12,19.13,5.48,0.54,3,9692.0,-1.13,9582.5
2026-05-27 11:58:06,2026-05-27,GRASIM.NS,BULL,0.823,,,READY,3205.49,3097.72,3421.03,3528.8,3374.0,2.0,3.0,107.77,3.36,16,51287.84,1724.32,2.27,14.37,5.58,1.42,3,3197.5,-0.9,3168.7
2026-05-27 11:58:06,2026-05-27,HAL.NS,BULL,0.823,,,WATCH,4848.39,4656.75,5231.67,5423.31,4965.9,2.0,3.0,191.64,3.95,9,43635.51,1724.76,2.88,3.33,2.94,0.61,2,4836.3,-8.18,4440.8
2026-05-27 11:58:06,2026-05-27,CUMMINSIND.NS,BULL,0.823,,,READY,5557.36,5361.98,5948.12,6143.5,5751.5,2.0,3.0,195.38,3.52,8,44458.88,1563.04,2.36,5.98,3.84,0.76,3,5543.5,-0.24,5530.0
2026-05-27 11:58:06,2026-05-27,PIDILITIND.NS,BULL,0.823,,,WATCH,1518.79,1467.64,1621.09,1672.24,1564.4,2.0,3.0,51.15,3.37,73,110871.67,3733.95,2.31,8.46,3.34,0.4,3,1515.0,-2.4,1478.6
2026-05-27 11:58:06,2026-05-27,BERGEPAINT.NS,BULL,0.823,,,WATCH,541.7,508.56,607.98,641.12,573.1,2.0,3.0,33.14,6.12,113,61212.1,3744.82,4.19,12.39,6.43,0.29,3,540.35,-2.45,527.1
2026-05-27 11:58:06,2026-05-27,DIVISLAB.NS,BULL,0.823,,,WATCH,6985.42,6749.44,7457.38,7693.36,7267.5,2.0,3.0,235.98,3.38,7,48897.94,1651.86,2.31,5.42,4.39,0.99,3,6968.0,-2.07,6824.0
2026-05-27 11:58:06,2026-05-27,DLF.NS,BULL,0.823,,,WATCH,621.55,596.49,671.67,696.73,637.8,2.0,3.0,25.06,4.03,149,92610.95,3733.94,2.8,2.71,3.01,0.67,3,620.0,-3.69,597.15
2026-05-27 11:58:06,2026-05-27,LODHA.NS,BULL,0.823,,,WATCH,977.34,930.6,1070.82,1117.56,1034.9,2.0,3.0,46.74,4.78,37,36161.58,1729.38,3.36,4.27,6.65,0.73,3,974.9,-4.87,927.45
2026-05-27 11:58:06,2026-05-27,KEI.NS,BULL,0.823,,,READY,5467.63,5234.66,5933.57,6166.54,5761.8,2.0,3.0,232.97,4.26,16,87482.08,3727.52,2.87,12.48,5.81,0.66,3,5454.0,-0.69,5416.1
2026-05-27 11:58:06,2026-05-27,SRF.NS,BULL,0.823,,,WATCH,2839.18,2742.66,3032.22,3128.74,3008.4,2.0,3.0,96.52,3.4,18,51105.24,1737.36,2.35,9.77,6.55,0.67,3,2832.1,-3.25,2740.0
2026-05-27 11:58:06,2026-05-27,ZYDUSLIFE.NS,BULL,0.823,,,READY,1096.38,1048.19,1192.76,1240.95,1152.5,2.0,3.0,48.19,4.4,77,84421.26,3710.63,2.96,22.74,5.54,0.77,3,1093.65,-0.7,1086.0
2026-05-27 11:58:06,2026-05-27,SYRMA.NS,BULL,0.823,,,WATCH,1190.97,1115.38,1342.15,1417.74,1259.0,2.0,3.0,75.59,6.35,49,58357.53,3703.91,4.77,11.23,6.78,0.55,3,1188.0,-11.01,1057.25
2026-05-27 11:58:06,2026-05-27,PERSISTENT.NS,BULL,0.823,,,WATCH,5200.67,4953.87,5694.27,5941.07,5400.0,2.0,3.0,246.8,4.75,7,36404.69,1727.6,3.24,6.81,4.21,0.64,2,5187.7,-2.08,5080.0
2026-05-27 11:58:06,2026-05-27,COFORGE.NS,BULL,0.823,,,WATCH,1450.62,1372.75,1606.36,1684.23,1514.3,2.0,3.0,77.87,5.37,48,69629.76,3737.76,3.67,19.41,4.81,0.37,3,1447.0,-2.12,1416.3
2026-05-27 11:58:06,2026-05-27,KPITTECH.NS,BULL,0.823,,,WATCH,799.49,761.36,875.75,913.88,852.5,2.0,3.0,38.13,4.77,45,35977.05,1715.85,3.29,2.89,7.2,0.58,3,797.5,-3.0,773.55
2026-05-27 11:58:06,2026-05-27,MOTILALOFS.NS,BULL,0.823,,,READY,911.27,873.48,986.85,1024.64,982.15,2.0,3.0,37.79,4.15,46,41918.42,1738.34,2.78,14.08,8.43,0.78,3,909.0,-0.43,905.1
2026-05-27 11:58:06,2026-05-27,BSE.NS,BULL,0.823,,,WATCH,4457.92,4268.18,4837.4,5027.14,4742.1,2.0,3.0,189.74,4.26,19,84700.48,3605.06,2.91,20.51,6.89,0.73,3,4446.8,-2.14,4351.6
2026-05-27 11:58:06,2026-05-27,CGPOWER.NS,BULL,0.823,,,READY,926.66,886.02,1007.94,1048.58,991.65,2.0,3.0,40.64,4.39,92,85252.72,3738.88,2.95,13.98,7.65,0.74,3,924.35,-0.57,919.1
2026-05-27 11:58:06,2026-05-27,THERMAX.NS,BULL,0.823,,,WATCH,4892.2,4575.71,5525.18,5841.67,5155.3,2.0,3.0,316.49,6.47,11,53814.2,3481.39,4.66,12.0,6.14,0.62,3,4880.0,-7.23,4527.2
2026-05-27 11:58:06,2026-05-27,BDL.NS,BULL,0.823,,,WATCH,1484.9,1425.44,1603.82,1663.28,1530.6,2.0,3.0,59.46,4.0,29,43062.1,1724.34,2.98,-1.35,3.74,0.67,2,1481.2,-10.05,1332.3
2026-05-27 11:58:06,2026-05-27,LALPATHLAB.NS,BULL,0.823,,,WATCH,1724.2,1632.37,1907.86,1999.69,1849.0,2.0,3.0,91.83,5.33,40,68968.0,3673.2,3.82,18.17,7.94,0.27,3,1719.9,-6.84,1602.3
2026-05-27 11:58:06,2026-05-27,TIINDIA.NS,BULL,0.823,,,READY,3192.96,3019.45,3539.98,3713.49,3400.0,2.0,3.0,173.51,5.43,10,31929.6,1735.1,3.66,8.1,7.05,0.65,3,3185.0,-0.85,3157.8
2026-05-27 12:06:34,2026-05-27,RELIANCE.NS,BULL,0.818,,,WATCH,1477.08,1437.08,1557.08,1597.08,1499.3,2.0,3.0,40.0,2.71,43,63514.44,1720.0,1.97,-4.19,1.91,0.64,1,1473.4,-7.97,1356.0
2026-05-27 12:06:34,2026-05-27,AXISBANK.NS,BULL,0.818,,,READY,1320.29,1282.04,1396.79,1435.04,1389.2,2.0,3.0,38.25,2.9,45,59413.05,1721.25,1.94,4.47,5.59,0.74,2,1317.0,-0.39,1311.8
2026-05-27 12:06:34,2026-05-27,KOTAKBANK.NS,BULL,0.818,,,WATCH,396.14,382.8,422.82,436.16,412.4,2.0,3.0,13.34,3.37,131,51894.34,1747.54,2.29,2.53,4.46,0.57,3,395.15,-1.56,389.0
2026-05-27 12:06:34,2026-05-27,TECHM.NS,BULL,0.818,,,WATCH,1510.57,1449.73,1632.25,1693.09,1579.7,2.0,3.0,60.84,4.03,28,42295.96,1703.52,2.78,-0.09,5.07,0.53,3,1506.8,-3.31,1456.9
2026-05-27 12:06:34,2026-05-27,BHARTIARTL.NS,BULL,0.818,,,WATCH,1958.68,1895.4,2085.24,2148.52,2028.7,2.0,3.0,63.28,3.23,27,52884.36,1708.56,2.27,-0.35,4.01,0.57,3,1953.8,-4.77,1860.6
2026-05-27 12:06:34,2026-05-27,LT.NS,BULL,0.818,,,READY,4109.71,4004.67,4319.79,4424.83,4294.51,2.0,3.0,105.04,2.56,16,65755.36,1680.64,1.73,3.12,4.89,0.61,3,4099.46,-1.02,4057.8
2026-05-27 12:06:34,2026-05-27,ASIANPAINT.NS,BULL,0.818,,,READY,2696.32,2604.09,2880.78,2973.01,2788.4,2.0,3.0,92.23,3.42,40,107852.8,3689.2,2.3,10.57,3.74,0.85,3,2689.6,-0.45,2677.4
2026-05-27 12:06:34,2026-05-27,MARUTI.NS,BULL,0.818,,,WATCH,14010.94,13611.73,14809.36,15208.57,14372.0,2.0,3.0,399.21,2.85,4,56043.76,1596.84,2.01,0.29,3.02,0.71,2,13976.0,-5.45,13214.0
2026-05-27 12:06:34,2026-05-27,M&M.NS,BULL,0.818,,,WATCH,3407.5,3290.93,3640.64,3757.21,3500.1,2.0,3.0,116.57,3.42,15,51112.5,1748.55,2.49,1.85,3.25,0.68,1,3399.0,-8.13,3122.7
2026-05-27 12:06:34,2026-05-27,BAJAJ-AUTO.NS,BULL,0.818,,,READY,10840.03,10460.58,11598.93,11978.38,11195.0,2.0,3.0,379.45,3.5,4,43360.12,1517.8,2.34,9.0,3.6,0.9,3,10813.0,-0.21,10790.0
2026-05-27 12:06:34,2026-05-27,HINDALCO.NS,BULL,0.818,,,READY,1156.88,1109.1,1252.44,1300.22,1226.8,2.0,3.0,47.78,4.13,36,41647.68,1720.08,2.78,11.52,6.55,1.11,3,1154.0,-0.62,1146.8
2026-05-27 12:06:34,2026-05-27,TATASTEEL.NS,BULL,0.818,,,WATCH,224.96,217.19,240.5,248.27,235.7,2.0,3.0,7.77,3.45,225,50616.0,1748.25,2.4,3.07,5.36,0.8,3,224.4,-3.89,215.66
2026-05-27 12:06:34,2026-05-27,JSWSTEEL.NS,BULL,0.818,,,READY,1331.32,1293.24,1407.48,1445.56,1383.2,2.0,3.0,38.08,2.86,45,59909.4,1713.6,1.93,4.9,4.27,1.11,3,1328.0,-1.11,1313.3
2026-05-27 12:06:34,2026-05-27,ADANIPORTS.NS,BULL,0.818,,,READY,1847.41,1780.21,1981.81,2049.01,1908.8,2.0,3.0,67.2,3.64,55,101607.55,3696.0,2.45,11.34,3.66,0.51,3,1842.8,-0.8,1828.0
2026-05-27 12:06:34,2026-05-27,APOLLOHOSP.NS,BULL,0.818,,,WATCH,8464.11,8206.22,8979.89,9237.78,8834.5,2.0,3.0,257.89,3.05,6,50784.66,1547.34,2.1,8.42,4.71,1.28,3,8443.0,-2.88,8200.0
2026-05-27 12:06:34,2026-05-27,POLYCAB.NS,BULL,0.818,,,WATCH,9716.23,9410.02,10328.65,10634.86,10208.0,2.0,3.0,306.21,3.15,12,116594.76,3674.52,2.13,18.98,5.49,0.55,3,9692.0,-1.31,9565.5
2026-05-27 12:06:34,2026-05-27,GRASIM.NS,BULL,0.818,,,READY,3205.49,3097.72,3421.03,3528.8,3374.0,2.0,3.0,107.77,3.36,16,51287.84,1724.32,2.27,14.41,5.58,1.42,3,3197.5,-0.92,3168.0
2026-05-27 12:06:34,2026-05-27,HAL.NS,BULL,0.818,,,WATCH,4848.39,4656.73,5231.71,5423.37,4965.9,2.0,3.0,191.66,3.95,9,43635.51,1724.94,2.88,3.12,2.94,0.61,2,4836.3,-8.42,4429.0
2026-05-27 12:06:34,2026-05-27,CUMMINSIND.NS,BULL,0.818,,,READY,5570.89,5374.07,5964.53,6161.35,5778.5,2.0,3.0,196.82,3.53,8,44567.12,1574.56,2.37,6.09,4.09,0.77,3,5557.0,-0.44,5532.5
2026-05-27 12:06:34,2026-05-27,PIDILITIND.NS,BULL,0.818,,,WATCH,1518.79,1467.64,1621.09,1672.24,1564.4,2.0,3.0,51.15,3.37,73,110871.67,3733.95,2.31,8.56,3.34,0.4,3,1515.0,-2.36,1479.2
2026-05-27 12:06:34,2026-05-27,BERGEPAINT.NS,BULL,0.818,,,WATCH,541.7,508.56,607.98,641.12,573.1,2.0,3.0,33.14,6.12,113,61212.1,3744.82,4.19,12.39,6.43,0.29,3,540.35,-2.51,526.8
2026-05-27 12:06:34,2026-05-27,DIVISLAB.NS,BULL,0.818,,,WATCH,6985.42,6749.44,7457.38,7693.36,7267.5,2.0,3.0,235.98,3.38,7,48897.94,1651.86,2.3,5.52,4.39,0.99,3,6968.0,-2.02,6827.0
2026-05-27 12:06:34,2026-05-27,DLF.NS,BULL,0.818,,,WATCH,621.55,596.49,671.67,696.73,637.8,2.0,3.0,25.06,4.03,149,92610.95,3733.94,2.81,2.49,3.01,0.67,3,620.0,-3.95,595.5
2026-05-27 12:06:34,2026-05-27,LODHA.NS,BULL,0.818,,,WATCH,977.34,930.6,1070.82,1117.56,1034.9,2.0,3.0,46.74,4.78,37,36161.58,1729.38,3.38,3.65,6.66,0.74,3,974.9,-5.5,921.3
2026-05-27 12:06:34,2026-05-27,KEI.NS,BULL,0.818,,,READY,5467.63,5234.66,5933.57,6166.54,5761.8,2.0,3.0,232.97,4.26,16,87482.08,3727.52,2.87,12.36,5.81,0.66,3,5454.0,-0.85,5407.4
2026-05-27 12:06:34,2026-05-27,SRF.NS,BULL,0.818,,,WATCH,2839.18,2742.66,3032.22,3128.74,3008.4,2.0,3.0,96.52,3.4,18,51105.24,1737.36,2.35,9.67,6.55,0.67,3,2832.1,-3.4,2735.9
2026-05-27 12:06:34,2026-05-27,ZYDUSLIFE.NS,BULL,0.818,,,READY,1096.38,1048.19,1192.76,1240.95,1152.5,2.0,3.0,48.19,4.4,77,84421.26,3710.63,2.96,22.52,5.54,0.78,3,1093.65,-0.93,1083.5
2026-05-27 12:06:34,2026-05-27,SYRMA.NS,BULL,0.818,,,WATCH,1190.97,1115.38,1342.15,1417.74,1259.0,2.0,3.0,75.59,6.35,49,58357.53,3703.91,4.77,11.24,6.78,0.55,3,1188.0,-11.04,1056.8
2026-05-27 12:06:34,2026-05-27,PERSISTENT.NS,BULL,0.818,,,WATCH,5200.67,4953.87,5694.27,5941.07,5400.0,2.0,3.0,246.8,4.75,7,36404.69,1727.6,3.24,6.82,4.21,0.65,2,5187.7,-2.13,5077.2
2026-05-27 12:06:34,2026-05-27,COFORGE.NS,BULL,0.818,,,WATCH,1450.62,1372.75,1606.36,1684.23,1514.3,2.0,3.0,77.87,5.37,48,69629.76,3737.76,3.67,19.25,4.81,0.37,3,1447.0,-2.3,1413.7
2026-05-27 12:06:34,2026-05-27,KPITTECH.NS,BULL,0.818,,,WATCH,799.49,761.36,875.75,913.88,852.5,2.0,3.0,38.13,4.77,45,35977.05,1715.85,3.29,2.83,7.21,0.58,3,797.5,-3.12,772.6
2026-05-27 12:06:34,2026-05-27,MOTILALOFS.NS,BULL,0.818,,,READY,911.27,873.48,986.85,1024.64,982.15,2.0,3.0,37.79,4.15,46,41918.42,1738.34,2.8,13.62,8.44,0.79,3,909.0,-0.89,900.9
2026-05-27 12:06:34,2026-05-27,BSE.NS,BULL,0.818,,,WATCH,4457.92,4268.18,4837.4,5027.14,4742.1,2.0,3.0,189.74,4.26,19,84700.48,3605.06,2.91,20.5,6.89,0.73,3,4446.8,-2.2,4349.0
2026-05-27 12:06:34,2026-05-27,CDSL.NS,BULL,0.818,,,WATCH,1301.95,1257.69,1390.47,1434.73,1352.5,2.0,3.0,44.26,3.4,39,50776.05,1726.14,2.37,-1.09,4.42,0.73,2,1298.7,-4.14,1244.9
2026-05-27 12:06:34,2026-05-27,CGPOWER.NS,BULL,0.818,,,READY,926.66,886.02,1007.94,1048.58,991.65,2.0,3.0,40.64,4.39,92,85252.72,3738.88,2.95,13.97,7.65,0.75,3,924.35,-0.63,918.5
2026-05-27 12:06:34,2026-05-27,THERMAX.NS,BULL,0.818,,,WATCH,4892.2,4575.71,5525.18,5841.67,5155.3,2.0,3.0,316.49,6.47,11,53814.2,3481.39,4.66,12.01,6.14,0.63,3,4880.0,-7.27,4525.1
2026-05-27 12:06:34,2026-05-27,BDL.NS,BULL,0.818,,,WATCH,1484.9,1424.48,1605.74,1666.16,1530.6,2.0,3.0,60.42,4.07,28,41577.2,1691.76,3.05,-2.05,3.75,0.68,2,1481.2,-10.75,1321.9
2026-05-27 12:06:34,2026-05-27,LALPATHLAB.NS,BULL,0.818,,,WATCH,1724.2,1632.37,1907.86,1999.69,1849.0,2.0,3.0,91.83,5.33,40,68968.0,3673.2,3.82,18.14,7.94,0.27,3,1719.9,-6.91,1601.0
2026-05-27 12:06:34,2026-05-27,TIINDIA.NS,BULL,0.818,,,READY,3192.96,3019.45,3539.98,3713.49,3400.0,2.0,3.0,173.51,5.43,10,31929.6,1735.1,3.67,8.09,7.05,0.65,3,3185.0,-0.92,3155.8
2026-05-27 12:07:21,2026-05-27,RELIANCE.NS,BULL,0.818,,,WATCH,1477.08,1437.08,1557.08,1597.08,1499.3,2.0,3.0,40.0,2.71,43,63514.44,1720.0,1.97,-4.23,1.91,0.64,1,1473.4,-8.0,1355.5
2026-05-27 12:07:21,2026-05-27,AXISBANK.NS,BULL,0.818,,,READY,1320.29,1282.04,1396.79,1435.04,1389.2,2.0,3.0,38.25,2.9,45,59413.05,1721.25,1.94,4.46,5.59,0.74,2,1317.0,-0.4,1311.7
2026-05-27 12:07:21,2026-05-27,KOTAKBANK.NS,BULL,0.818,,,WATCH,396.14,382.8,422.82,436.16,412.4,2.0,3.0,13.34,3.37,131,51894.34,1747.54,2.29,2.53,4.46,0.57,3,395.15,-1.54,389.05
2026-05-27 12:07:21,2026-05-27,TECHM.NS,BULL,0.818,,,WATCH,1510.57,1449.73,1632.25,1693.09,1579.7,2.0,3.0,60.84,4.03,28,42295.96,1703.52,2.78,-0.06,5.07,0.53,3,1506.8,-3.28,1457.4
2026-05-27 12:07:21,2026-05-27,BHARTIARTL.NS,BULL,0.818,,,WATCH,1958.68,1895.4,2085.24,2148.52,2028.7,2.0,3.0,63.28,3.23,27,52884.36,1708.56,2.27,-0.37,4.01,0.57,3,1953.8,-4.79,1860.3
2026-05-27 12:07:21,2026-05-27,LT.NS,BULL,0.818,,,READY,4109.71,4004.67,4319.79,4424.83,4294.51,2.0,3.0,105.04,2.56,16,65755.36,1680.64,1.72,3.16,4.89,0.61,3,4099.46,-0.97,4059.7
2026-05-27 12:07:21,2026-05-27,ASIANPAINT.NS,BULL,0.818,,,READY,2696.32,2604.09,2880.78,2973.01,2788.4,2.0,3.0,92.23,3.42,40,107852.8,3689.2,2.3,10.56,3.74,0.85,3,2689.6,-0.46,2677.3
2026-05-27 12:07:21,2026-05-27,MARUTI.NS,BULL,0.818,,,WATCH,14010.94,13611.73,14809.36,15208.57,14372.0,2.0,3.0,399.21,2.85,4,56043.76,1596.84,2.01,0.3,3.02,0.71,2,13976.0,-5.44,13216.0
2026-05-27 12:07:21,2026-05-27,M&M.NS,BULL,0.818,,,WATCH,3407.5,3290.93,3640.64,3757.21,3500.1,2.0,3.0,116.57,3.42,15,51112.5,1748.55,2.49,1.83,3.25,0.68,1,3399.0,-8.15,3122.1
2026-05-27 12:07:21,2026-05-27,BAJAJ-AUTO.NS,BULL,0.818,,,READY,10840.03,10460.58,11598.93,11978.38,11195.0,2.0,3.0,379.45,3.5,4,43360.12,1517.8,2.34,8.99,3.6,0.9,3,10813.0,-0.22,10789.5
2026-05-27 12:07:21,2026-05-27,HINDALCO.NS,BULL,0.818,,,READY,1156.88,1109.1,1252.44,1300.22,1226.8,2.0,3.0,47.78,4.13,36,41647.68,1720.08,2.78,11.5,6.55,1.11,3,1154.0,-0.64,1146.6
2026-05-27 12:07:21,2026-05-27,TATASTEEL.NS,BULL,0.818,,,WATCH,224.96,217.19,240.5,248.27,235.7,2.0,3.0,7.77,3.45,225,50616.0,1748.25,2.4,3.1,5.36,0.8,3,224.4,-3.87,215.72
2026-05-27 12:07:21,2026-05-27,JSWSTEEL.NS,BULL,0.818,,,READY,1331.32,1293.24,1407.48,1445.56,1383.2,2.0,3.0,38.08,2.86,45,59909.4,1713.6,1.93,4.89,4.27,1.11,3,1328.0,-1.11,1313.3
2026-05-27 12:07:21,2026-05-27,ADANIPORTS.NS,BULL,0.818,,,READY,1847.41,1780.21,1981.81,2049.01,1908.8,2.0,3.0,67.2,3.64,55,101607.55,3696.0,2.45,11.33,3.66,0.51,3,1842.8,-0.81,1827.9
2026-05-27 12:07:21,2026-05-27,APOLLOHOSP.NS,BULL,0.818,,,WATCH,8464.11,8206.22,8979.89,9237.78,8834.5,2.0,3.0,257.89,3.05,6,50784.66,1547.34,2.1,8.4,4.71,1.28,3,8443.0,-2.89,8199.0
2026-05-27 12:07:21,2026-05-27,POLYCAB.NS,BULL,0.818,,,WATCH,9716.23,9410.02,10328.65,10634.86,10208.0,2.0,3.0,306.21,3.15,12,116594.76,3674.52,2.13,19.01,5.49,0.55,3,9692.0,-1.28,9568.0
2026-05-27 12:07:21,2026-05-27,GRASIM.NS,BULL,0.818,,,READY,3205.49,3097.72,3421.03,3528.8,3374.0,2.0,3.0,107.77,3.36,16,51287.84,1724.32,2.27,14.4,5.58,1.42,3,3197.5,-0.92,3168.0
2026-05-27 12:07:21,2026-05-27,HAL.NS,BULL,0.818,,,WATCH,4848.39,4656.73,5231.71,5423.37,4965.9,2.0,3.0,191.66,3.95,9,43635.51,1724.94,2.88,3.15,2.94,0.61,2,4836.3,-8.39,4430.4
2026-05-27 12:07:21,2026-05-27,CUMMINSIND.NS,BULL,0.818,,,READY,5570.89,5374.07,5964.53,6161.35,5778.5,2.0,3.0,196.82,3.53,8,44567.12,1574.56,2.37,6.05,4.09,0.77,3,5557.0,-0.48,5530.5
2026-05-27 12:07:21,2026-05-27,PIDILITIND.NS,BULL,0.818,,,WATCH,1518.79,1467.64,1621.09,1672.24,1564.4,2.0,3.0,51.15,3.37,73,110871.67,3733.95,2.31,8.51,3.34,0.4,3,1515.0,-2.41,1478.5
2026-05-27 12:07:21,2026-05-27,BERGEPAINT.NS,BULL,0.818,,,WATCH,541.7,508.56,607.98,641.12,573.1,2.0,3.0,33.14,6.12,113,61212.1,3744.82,4.19,12.39,6.43,0.29,3,540.35,-2.51,526.8
2026-05-27 12:07:21,2026-05-27,DIVISLAB.NS,BULL,0.818,,,WATCH,6985.42,6749.44,7457.38,7693.36,7267.5,2.0,3.0,235.98,3.38,7,48897.94,1651.86,2.3,5.51,4.39,0.99,3,6968.0,-2.03,6826.5
2026-05-27 12:07:21,2026-05-27,DLF.NS,BULL,0.818,,,WATCH,621.55,596.49,671.67,696.73,637.8,2.0,3.0,25.06,4.03,149,92610.95,3733.94,2.81,2.44,3.01,0.67,3,620.0,-3.99,595.25
2026-05-27 12:07:21,2026-05-27,LODHA.NS,BULL,0.818,,,WATCH,977.34,930.6,1070.82,1117.56,1034.9,2.0,3.0,46.74,4.78,37,36161.58,1729.38,3.38,3.72,6.66,0.74,3,974.9,-5.43,922.0
2026-05-27 12:07:21,2026-05-27,KEI.NS,BULL,0.818,,,READY,5467.63,5234.66,5933.57,6166.54,5761.8,2.0,3.0,232.97,4.26,16,87482.08,3727.52,2.87,12.38,5.81,0.66,3,5454.0,-0.84,5408.4
2026-05-27 12:07:21,2026-05-27,SRF.NS,BULL,0.818,,,WATCH,2839.18,2742.66,3032.22,3128.74,3008.4,2.0,3.0,96.52,3.4,18,51105.24,1737.36,2.35,9.67,6.55,0.67,3,2832.1,-3.39,2736.0
2026-05-27 12:07:21,2026-05-27,ZYDUSLIFE.NS,BULL,0.818,,,READY,1096.38,1048.19,1192.76,1240.95,1152.5,2.0,3.0,48.19,4.4,77,84421.26,3710.63,2.96,22.54,5.54,0.78,3,1093.65,-0.91,1083.7
2026-05-27 12:07:21,2026-05-27,SYRMA.NS,BULL,0.818,,,WATCH,1190.97,1115.38,1342.15,1417.74,1259.0,2.0,3.0,75.59,6.35,49,58357.53,3703.91,4.77,11.24,6.78,0.55,3,1188.0,-11.04,1056.8
2026-05-27 12:07:21,2026-05-27,PERSISTENT.NS,BULL,0.818,,,WATCH,5200.67,4953.41,5695.19,5942.45,5400.0,2.0,3.0,247.26,4.75,7,36404.69,1730.82,3.25,6.72,4.21,0.65,2,5187.7,-2.21,5072.8
2026-05-27 12:07:21,2026-05-27,COFORGE.NS,BULL,0.818,,,WATCH,1450.62,1372.75,1606.36,1684.23,1514.3,2.0,3.0,77.87,5.37,48,69629.76,3737.76,3.67,19.26,4.81,0.37,3,1447.0,-2.29,1413.8
2026-05-27 12:07:21,2026-05-27,KPITTECH.NS,BULL,0.818,,,WATCH,799.49,761.36,875.75,913.88,852.5,2.0,3.0,38.13,4.77,45,35977.05,1715.85,3.29,2.77,7.21,0.58,3,797.5,-3.17,772.25
2026-05-27 12:07:21,2026-05-27,MOTILALOFS.NS,BULL,0.818,,,READY,911.27,873.48,986.85,1024.64,982.15,2.0,3.0,37.79,4.15,46,41918.42,1738.34,2.8,13.61,8.44,0.79,3,909.0,-0.89,900.9
2026-05-27 12:07:21,2026-05-27,BSE.NS,BULL,0.818,,,WATCH,4457.92,4268.18,4837.4,5027.14,4742.1,2.0,3.0,189.74,4.26,19,84700.48,3605.06,2.91,20.52,6.89,0.73,3,4446.8,-2.18,4350.0
2026-05-27 12:07:21,2026-05-27,CDSL.NS,BULL,0.818,,,WATCH,1301.95,1257.69,1390.47,1434.73,1352.5,2.0,3.0,44.26,3.4,39,50776.05,1726.14,2.37,-1.1,4.42,0.73,2,1298.7,-4.15,1244.8
2026-05-27 12:07:21,2026-05-27,CGPOWER.NS,BULL,0.818,,,READY,926.66,886.02,1007.94,1048.58,991.65,2.0,3.0,40.64,4.39,92,85252.72,3738.88,2.95,14.02,7.65,0.75,3,924.35,-0.58,919.0
2026-05-27 12:07:21,2026-05-27,THERMAX.NS,BULL,0.818,,,WATCH,4892.2,4575.71,5525.18,5841.67,5155.3,2.0,3.0,316.49,6.47,11,53814.2,3481.39,4.66,12.02,6.14,0.63,3,4880.0,-7.26,4525.6
2026-05-27 12:07:21,2026-05-27,BDL.NS,BULL,0.818,,,WATCH,1484.9,1424.48,1605.74,1666.16,1530.6,2.0,3.0,60.42,4.07,28,41577.2,1691.76,3.05,-2.03,3.75,0.68,2,1481.2,-10.73,1322.3
2026-05-27 12:07:21,2026-05-27,LALPATHLAB.NS,BULL,0.818,,,WATCH,1724.2,1632.37,1907.86,1999.69,1849.0,2.0,3.0,91.83,5.33,40,68968.0,3673.2,3.82,18.14,7.94,0.27,3,1719.9,-6.91,1601.0
2026-05-27 12:07:21,2026-05-27,TIINDIA.NS,BULL,0.818,,,READY,3192.96,3019.45,3539.98,3713.49,3400.0,2.0,3.0,173.51,5.43,10,31929.6,1735.1,3.67,8.1,7.05,0.65,3,3185.0,-0.91,3156.1
2026-05-27 12:08:36,2026-05-27,RELIANCE.NS,BULL,0.817,,,WATCH,1477.08,1437.08,1557.08,1597.08,1499.3,2.0,3.0,40.0,2.71,43,63514.44,1720.0,1.97,-4.24,1.91,0.64,1,1473.4,-8.02,1355.2
2026-05-27 12:08:36,2026-05-27,AXISBANK.NS,BULL,0.817,,,READY,1320.29,1282.04,1396.79,1435.04,1389.2,2.0,3.0,38.25,2.9,45,59413.05,1721.25,1.94,4.49,5.59,0.74,2,1317.0,-0.38,1312.0
2026-05-27 12:08:36,2026-05-27,KOTAKBANK.NS,BULL,0.817,,,WATCH,396.14,382.8,422.82,436.16,412.4,2.0,3.0,13.34,3.37,131,51894.34,1747.54,2.29,2.55,4.46,0.57,3,395.15,-1.54,389.05
2026-05-27 12:08:36,2026-05-27,TECHM.NS,BULL,0.817,,,WATCH,1510.57,1449.73,1632.25,1693.09,1579.7,2.0,3.0,60.84,4.03,28,42295.96,1703.52,2.78,-0.01,5.07,0.53,3,1506.8,-3.25,1457.9
2026-05-27 12:08:36,2026-05-27,BHARTIARTL.NS,BULL,0.817,,,WATCH,1958.68,1895.4,2085.24,2148.52,2028.7,2.0,3.0,63.28,3.23,27,52884.36,1708.56,2.27,-0.35,4.01,0.57,3,1953.8,-4.78,1860.5
2026-05-27 12:08:36,2026-05-27,LT.NS,BULL,0.817,,,READY,4109.71,4004.67,4319.79,4424.83,4294.51,2.0,3.0,105.04,2.56,16,65755.36,1680.64,1.72,3.18,4.89,0.61,3,4099.46,-0.96,4060.0
2026-05-27 12:08:36,2026-05-27,ASIANPAINT.NS,BULL,0.817,,,READY,2696.32,2604.09,2880.78,2973.01,2788.4,2.0,3.0,92.23,3.42,40,107852.8,3689.2,2.3,10.59,3.74,0.85,3,2689.6,-0.44,2677.8
2026-05-27 12:08:36,2026-05-27,MARUTI.NS,BULL,0.817,,,WATCH,14010.94,13611.73,14809.36,15208.57,14372.0,2.0,3.0,399.21,2.85,4,56043.76,1596.84,2.01,0.3,3.02,0.71,2,13976.0,-5.45,13215.0
2026-05-27 12:08:36,2026-05-27,M&M.NS,BULL,0.817,,,WATCH,3407.5,3290.93,3640.64,3757.21,3500.1,2.0,3.0,116.57,3.42,15,51112.5,1748.55,2.49,1.86,3.25,0.68,1,3399.0,-8.13,3122.8
2026-05-27 12:08:36,2026-05-27,BAJAJ-AUTO.NS,BULL,0.817,,,READY,10840.03,10460.58,11598.93,11978.38,11195.0,2.0,3.0,379.45,3.5,4,43360.12,1517.8,2.34,9.01,3.6,0.9,3,10813.0,-0.21,10790.0
2026-05-27 12:08:36,2026-05-27,HINDALCO.NS,BULL,0.817,,,READY,1156.88,1109.1,1252.44,1300.22,1226.8,2.0,3.0,47.78,4.13,36,41647.68,1720.08,2.78,11.52,6.55,1.11,3,1154.0,-0.63,1146.7
2026-05-27 12:08:36,2026-05-27,TATASTEEL.NS,BULL,0.817,,,WATCH,224.96,217.19,240.5,248.27,235.7,2.0,3.0,7.77,3.45,225,50616.0,1748.25,2.4,3.1,5.36,0.8,3,224.4,-3.88,215.7
2026-05-27 12:08:36,2026-05-27,JSWSTEEL.NS,BULL,0.817,,,READY,1331.32,1293.24,1407.48,1445.56,1383.2,2.0,3.0,38.08,2.86,45,59909.4,1713.6,1.93,4.9,4.27,1.11,3,1328.0,-1.11,1313.2
2026-05-27 12:08:36,2026-05-27,ADANIPORTS.NS,BULL,0.817,,,READY,1847.41,1780.21,1981.81,2049.01,1908.8,2.0,3.0,67.2,3.64,55,101607.55,3696.0,2.45,11.35,3.66,0.51,3,1842.8,-0.8,1828.0
2026-05-27 12:08:36,2026-05-27,APOLLOHOSP.NS,BULL,0.817,,,WATCH,8464.11,8206.22,8979.89,9237.78,8834.5,2.0,3.0,257.89,3.05,6,50784.66,1547.34,2.1,8.42,4.71,1.28,3,8443.0,-2.88,8199.5
2026-05-27 12:08:36,2026-05-27,POLYCAB.NS,BULL,0.817,,,WATCH,9716.23,9410.02,10328.65,10634.86,10208.0,2.0,3.0,306.21,3.15,12,116594.76,3674.52,2.13,18.98,5.49,0.55,3,9692.0,-1.31,9565.0
2026-05-27 12:08:36,2026-05-27,GRASIM.NS,BULL,0.817,,,READY,3205.49,3097.72,3421.03,3528.8,3374.0,2.0,3.0,107.77,3.36,16,51287.84,1724.32,2.27,14.44,5.58,1.42,3,3197.5,-0.9,3168.7
2026-05-27 12:08:36,2026-05-27,HAL.NS,BULL,0.817,,,WATCH,4848.39,4656.73,5231.71,5423.37,4965.9,2.0,3.0,191.66,3.95,9,43635.51,1724.94,2.88,3.16,2.94,0.61,2,4836.3,-8.39,4430.5
2026-05-27 12:08:36,2026-05-27,CUMMINSIND.NS,BULL,0.817,,,READY,5570.89,5374.07,5964.53,6161.35,5778.5,2.0,3.0,196.82,3.53,8,44567.12,1574.56,2.37,6.12,4.09,0.77,3,5557.0,-0.42,5533.5
2026-05-27 12:08:36,2026-05-27,PIDILITIND.NS,BULL,0.817,,,WATCH,1518.79,1467.64,1621.09,1672.24,1564.4,2.0,3.0,51.15,3.37,73,110871.67,3733.95,2.31,8.57,3.34,0.4,3,1515.0,-2.36,1479.2
2026-05-27 12:08:36,2026-05-27,BERGEPAINT.NS,BULL,0.817,,,WATCH,541.7,508.56,607.98,641.12,573.1,2.0,3.0,33.14,6.12,113,61212.1,3744.82,4.19,12.38,6.43,0.29,3,540.35,-2.53,526.7
2026-05-27 12:08:36,2026-05-27,DIVISLAB.NS,BULL,0.817,,,WATCH,6985.42,6749.44,7457.38,7693.36,7267.5,2.0,3.0,235.98,3.38,7,48897.94,1651.86,2.3,5.52,4.39,0.99,3,6968.0,-2.03,6826.5
2026-05-27 12:08:36,2026-05-27,DLF.NS,BULL,0.817,,,WATCH,621.55,596.49,671.67,696.73,637.8,2.0,3.0,25.06,4.03,149,92610.95,3733.94,2.81,2.49,3.01,0.67,3,620.0,-3.96,595.45
2026-05-27 12:08:36,2026-05-27,LODHA.NS,BULL,0.817,,,WATCH,977.34,930.6,1070.82,1117.56,1034.9,2.0,3.0,46.74,4.78,37,36161.58,1729.38,3.38,3.68,6.66,0.74,3,974.9,-5.48,921.5
2026-05-27 12:08:36,2026-05-27,KEI.NS,BULL,0.817,,,READY,5467.63,5234.66,5933.57,6166.54,5761.8,2.0,3.0,232.97,4.26,16,87482.08,3727.52,2.87,12.35,5.81,0.66,3,5454.0,-0.87,5406.3
2026-05-27 12:08:36,2026-05-27,SRF.NS,BULL,0.817,,,WATCH,2839.18,2742.66,3032.22,3128.74,3008.4,2.0,3.0,96.52,3.4,18,51105.24,1737.36,2.35,9.72,6.55,0.67,3,2832.1,-3.36,2737.0
2026-05-27 12:08:36,2026-05-27,ZYDUSLIFE.NS,BULL,0.817,,,READY,1096.38,1048.19,1192.76,1240.95,1152.5,2.0,3.0,48.19,4.4,77,84421.26,3710.63,2.97,22.48,5.54,0.78,3,1093.65,-0.96,1083.1
2026-05-27 12:08:36,2026-05-27,SYRMA.NS,BULL,0.817,,,WATCH,1190.97,1115.38,1342.15,1417.74,1259.0,2.0,3.0,75.59,6.35,49,58357.53,3703.91,4.77,11.22,6.78,0.55,3,1188.0,-11.07,1056.5
2026-05-27 12:08:36,2026-05-27,PERSISTENT.NS,BULL,0.817,,,WATCH,5200.67,4953.41,5695.19,5942.45,5400.0,2.0,3.0,247.26,4.75,7,36404.69,1730.82,3.25,6.78,4.21,0.65,2,5187.7,-2.17,5075.0
2026-05-27 12:08:36,2026-05-27,COFORGE.NS,BULL,0.817,,,WATCH,1450.62,1372.75,1606.36,1684.23,1514.3,2.0,3.0,77.87,5.37,48,69629.76,3737.76,3.67,19.37,4.81,0.37,3,1447.0,-2.21,1415.0
2026-05-27 12:08:36,2026-05-27,KPITTECH.NS,BULL,0.817,,,WATCH,799.49,761.36,875.75,913.88,852.5,2.0,3.0,38.13,4.77,45,35977.05,1715.85,3.29,2.85,7.21,0.58,3,797.5,-3.11,772.7
2026-05-27 12:08:36,2026-05-27,MOTILALOFS.NS,BULL,0.817,,,READY,911.27,873.48,986.85,1024.64,982.15,2.0,3.0,37.79,4.15,46,41918.42,1738.34,2.8,13.56,8.44,0.79,3,909.0,-0.95,900.4
2026-05-27 12:08:36,2026-05-27,BSE.NS,BULL,0.817,,,WATCH,4457.92,4268.18,4837.4,5027.14,4742.1,2.0,3.0,189.74,4.26,19,84700.48,3605.06,2.91,20.64,6.89,0.73,3,4446.8,-2.1,4353.6
2026-05-27 12:08:36,2026-05-27,CDSL.NS,BULL,0.817,,,WATCH,1301.95,1257.69,1390.47,1434.73,1352.5,2.0,3.0,44.26,3.4,39,50776.05,1726.14,2.37,-0.94,4.41,0.73,2,1298.7,-4.0,1246.7
2026-05-27 12:08:36,2026-05-27,CGPOWER.NS,BULL,0.817,,,READY,926.66,886.02,1007.94,1048.58,991.65,2.0,3.0,40.64,4.39,92,85252.72,3738.88,2.95,14.04,7.65,0.75,3,924.35,-0.58,919.0
2026-05-27 12:08:36,2026-05-27,THERMAX.NS,BULL,0.817,,,WATCH,4892.2,4575.71,5525.18,5841.67,5155.3,2.0,3.0,316.49,6.47,11,53814.2,3481.39,4.66,12.08,6.14,0.63,3,4880.0,-7.22,4527.6
2026-05-27 12:08:36,2026-05-27,BDL.NS,BULL,0.817,,,WATCH,1484.9,1424.48,1605.74,1666.16,1530.6,2.0,3.0,60.42,4.07,28,41577.2,1691.76,3.05,-2.0,3.75,0.68,2,1481.2,-10.71,1322.6
2026-05-27 12:08:36,2026-05-27,LALPATHLAB.NS,BULL,0.817,,,WATCH,1724.2,1632.37,1907.86,1999.69,1849.0,2.0,3.0,91.83,5.33,40,68968.0,3673.2,3.82,18.15,7.94,0.27,3,1719.9,-6.91,1601.0
2026-05-27 12:08:36,2026-05-27,TIINDIA.NS,BULL,0.817,,,READY,3192.96,3019.45,3539.98,3713.49,3400.0,2.0,3.0,173.51,5.43,10,31929.6,1735.1,3.66,8.18,7.05,0.65,3,3185.0,-0.84,3158.3
2026-05-27 12:15:25,2026-05-27,RELIANCE.NS,BULL,0.817,,,WATCH,1477.08,1437.08,1557.08,1597.08,1499.3,2.0,3.0,40.0,2.71,43,63514.44,1720.0,1.97,-4.24,1.91,0.65,1,1473.4,-8.04,1355.0
2026-05-27 12:15:25,2026-05-27,AXISBANK.NS,BULL,0.817,,,READY,1320.29,1282.04,1396.79,1435.04,1389.2,2.0,3.0,38.25,2.9,45,59413.05,1721.25,1.95,4.4,5.59,0.74,2,1317.0,-0.47,1310.8
2026-05-27 12:15:25,2026-05-27,KOTAKBANK.NS,BULL,0.817,,,WATCH,396.14,382.8,422.82,436.16,412.4,2.0,3.0,13.34,3.37,131,51894.34,1747.54,2.29,2.42,4.46,0.57,3,395.15,-1.67,388.55
2026-05-27 12:15:25,2026-05-27,TECHM.NS,BULL,0.817,,,WATCH,1510.57,1449.73,1632.25,1693.09,1579.7,2.0,3.0,60.84,4.03,28,42295.96,1703.52,2.78,0.03,5.07,0.53,3,1506.8,-3.21,1458.4
2026-05-27 12:15:25,2026-05-27,BHARTIARTL.NS,BULL,0.817,,,WATCH,1958.68,1895.4,2085.24,2148.52,2028.7,2.0,3.0,63.28,3.23,27,52884.36,1708.56,2.27,-0.31,4.01,0.57,3,1953.8,-4.75,1861.0
2026-05-27 12:15:25,2026-05-27,LT.NS,BULL,0.817,,,READY,4109.71,4004.67,4319.79,4424.83,4294.51,2.0,3.0,105.04,2.56,16,65755.36,1680.64,1.72,3.24,4.89,0.62,3,4099.46,-0.91,4062.0
2026-05-27 12:15:25,2026-05-27,ASIANPAINT.NS,BULL,0.817,,,READY,2696.32,2604.09,2880.78,2973.01,2788.4,2.0,3.0,92.23,3.42,40,107852.8,3689.2,2.29,10.77,3.74,0.85,3,2689.6,-0.28,2682.1
2026-05-27 12:15:25,2026-05-27,MARUTI.NS,BULL,0.817,,,WATCH,14010.94,13611.73,14809.36,15208.57,14372.0,2.0,3.0,399.21,2.85,4,56043.76,1596.84,2.02,0.24,3.02,0.71,2,13976.0,-5.51,13206.0
2026-05-27 12:15:25,2026-05-27,M&M.NS,BULL,0.817,,,WATCH,3407.5,3290.93,3640.64,3757.21,3500.1,2.0,3.0,116.57,3.42,15,51112.5,1748.55,2.49,1.9,3.25,0.68,1,3399.0,-8.1,3123.6
2026-05-27 12:15:25,2026-05-27,BAJAJ-AUTO.NS,BULL,0.817,,,READY,10840.03,10460.58,11598.93,11978.38,11195.0,2.0,3.0,379.45,3.5,4,43360.12,1517.8,2.35,8.97,3.6,0.9,3,10813.0,-0.25,10785.5
2026-05-27 12:15:25,2026-05-27,HINDALCO.NS,BULL,0.817,,,READY,1156.88,1109.1,1252.44,1300.22,1226.8,2.0,3.0,47.78,4.13,36,41647.68,1720.08,2.78,11.53,6.55,1.11,3,1154.0,-0.63,1146.7
2026-05-27 12:15:25,2026-05-27,TATASTEEL.NS,BULL,0.817,,,WATCH,224.96,217.19,240.5,248.27,235.7,2.0,3.0,7.77,3.45,225,50616.0,1748.25,2.4,3.14,5.36,0.8,3,224.4,-3.85,215.76
2026-05-27 12:15:25,2026-05-27,JSWSTEEL.NS,BULL,0.817,,,READY,1331.32,1293.24,1407.48,1445.56,1383.2,2.0,3.0,38.08,2.86,45,59909.4,1713.6,1.93,4.96,4.27,1.11,3,1328.0,-1.06,1313.9
2026-05-27 12:15:25,2026-05-27,ADANIPORTS.NS,BULL,0.817,,,READY,1847.41,1780.21,1981.81,2049.01,1908.8,2.0,3.0,67.2,3.64,55,101607.55,3696.0,2.45,11.23,3.66,0.51,3,1842.8,-0.91,1826.0
2026-05-27 12:15:25,2026-05-27,APOLLOHOSP.NS,BULL,0.817,,,WATCH,8464.11,8206.22,8979.89,9237.78,8834.5,2.0,3.0,257.89,3.05,6,50784.66,1547.34,2.1,8.5,4.71,1.28,3,8443.0,-2.82,8205.0
2026-05-27 12:15:25,2026-05-27,POLYCAB.NS,BULL,0.817,,,READY,9716.23,9410.02,10328.65,10634.86,10208.0,2.0,3.0,306.21,3.15,12,116594.76,3674.52,2.13,19.26,5.48,0.55,3,9692.0,-1.08,9587.0
2026-05-27 12:15:25,2026-05-27,GRASIM.NS,BULL,0.817,,,READY,3205.49,3097.72,3421.03,3528.8,3374.0,2.0,3.0,107.77,3.36,16,51287.84,1724.32,2.27,14.42,5.58,1.42,3,3197.5,-0.92,3168.0
2026-05-27 12:15:25,2026-05-27,HAL.NS,BULL,0.817,,,WATCH,4848.39,4656.73,5231.71,5423.37,4965.9,2.0,3.0,191.66,3.95,9,43635.51,1724.94,2.88,3.19,2.94,0.61,2,4836.3,-8.37,4431.5
2026-05-27 12:15:25,2026-05-27,CUMMINSIND.NS,BULL,0.817,,,READY,5570.89,5374.07,5964.53,6161.35,5778.5,2.0,3.0,196.82,3.53,8,44567.12,1574.56,2.37,6.2,4.09,0.77,3,5557.0,-0.35,5537.5
2026-05-27 12:15:25,2026-05-27,PIDILITIND.NS,BULL,0.817,,,WATCH,1518.79,1467.64,1621.09,1672.24,1564.4,2.0,3.0,51.15,3.37,73,110871.67,3733.95,2.3,8.64,3.34,0.4,3,1515.0,-2.3,1480.1
2026-05-27 12:15:25,2026-05-27,BERGEPAINT.NS,BULL,0.817,,,WATCH,541.7,508.56,607.98,641.12,573.1,2.0,3.0,33.14,6.12,113,61212.1,3744.82,4.2,12.3,6.43,0.29,3,540.35,-2.6,526.3
2026-05-27 12:15:25,2026-05-27,DIVISLAB.NS,BULL,0.817,,,WATCH,6985.42,6749.06,7458.14,7694.5,7267.5,2.0,3.0,236.36,3.38,7,48897.94,1654.52,2.3,5.8,4.39,0.99,3,6968.0,-1.78,6844.0
2026-05-27 12:15:25,2026-05-27,DLF.NS,BULL,0.817,,,WATCH,621.55,596.49,671.67,696.73,637.8,2.0,3.0,25.06,4.03,149,92610.95,3733.94,2.8,2.53,3.01,0.67,3,620.0,-3.93,595.65
2026-05-27 12:15:25,2026-05-27,LODHA.NS,BULL,0.817,,,WATCH,977.34,930.6,1070.82,1117.56,1034.9,2.0,3.0,46.74,4.78,37,36161.58,1729.38,3.38,3.65,6.66,0.74,3,974.9,-5.5,921.25
2026-05-27 12:15:25,2026-05-27,KEI.NS,BULL,0.817,,,READY,5467.63,5234.66,5933.57,6166.54,5761.8,2.0,3.0,232.97,4.26,16,87482.08,3727.52,2.87,12.49,5.81,0.66,3,5454.0,-0.75,5413.1
2026-05-27 12:15:25,2026-05-27,SRF.NS,BULL,0.817,,,WATCH,2839.18,2742.66,3032.22,3128.74,3008.4,2.0,3.0,96.52,3.4,18,51105.24,1737.36,2.35,9.72,6.55,0.67,3,2832.1,-3.36,2736.9
2026-05-27 12:15:25,2026-05-27,ZYDUSLIFE.NS,BULL,0.817,,,READY,1096.38,1048.19,1192.76,1240.95,1152.5,2.0,3.0,48.19,4.4,77,84421.26,3710.63,2.96,22.59,5.54,0.78,3,1093.65,-0.89,1083.95
2026-05-27 12:15:25,2026-05-27,SYRMA.NS,BULL,0.817,,,WATCH,1190.97,1115.38,1342.15,1417.74,1259.0,2.0,3.0,75.59,6.35,49,58357.53,3703.91,4.77,11.18,6.78,0.55,3,1188.0,-11.11,1056.05
2026-05-27 12:15:25,2026-05-27,PERSISTENT.NS,BULL,0.817,,,WATCH,5200.67,4953.41,5695.19,5942.45,5400.0,2.0,3.0,247.26,4.75,7,36404.69,1730.82,3.25,6.76,4.21,0.65,2,5187.7,-2.19,5074.1
2026-05-27 12:15:25,2026-05-27,COFORGE.NS,BULL,0.817,,,WATCH,1450.62,1372.75,1606.36,1684.23,1514.3,2.0,3.0,77.87,5.37,48,69629.76,3737.76,3.67,19.41,4.81,0.37,3,1447.0,-2.18,1415.4
2026-05-27 12:15:25,2026-05-27,KPITTECH.NS,BULL,0.817,,,WATCH,799.49,761.36,875.75,913.88,852.5,2.0,3.0,38.13,4.77,45,35977.05,1715.85,3.29,2.69,7.21,0.58,3,797.5,-3.26,771.5
2026-05-27 12:15:25,2026-05-27,MOTILALOFS.NS,BULL,0.817,,,WATCH,911.27,873.48,986.85,1024.64,982.15,2.0,3.0,37.79,4.15,46,41918.42,1738.34,2.81,13.22,8.44,0.8,3,909.0,-1.25,897.6
2026-05-27 12:15:25,2026-05-27,BSE.NS,BULL,0.817,,,WATCH,4457.92,4268.18,4837.4,5027.14,4742.1,2.0,3.0,189.74,4.26,19,84700.48,3605.06,2.91,20.29,6.89,0.73,3,4446.8,-2.38,4340.8
2026-05-27 12:15:25,2026-05-27,CDSL.NS,BULL,0.817,,,WATCH,1301.95,1257.69,1390.47,1434.73,1352.5,2.0,3.0,44.26,3.4,39,50776.05,1726.14,2.37,-1.06,4.42,0.73,2,1298.7,-4.13,1245.1
2026-05-27 12:15:25,2026-05-27,CGPOWER.NS,BULL,0.817,,,READY,926.66,886.02,1007.94,1048.58,991.65,2.0,3.0,40.64,4.39,92,85252.72,3738.88,2.95,13.99,7.65,0.75,3,924.35,-0.62,918.6
2026-05-27 12:15:25,2026-05-27,THERMAX.NS,BULL,0.817,,,WATCH,4892.2,4575.71,5525.18,5841.67,5155.3,2.0,3.0,316.49,6.47,11,53814.2,3481.39,4.67,11.97,6.14,0.63,3,4880.0,-7.32,4522.7
2026-05-27 12:15:25,2026-05-27,LALPATHLAB.NS,BULL,0.817,,,WATCH,1724.2,1632.37,1907.86,1999.69,1849.0,2.0,3.0,91.83,5.33,40,68968.0,3673.2,3.82,18.18,7.94,0.27,3,1719.9,-6.9,1601.3
2026-05-27 12:15:25,2026-05-27,TIINDIA.NS,BULL,0.817,,,READY,3192.96,3019.45,3539.98,3713.49,3400.0,2.0,3.0,173.51,5.43,10,31929.6,1735.1,3.66,8.22,7.05,0.65,3,3185.0,-0.81,3159.2
2026-05-27 12:26:50,2026-05-27,RELIANCE.NS,BULL,0.818,,,WATCH,1477.08,1437.08,1557.08,1597.08,1499.3,2.0,3.0,40.0,2.71,43,63514.44,1720.0,1.97,-4.21,1.91,0.65,1,1473.4,-7.99,1355.7
2026-05-27 12:26:50,2026-05-27,AXISBANK.NS,BULL,0.818,,,READY,1320.29,1282.04,1396.79,1435.04,1389.2,2.0,3.0,38.25,2.9,45,59413.05,1721.25,1.94,4.54,5.59,0.75,2,1317.0,-0.33,1312.7
2026-05-27 12:26:50,2026-05-27,KOTAKBANK.NS,BULL,0.818,,,WATCH,396.14,382.8,422.82,436.16,412.4,2.0,3.0,13.34,3.37,131,51894.34,1747.54,2.29,2.54,4.46,0.57,3,395.15,-1.54,389.05
2026-05-27 12:26:50,2026-05-27,TECHM.NS,BULL,0.818,,,WATCH,1510.57,1449.73,1632.25,1693.09,1579.7,2.0,3.0,60.84,4.03,28,42295.96,1703.52,2.78,-0.04,5.07,0.53,3,1506.8,-3.27,1457.6
2026-05-27 12:26:50,2026-05-27,BHARTIARTL.NS,BULL,0.818,,,WATCH,1958.68,1895.4,2085.24,2148.52,2028.7,2.0,3.0,63.28,3.23,27,52884.36,1708.56,2.26,-0.21,4.01,0.57,3,1953.8,-4.63,1863.3
2026-05-27 12:26:50,2026-05-27,LT.NS,BULL,0.818,,,READY,4109.71,4004.67,4319.79,4424.83,4294.51,2.0,3.0,105.04,2.56,16,65755.36,1680.64,1.72,3.22,4.89,0.62,3,4099.46,-0.92,4061.9
2026-05-27 12:26:50,2026-05-27,ASIANPAINT.NS,BULL,0.818,,,READY,2696.32,2604.09,2880.78,2973.01,2788.4,2.0,3.0,92.23,3.42,40,107852.8,3689.2,2.29,10.7,3.74,0.85,3,2689.6,-0.33,2680.6
2026-05-27 12:26:50,2026-05-27,MARUTI.NS,BULL,0.818,,,WATCH,14010.94,13611.73,14809.36,15208.57,14372.0,2.0,3.0,399.21,2.85,4,56043.76,1596.84,2.01,0.29,3.02,0.71,2,13976.0,-5.45,13214.0
2026-05-27 12:26:50,2026-05-27,M&M.NS,BULL,0.818,,,WATCH,3407.5,3290.93,3640.64,3757.21,3500.1,2.0,3.0,116.57,3.42,15,51112.5,1748.55,2.49,1.86,3.25,0.68,1,3399.0,-8.12,3123.0
2026-05-27 12:26:50,2026-05-27,BAJAJ-AUTO.NS,BULL,0.818,,,READY,10840.03,10460.58,11598.93,11978.38,11195.0,2.0,3.0,379.45,3.5,4,43360.12,1517.8,2.34,9.04,3.6,0.9,3,10813.0,-0.18,10794.0
2026-05-27 12:26:50,2026-05-27,HINDALCO.NS,BULL,0.818,,,READY,1156.88,1109.1,1252.44,1300.22,1226.8,2.0,3.0,47.78,4.13,36,41647.68,1720.08,2.78,11.56,6.55,1.12,3,1154.0,-0.59,1147.2
2026-05-27 12:26:50,2026-05-27,TATASTEEL.NS,BULL,0.818,,,WATCH,224.96,217.19,240.5,248.27,235.7,2.0,3.0,7.77,3.45,225,50616.0,1748.25,2.4,2.99,5.36,0.8,3,224.4,-3.98,215.48
2026-05-27 12:26:50,2026-05-27,JSWSTEEL.NS,BULL,0.818,,,READY,1331.32,1293.24,1407.48,1445.56,1383.2,2.0,3.0,38.08,2.86,45,59909.4,1713.6,1.93,4.91,4.27,1.11,3,1328.0,-1.09,1313.5
2026-05-27 12:26:50,2026-05-27,ADANIPORTS.NS,BULL,0.818,,,READY,1847.41,1780.21,1981.81,2049.01,1908.8,2.0,3.0,67.2,3.64,55,101607.55,3696.0,2.45,11.32,3.66,0.51,3,1842.8,-0.82,1827.7
2026-05-27 12:26:50,2026-05-27,APOLLOHOSP.NS,BULL,0.818,,,WATCH,8464.11,8206.22,8979.89,9237.78,8834.5,2.0,3.0,257.89,3.05,6,50784.66,1547.34,2.09,8.55,4.71,1.28,3,8443.0,-2.75,8210.5
2026-05-27 12:26:50,2026-05-27,POLYCAB.NS,BULL,0.818,,,READY,9716.23,9410.02,10328.65,10634.86,10208.0,2.0,3.0,306.21,3.15,12,116594.76,3674.52,2.13,19.25,5.48,0.55,3,9692.0,-1.08,9587.5
2026-05-27 12:26:50,2026-05-27,GRASIM.NS,BULL,0.818,,,READY,3205.49,3097.72,3421.03,3528.8,3374.0,2.0,3.0,107.77,3.36,16,51287.84,1724.32,2.27,14.48,5.58,1.42,3,3197.5,-0.85,3170.2
2026-05-27 12:26:50,2026-05-27,HAL.NS,BULL,0.818,,,WATCH,4848.39,4656.73,5231.71,5423.37,4965.9,2.0,3.0,191.66,3.95,9,43635.51,1724.94,2.88,3.2,2.94,0.62,2,4836.3,-8.35,4432.5
2026-05-27 12:26:50,2026-05-27,CUMMINSIND.NS,BULL,0.818,,,READY,5570.89,5374.07,5964.53,6161.35,5778.5,2.0,3.0,196.82,3.53,8,44567.12,1574.56,2.37,6.11,4.09,0.77,3,5557.0,-0.42,5533.5
2026-05-27 12:26:50,2026-05-27,PIDILITIND.NS,BULL,0.818,,,WATCH,1518.79,1467.64,1621.09,1672.24,1564.4,2.0,3.0,51.15,3.37,73,110871.67,3733.95,2.3,8.73,3.34,0.4,3,1515.0,-2.21,1481.5
2026-05-27 12:26:50,2026-05-27,BERGEPAINT.NS,BULL,0.818,,,WATCH,541.7,508.56,607.98,641.12,573.1,2.0,3.0,33.14,6.12,113,61212.1,3744.82,4.19,12.44,6.43,0.29,3,540.35,-2.46,527.05
2026-05-27 12:26:50,2026-05-27,DIVISLAB.NS,BULL,0.818,,,WATCH,6985.42,6748.96,7458.34,7694.8,7267.5,2.0,3.0,236.46,3.39,7,48897.94,1655.22,2.31,5.43,4.39,1.0,3,6968.0,-2.11,6821.0
2026-05-27 12:26:50,2026-05-27,DLF.NS,BULL,0.818,,,WATCH,621.55,596.49,671.67,696.73,637.8,2.0,3.0,25.06,4.03,149,92610.95,3733.94,2.81,2.48,3.01,0.67,3,620.0,-3.96,595.45
2026-05-27 12:26:50,2026-05-27,LODHA.NS,BULL,0.818,,,WATCH,977.34,930.6,1070.82,1117.56,1034.9,2.0,3.0,46.74,4.78,37,36161.58,1729.38,3.38,3.67,6.66,0.75,3,974.9,-5.47,921.55
2026-05-27 12:26:50,2026-05-27,KEI.NS,BULL,0.818,,,READY,5467.63,5234.66,5933.57,6166.54,5761.8,2.0,3.0,232.97,4.26,16,87482.08,3727.52,2.87,12.52,5.81,0.66,3,5454.0,-0.71,5415.4
2026-05-27 12:26:50,2026-05-27,SRF.NS,BULL,0.818,,,WATCH,2839.18,2742.66,3032.22,3128.74,3008.4,2.0,3.0,96.52,3.4,18,51105.24,1737.36,2.35,9.9,6.55,0.67,3,2832.1,-3.18,2741.9
2026-05-27 12:26:50,2026-05-27,ZYDUSLIFE.NS,BULL,0.818,,,READY,1096.38,1048.19,1192.76,1240.95,1152.5,2.0,3.0,48.19,4.4,77,84421.26,3710.63,2.96,22.52,5.54,0.78,3,1093.65,-0.93,1083.5
2026-05-27 12:26:50,2026-05-27,SYRMA.NS,BULL,0.818,,,WATCH,1190.97,1114.96,1342.99,1419.0,1259.0,2.0,3.0,76.01,6.38,49,58357.53,3724.49,4.82,10.69,6.79,0.55,3,1188.0,-11.49,1051.5
2026-05-27 12:26:50,2026-05-27,PERSISTENT.NS,BULL,0.818,,,WATCH,5200.67,4953.34,5695.33,5942.66,5400.0,2.0,3.0,247.33,4.76,7,36404.69,1731.31,3.25,6.69,4.21,0.65,2,5187.7,-2.25,5071.2
2026-05-27 12:26:50,2026-05-27,COFORGE.NS,BULL,0.818,,,WATCH,1450.62,1372.53,1606.8,1684.89,1514.3,2.0,3.0,78.09,5.38,48,69629.76,3748.32,3.69,19.0,4.81,0.37,3,1447.0,-2.51,1410.7
2026-05-27 12:26:50,2026-05-27,KPITTECH.NS,BULL,0.818,,,WATCH,799.49,761.36,875.75,913.88,852.5,2.0,3.0,38.13,4.77,45,35977.05,1715.85,3.3,2.55,7.21,0.58,3,797.5,-3.38,770.55
2026-05-27 12:26:50,2026-05-27,MOTILALOFS.NS,BULL,0.818,,,READY,911.27,873.48,986.85,1024.64,982.15,2.0,3.0,37.79,4.15,46,41918.42,1738.34,2.8,13.38,8.44,0.81,3,909.0,-1.1,899.0
2026-05-27 12:26:50,2026-05-27,BSE.NS,BULL,0.818,,,WATCH,4457.92,4268.18,4837.4,5027.14,4742.1,2.0,3.0,189.74,4.26,19,84700.48,3605.06,2.91,20.44,6.89,0.73,3,4446.8,-2.25,4346.7
2026-05-27 12:26:50,2026-05-27,CDSL.NS,BULL,0.818,,,WATCH,1301.95,1257.69,1390.47,1434.73,1352.5,2.0,3.0,44.26,3.4,39,50776.05,1726.14,2.37,-0.93,4.41,0.73,2,1298.7,-3.98,1247.0
2026-05-27 12:26:50,2026-05-27,CGPOWER.NS,BULL,0.818,,,READY,926.66,886.02,1007.94,1048.58,991.65,2.0,3.0,40.64,4.39,43,39846.38,1747.52,2.95,14.01,7.65,0.75,3,924.35,-0.59,918.9
2026-05-27 12:26:50,2026-05-27,THERMAX.NS,BULL,0.818,,,WATCH,4892.2,4575.71,5525.18,5841.67,5155.3,2.0,3.0,316.49,6.47,11,53814.2,3481.39,4.66,12.06,6.14,0.63,3,4880.0,-7.23,4527.1
2026-05-27 12:26:50,2026-05-27,LALPATHLAB.NS,BULL,0.818,,,WATCH,1724.2,1632.37,1907.86,1999.69,1849.0,2.0,3.0,91.83,5.33,40,68968.0,3673.2,3.81,18.5,7.93,0.27,3,1719.9,-6.62,1606.0
2026-05-27 12:26:50,2026-05-27,TIINDIA.NS,BULL,0.818,,,READY,3192.96,3019.45,3539.98,3713.49,3400.0,2.0,3.0,173.51,5.43,10,31929.6,1735.1,3.66,8.17,7.05,0.65,3,3185.0,-0.84,3158.2
2026-05-27 12:29:28,2026-05-27,RELIANCE.NS,BULL,0.815,,,WATCH,1477.08,1437.08,1557.08,1597.08,1499.3,2.0,3.0,40.0,2.71,43,63514.44,1720.0,1.97,-4.23,1.91,0.65,1,1473.4,-8.04,1355.0
2026-05-27 12:29:28,2026-05-27,AXISBANK.NS,BULL,0.815,,,READY,1320.29,1282.04,1396.79,1435.04,1389.2,2.0,3.0,38.25,2.9,45,59413.05,1721.25,1.94,4.55,5.59,0.75,2,1317.0,-0.35,1312.4
2026-05-27 12:29:28,2026-05-27,KOTAKBANK.NS,BULL,0.815,,,WATCH,396.14,382.8,422.82,436.16,412.4,2.0,3.0,13.34,3.37,131,51894.34,1747.54,2.29,2.56,4.46,0.57,3,395.15,-1.56,389.0
2026-05-27 12:29:28,2026-05-27,TECHM.NS,BULL,0.815,,,WATCH,1510.57,1449.73,1632.25,1693.09,1579.7,2.0,3.0,60.84,4.03,28,42295.96,1703.52,2.78,-0.08,5.07,0.53,3,1506.8,-3.34,1456.5
2026-05-27 12:29:28,2026-05-27,BHARTIARTL.NS,BULL,0.815,,,WATCH,1958.68,1895.4,2085.24,2148.52,2028.7,2.0,3.0,63.28,3.23,27,52884.36,1708.56,2.26,-0.09,4.01,0.57,3,1953.8,-4.55,1864.9
2026-05-27 12:29:28,2026-05-27,LT.NS,BULL,0.815,,,READY,4109.71,4004.67,4319.79,4424.83,4294.51,2.0,3.0,105.04,2.56,16,65755.36,1680.64,1.72,3.24,4.89,0.62,3,4099.46,-0.93,4061.5
2026-05-27 12:29:28,2026-05-27,ASIANPAINT.NS,BULL,0.815,,,READY,2696.32,2604.09,2880.78,2973.01,2788.4,2.0,3.0,92.23,3.42,40,107852.8,3689.2,2.29,10.74,3.74,0.85,3,2689.6,-0.32,2681.0
2026-05-27 12:29:28,2026-05-27,MARUTI.NS,BULL,0.815,,,WATCH,14010.94,13611.73,14809.36,15208.57,14372.0,2.0,3.0,399.21,2.85,4,56043.76,1596.84,2.01,0.29,3.02,0.71,2,13976.0,-5.48,13210.0
2026-05-27 12:29:28,2026-05-27,M&M.NS,BULL,0.815,,,WATCH,3407.5,3290.93,3640.64,3757.21,3500.1,2.0,3.0,116.57,3.42,15,51112.5,1748.55,2.49,1.86,3.25,0.68,1,3399.0,-8.15,3121.9
2026-05-27 12:29:28,2026-05-27,BAJAJ-AUTO.NS,BULL,0.815,,,READY,10840.03,10460.58,11598.93,11978.38,11195.0,2.0,3.0,379.45,3.5,4,43360.12,1517.8,2.34,9.02,3.6,0.9,3,10813.0,-0.22,10789.0
2026-05-27 12:29:28,2026-05-27,HINDALCO.NS,BULL,0.815,,,READY,1156.88,1109.1,1252.44,1300.22,1226.8,2.0,3.0,47.78,4.13,36,41647.68,1720.08,2.78,11.54,6.55,1.12,3,1154.0,-0.63,1146.7
2026-05-27 12:29:28,2026-05-27,TATASTEEL.NS,BULL,0.815,,,WATCH,224.96,217.19,240.5,248.27,235.7,2.0,3.0,7.77,3.45,225,50616.0,1748.25,2.41,2.82,5.36,0.8,3,224.4,-4.16,215.07
2026-05-27 12:29:28,2026-05-27,JSWSTEEL.NS,BULL,0.815,,,WATCH,1331.32,1293.24,1407.48,1445.56,1383.2,2.0,3.0,38.08,2.86,45,59909.4,1713.6,1.94,4.72,4.27,1.11,3,1328.0,-1.31,1310.6
2026-05-27 12:29:28,2026-05-27,ADANIPORTS.NS,BULL,0.815,,,READY,1847.41,1780.21,1981.81,2049.01,1908.8,2.0,3.0,67.2,3.64,55,101607.55,3696.0,2.45,11.25,3.66,0.51,3,1842.8,-0.91,1826.0
2026-05-27 12:29:28,2026-05-27,APOLLOHOSP.NS,BULL,0.815,,,WATCH,8464.11,8206.22,8979.89,9237.78,8834.5,2.0,3.0,257.89,3.05,6,50784.66,1547.34,2.09,8.55,4.71,1.28,3,8443.0,-2.78,8208.0
2026-05-27 12:29:28,2026-05-27,ABB.NS,BULL,0.815,,,WATCH,7407.47,7061.18,8100.05,8446.34,7918.5,2.0,3.0,346.29,4.67,5,37037.35,1731.45,3.25,-0.79,7.8,0.71,3,7389.0,-3.97,7095.5
2026-05-27 12:29:28,2026-05-27,POLYCAB.NS,BULL,0.815,,,READY,9716.23,9410.02,10328.65,10634.86,10208.0,2.0,3.0,306.21,3.15,12,116594.76,3674.52,2.13,19.18,5.48,0.55,3,9692.0,-1.17,9579.0
2026-05-27 12:29:28,2026-05-27,GRASIM.NS,BULL,0.815,,,READY,3205.49,3097.72,3421.03,3528.8,3374.0,2.0,3.0,107.77,3.36,16,51287.84,1724.32,2.27,14.37,5.58,1.42,3,3197.5,-0.98,3166.3
2026-05-27 12:29:28,2026-05-27,HAL.NS,BULL,0.815,,,WATCH,4848.39,4656.73,5231.71,5423.37,4965.9,2.0,3.0,191.66,3.95,9,43635.51,1724.94,2.88,3.17,2.94,0.62,2,4836.3,-8.4,4430.0
2026-05-27 12:29:28,2026-05-27,CUMMINSIND.NS,BULL,0.815,,,READY,5570.89,5374.07,5964.53,6161.35,5778.5,2.0,3.0,196.82,3.53,8,44567.12,1574.56,2.37,6.11,4.09,0.77,3,5557.0,-0.45,5532.0
2026-05-27 12:29:28,2026-05-27,PIDILITIND.NS,BULL,0.815,,,WATCH,1518.79,1467.64,1621.09,1672.24,1564.4,2.0,3.0,51.15,3.37,73,110871.67,3733.95,2.3,8.66,3.34,0.4,3,1515.0,-2.3,1480.1
2026-05-27 12:29:28,2026-05-27,BERGEPAINT.NS,BULL,0.815,,,WATCH,541.7,508.56,607.98,641.12,573.1,2.0,3.0,33.14,6.12,113,61212.1,3744.82,4.19,12.46,6.43,0.29,3,540.35,-2.47,527.0
2026-05-27 12:29:28,2026-05-27,DIVISLAB.NS,BULL,0.815,,,WATCH,6985.42,6748.96,7458.34,7694.8,7267.5,2.0,3.0,236.46,3.39,7,48897.94,1655.22,2.31,5.62,4.39,1.0,3,6968.0,-1.96,6831.5
2026-05-27 12:29:28,2026-05-27,DLF.NS,BULL,0.815,,,WATCH,621.55,596.49,671.67,696.73,637.8,2.0,3.0,25.06,4.03,149,92610.95,3733.94,2.81,2.3,3.02,0.67,3,620.0,-4.15,594.25
2026-05-27 12:29:28,2026-05-27,LODHA.NS,BULL,0.815,,,WATCH,977.34,930.6,1070.82,1117.56,1034.9,2.0,3.0,46.74,4.78,37,36161.58,1729.38,3.39,3.42,6.67,0.75,3,974.9,-5.73,919.0
2026-05-27 12:29:28,2026-05-27,KEI.NS,BULL,0.815,,,READY,5467.63,5234.66,5933.57,6166.54,5761.8,2.0,3.0,232.97,4.26,16,87482.08,3727.52,2.87,12.56,5.81,0.66,3,5454.0,-0.7,5415.8
2026-05-27 12:29:28,2026-05-27,SRF.NS,BULL,0.815,,,WATCH,2839.18,2742.66,3032.22,3128.74,3008.4,2.0,3.0,96.52,3.4,18,51105.24,1737.36,2.35,9.86,6.55,0.67,3,2832.1,-3.25,2740.0
2026-05-27 12:29:28,2026-05-27,ZYDUSLIFE.NS,BULL,0.815,,,READY,1096.38,1048.19,1192.76,1240.95,1152.5,2.0,3.0,48.19,4.4,77,84421.26,3710.63,2.97,22.54,5.54,0.78,3,1093.65,-0.94,1083.4
2026-05-27 12:29:28,2026-05-27,SYRMA.NS,BULL,0.815,,,WATCH,1190.97,1114.94,1343.03,1419.06,1259.0,2.0,3.0,76.03,6.38,49,58357.53,3725.47,4.82,10.66,6.79,0.55,3,1188.0,-11.54,1050.95
2026-05-27 12:29:28,2026-05-27,PERSISTENT.NS,BULL,0.815,,,WATCH,5200.67,4953.18,5695.65,5943.14,5400.0,2.0,3.0,247.49,4.76,7,36404.69,1732.43,3.26,6.67,4.21,0.65,2,5187.7,-2.3,5068.6
2026-05-27 12:29:28,2026-05-27,COFORGE.NS,BULL,0.815,,,WATCH,1450.62,1372.33,1607.2,1685.49,1514.3,2.0,3.0,78.29,5.4,47,68179.14,3679.63,3.71,18.86,4.81,0.37,3,1447.0,-2.65,1408.7
2026-05-27 12:29:28,2026-05-27,KPITTECH.NS,BULL,0.815,,,WATCH,799.49,761.36,875.75,913.88,852.5,2.0,3.0,38.13,4.77,45,35977.05,1715.85,3.3,2.45,7.21,0.58,3,797.5,-3.5,769.55
2026-05-27 12:29:28,2026-05-27,MOTILALOFS.NS,BULL,0.815,,,WATCH,911.27,873.48,986.85,1024.64,982.15,2.0,3.0,37.79,4.15,46,41918.42,1738.34,2.81,13.15,8.45,0.81,3,909.0,-1.33,896.95
2026-05-27 12:29:28,2026-05-27,BSE.NS,BULL,0.815,,,WATCH,4457.92,4268.18,4837.4,5027.14,4742.1,2.0,3.0,189.74,4.26,19,84700.48,3605.06,2.92,20.26,6.89,0.73,3,4446.8,-2.42,4339.2
2026-05-27 12:29:28,2026-05-27,CDSL.NS,BULL,0.815,,,WATCH,1301.95,1257.69,1390.47,1434.73,1352.5,2.0,3.0,44.26,3.4,39,50776.05,1726.14,2.37,-1.05,4.42,0.74,2,1298.7,-4.13,1245.1
2026-05-27 12:29:28,2026-05-27,CGPOWER.NS,BULL,0.815,,,READY,926.66,886.02,1007.94,1048.58,991.65,2.0,3.0,40.64,4.39,43,39846.38,1747.52,2.95,14.16,7.65,0.75,3,924.35,-0.49,919.8
2026-05-27 12:29:28,2026-05-27,THERMAX.NS,BULL,0.815,,,WATCH,4892.2,4575.71,5525.18,5841.67,5155.3,2.0,3.0,316.49,6.47,11,53814.2,3481.39,4.67,11.98,6.14,0.63,3,4880.0,-7.33,4522.3
2026-05-27 12:29:28,2026-05-27,LALPATHLAB.NS,BULL,0.815,,,WATCH,1724.2,1632.37,1907.86,1999.69,1849.0,2.0,3.0,91.83,5.33,40,68968.0,3673.2,3.81,18.53,7.93,0.27,3,1719.9,-6.63,1605.9
2026-05-27 12:29:28,2026-05-27,TIINDIA.NS,BULL,0.815,,,READY,3192.96,3019.45,3539.98,3713.49,3400.0,2.0,3.0,173.51,5.43,10,31929.6,1735.1,3.67,7.99,7.05,0.65,3,3185.0,-1.04,3152.0
2026-05-27 12:55:33,2026-05-27,RELIANCE.NS,BULL,0.814,,,WATCH,1477.08,1437.08,1557.08,1597.08,1499.3,2.0,3.0,40.0,2.71,0,0.0,0.0,1.97,-4.38,1.91,0.66,1,1473.4,-8.21,1352.6
2026-05-27 12:55:33,2026-05-27,AXISBANK.NS,BULL,0.814,,,READY,1320.29,1282.04,1396.79,1435.04,1389.2,2.0,3.0,38.25,2.9,0,0.0,0.0,1.95,4.46,5.59,0.75,2,1317.0,-0.46,1310.9
2026-05-27 12:55:33,2026-05-27,KOTAKBANK.NS,BULL,0.814,,,WATCH,396.14,382.8,422.82,436.16,412.4,2.0,3.0,13.34,3.37,2,792.28,26.68,2.29,2.54,4.46,0.57,3,395.15,-1.59,388.55
2026-05-27 12:55:33,2026-05-27,TECHM.NS,BULL,0.814,,,WATCH,1510.57,1449.53,1632.65,1693.69,1579.7,2.0,3.0,61.04,4.04,0,0.0,0.0,2.78,0.43,5.06,0.54,3,1506.8,-2.85,1461.2
2026-05-27 12:55:33,2026-05-27,BHARTIARTL.NS,BULL,0.814,,,WATCH,1958.68,1895.12,2085.8,2149.36,2028.7,2.0,3.0,63.56,3.25,0,0.0,0.0,2.27,-0.08,4.01,0.57,3,1953.8,-4.56,1864.7
2026-05-27 12:55:33,2026-05-27,LT.NS,BULL,0.814,,,READY,4109.71,4004.67,4319.79,4424.83,4294.51,2.0,3.0,105.04,2.56,0,0.0,0.0,1.73,3.08,4.89,0.62,3,4099.46,-1.1,4053.5
2026-05-27 12:55:33,2026-05-27,ASIANPAINT.NS,BULL,0.814,,,READY,2696.32,2604.09,2880.78,2973.01,2788.4,2.0,3.0,92.23,3.42,0,0.0,0.0,2.29,10.77,3.74,0.86,3,2689.6,-0.32,2682.0
2026-05-27 12:55:33,2026-05-27,MARUTI.NS,BULL,0.814,,,WATCH,14010.94,13611.73,14809.36,15208.57,14372.0,2.0,3.0,399.21,2.85,0,0.0,0.0,2.01,0.46,3.02,0.72,2,13976.0,-5.34,13235.0
2026-05-27 12:55:33,2026-05-27,M&M.NS,BULL,0.814,,,WATCH,3407.5,3290.93,3640.64,3757.21,3500.1,2.0,3.0,116.57,3.42,0,0.0,0.0,2.49,1.99,3.25,0.68,1,3399.0,-8.05,3127.4
2026-05-27 12:55:33,2026-05-27,BAJAJ-AUTO.NS,BULL,0.814,,,READY,10851.06,10470.43,11612.32,11992.95,11217.0,2.0,3.0,380.63,3.51,0,0.0,0.0,2.34,9.39,3.7,0.91,3,10824.0,-0.0,10818.0
2026-05-27 12:55:33,2026-05-27,HINDALCO.NS,BULL,0.814,,,READY,1156.88,1109.1,1252.44,1300.22,1226.8,2.0,3.0,47.78,4.13,0,0.0,0.0,2.79,11.26,6.55,1.13,3,1154.0,-0.9,1143.5
2026-05-27 12:55:33,2026-05-27,JSWSTEEL.NS,BULL,0.814,,,WATCH,1331.32,1293.24,1407.48,1445.56,1383.2,2.0,3.0,38.08,2.86,0,0.0,0.0,1.94,4.51,4.27,1.12,3,1328.0,-1.52,1308.7
2026-05-27 12:55:33,2026-05-27,ADANIPORTS.NS,BULL,0.814,,,READY,1847.41,1780.21,1981.81,2049.01,1908.8,2.0,3.0,67.2,3.64,1,1847.41,67.2,2.45,11.21,3.66,0.52,3,1842.8,-0.96,1825.7
2026-05-27 12:55:33,2026-05-27,APOLLOHOSP.NS,BULL,0.814,,,WATCH,8464.11,8206.22,8979.89,9237.78,8834.5,2.0,3.0,257.89,3.05,0,0.0,0.0,2.08,9.26,4.71,1.29,3,8443.0,-2.16,8261.0
2026-05-27 12:55:33,2026-05-27,ABB.NS,BULL,0.814,,,WATCH,7407.47,7052.67,8117.07,8471.87,7998.0,2.0,3.0,354.8,4.79,0,0.0,0.0,3.3,0.22,8.95,0.73,3,7389.0,-3.0,7165.5
2026-05-27 12:55:33,2026-05-27,POLYCAB.NS,BULL,0.814,,,READY,9716.23,9410.02,10328.65,10634.86,10208.0,2.0,3.0,306.21,3.15,0,0.0,0.0,2.13,19.35,5.48,0.55,3,9692.0,-1.04,9589.5
2026-05-27 12:55:33,2026-05-27,GRASIM.NS,BULL,0.814,,,READY,3205.49,3097.72,3421.03,3528.8,3374.0,2.0,3.0,107.77,3.36,0,0.0,0.0,2.27,14.53,5.58,1.42,3,3197.5,-0.86,3169.9
2026-05-27 12:55:33,2026-05-27,HAL.NS,BULL,0.814,,,WATCH,4848.39,4656.73,5231.71,5423.37,4965.9,2.0,3.0,191.66,3.95,0,0.0,0.0,2.88,3.17,2.94,0.62,2,4836.3,-8.42,4427.4
2026-05-27 12:55:33,2026-05-27,CUMMINSIND.NS,BULL,0.814,,,READY,5577.41,5379.89,5972.45,6169.97,5791.5,2.0,3.0,197.52,3.54,0,0.0,0.0,2.37,6.53,4.21,0.78,3,5563.5,-0.19,5550.0
2026-05-27 12:55:33,2026-05-27,PIDILITIND.NS,BULL,0.814,,,WATCH,1518.79,1467.64,1621.09,1672.24,1564.4,2.0,3.0,51.15,3.37,1,1518.79,51.15,2.3,8.72,3.34,0.4,3,1515.0,-2.26,1480.4
2026-05-27 12:55:33,2026-05-27,BERGEPAINT.NS,BULL,0.814,,,WATCH,541.7,508.56,607.98,641.12,573.1,2.0,3.0,33.14,6.12,2,1083.4,66.28,4.2,12.31,6.43,0.29,3,540.35,-2.62,526.25
2026-05-27 12:55:33,2026-05-27,DIVISLAB.NS,BULL,0.814,,,WATCH,6985.42,6748.15,7459.96,7697.23,7267.5,2.0,3.0,237.27,3.4,0,0.0,0.0,2.32,5.45,4.39,1.01,3,6968.0,-2.14,6819.5
2026-05-27 12:55:33,2026-05-27,DLF.NS,BULL,0.814,,,WATCH,621.55,596.49,671.67,696.73,637.8,2.0,3.0,25.06,4.03,2,1243.1,50.12,2.81,2.4,3.02,0.68,3,620.0,-4.08,594.65
2026-05-27 12:55:33,2026-05-27,KEI.NS,BULL,0.814,,,READY,5467.63,5234.66,5933.57,6166.54,5761.8,2.0,3.0,232.97,4.26,0,0.0,0.0,2.86,12.97,5.8,0.66,3,5454.0,-0.35,5435.0
2026-05-27 12:55:33,2026-05-27,SRF.NS,BULL,0.814,,,WATCH,2839.18,2742.66,3032.22,3128.74,3008.4,2.0,3.0,96.52,3.4,0,0.0,0.0,2.35,9.88,6.55,0.68,3,2832.1,-3.25,2740.1
2026-05-27 12:55:33,2026-05-27,ZYDUSLIFE.NS,BULL,0.814,,,READY,1096.38,1048.19,1192.76,1240.95,1152.5,2.0,3.0,48.19,4.4,1,1096.38,48.19,2.96,22.62,5.54,0.79,3,1093.65,-0.89,1083.35
2026-05-27 12:55:33,2026-05-27,SYRMA.NS,BULL,0.814,,,WATCH,1190.97,1114.83,1343.25,1419.39,1259.0,2.0,3.0,76.14,6.39,0,0.0,0.0,4.82,10.81,6.79,0.55,3,1188.0,-11.44,1052.2
2026-05-27 12:55:33,2026-05-27,PERSISTENT.NS,BULL,0.814,,,WATCH,5200.67,4952.72,5696.57,5944.52,5400.0,2.0,3.0,247.95,4.77,0,0.0,0.0,3.26,6.86,4.21,0.66,2,5187.7,-2.14,5077.4
2026-05-27 12:55:33,2026-05-27,COFORGE.NS,BULL,0.814,,,WATCH,1450.62,1372.01,1607.84,1686.45,1514.3,2.0,3.0,78.61,5.42,0,0.0,0.0,3.73,18.62,4.81,0.37,3,1447.0,-2.87,1406.1
2026-05-27 12:55:33,2026-05-27,KPITTECH.NS,BULL,0.814,,,WATCH,799.49,761.36,875.75,913.88,852.5,2.0,3.0,38.13,4.77,0,0.0,0.0,3.29,2.78,7.21,0.58,3,797.5,-3.22,772.15
2026-05-27 12:55:33,2026-05-27,MOTILALOFS.NS,BULL,0.814,,,READY,911.27,873.48,986.85,1024.64,982.15,2.0,3.0,37.79,4.15,0,0.0,0.0,2.8,13.38,8.44,0.82,3,909.0,-1.14,898.6
2026-05-27 12:55:33,2026-05-27,BSE.NS,BULL,0.814,,,WATCH,4457.92,4267.9,4837.96,5027.98,4742.1,2.0,3.0,190.02,4.26,0,0.0,0.0,2.92,20.28,6.89,0.74,3,4446.8,-2.42,4339.9
2026-05-27 12:55:33,2026-05-27,CDSL.NS,BULL,0.814,,,WATCH,1301.95,1257.69,1390.47,1434.73,1352.5,2.0,3.0,44.26,3.4,0,0.0,0.0,2.37,-0.95,4.41,0.74,2,1298.7,-4.05,1245.7
2026-05-27 12:55:33,2026-05-27,CGPOWER.NS,BULL,0.814,,,READY,926.66,886.02,1007.94,1048.58,991.65,2.0,3.0,40.64,4.39,0,0.0,0.0,2.94,14.42,7.65,0.78,3,924.35,-0.28,921.65
2026-05-27 12:55:33,2026-05-27,THERMAX.NS,BULL,0.814,,,WATCH,4892.2,4575.71,5525.18,5841.67,5155.3,2.0,3.0,316.49,6.47,0,0.0,0.0,4.65,12.44,6.13,0.64,3,4880.0,-6.96,4541.0
2026-05-27 12:55:33,2026-05-27,LALPATHLAB.NS,BULL,0.814,,,WATCH,1724.2,1632.16,1908.28,2000.32,1849.0,2.0,3.0,92.04,5.34,0,0.0,0.0,3.79,19.65,7.92,0.28,3,1719.9,-5.75,1621.0
2026-05-27 12:55:33,2026-05-27,TIINDIA.NS,BULL,0.814,,,READY,3204.29,3029.57,3553.73,3728.45,3422.6,2.0,3.0,174.72,5.45,0,0.0,0.0,3.65,9.42,7.4,0.67,3,3196.3,-0.09,3193.0
2026-05-27 12:58:00,2026-05-27,RELIANCE.NS,BULL,0.815,,,WATCH,1477.08,1437.08,1557.08,1597.08,1499.3,2.0,3.0,40.0,2.71,0,0.0,0.0,1.97,-4.35,1.91,0.66,1,1473.4,-8.16,1353.0
2026-05-27 12:58:00,2026-05-27,AXISBANK.NS,BULL,0.815,,,READY,1320.29,1282.04,1396.79,1435.04,1389.2,2.0,3.0,38.25,2.9,0,0.0,0.0,1.94,4.48,5.59,0.75,2,1317.0,-0.43,1311.6
2026-05-27 12:58:00,2026-05-27,KOTAKBANK.NS,BULL,0.815,,,WATCH,396.14,382.8,422.82,436.16,412.4,2.0,3.0,13.34,3.37,2,792.28,26.68,2.29,2.45,4.46,0.57,3,395.15,-1.67,388.55
2026-05-27 12:58:00,2026-05-27,TECHM.NS,BULL,0.815,,,WATCH,1510.57,1449.53,1632.65,1693.69,1579.7,2.0,3.0,61.04,4.04,0,0.0,0.0,2.79,0.12,5.07,0.54,3,1506.8,-3.15,1459.6
2026-05-27 12:58:00,2026-05-27,BHARTIARTL.NS,BULL,0.815,,,WATCH,1958.68,1895.12,2085.8,2149.36,2028.7,2.0,3.0,63.56,3.25,0,0.0,0.0,2.27,-0.09,4.01,0.57,3,1953.8,-4.56,1865.1
2026-05-27 12:58:00,2026-05-27,LT.NS,BULL,0.815,,,READY,4109.71,4004.67,4319.79,4424.83,4294.51,2.0,3.0,105.04,2.56,0,0.0,0.0,1.73,3.1,4.89,0.62,3,4099.46,-1.08,4055.0
2026-05-27 12:58:00,2026-05-27,ASIANPAINT.NS,BULL,0.815,,,READY,2696.32,2604.09,2880.78,2973.01,2788.4,2.0,3.0,92.23,3.42,0,0.0,0.0,2.29,10.81,3.74,0.86,3,2689.6,-0.27,2683.5
2026-05-27 12:58:00,2026-05-27,MARUTI.NS,BULL,0.815,,,WATCH,14010.94,13611.73,14809.36,15208.57,14372.0,2.0,3.0,399.21,2.85,0,0.0,0.0,2.01,0.49,3.02,0.72,2,13976.0,-5.3,13237.0
2026-05-27 12:58:00,2026-05-27,M&M.NS,BULL,0.815,,,WATCH,3407.5,3290.93,3640.64,3757.21,3500.1,2.0,3.0,116.57,3.42,0,0.0,0.0,2.48,2.05,3.25,0.68,1,3399.0,-7.99,3126.6
2026-05-27 12:58:00,2026-05-27,BAJAJ-AUTO.NS,BULL,0.815,,,READY,10852.06,10471.33,11613.52,11994.25,11219.0,2.0,3.0,380.73,3.51,0,0.0,0.0,2.35,9.34,3.71,0.91,3,10825.0,-0.05,10823.0
2026-05-27 12:58:00,2026-05-27,HINDALCO.NS,BULL,0.815,,,READY,1156.88,1109.1,1252.44,1300.22,1226.8,2.0,3.0,47.78,4.13,0,0.0,0.0,2.79,11.23,6.55,1.13,3,1154.0,-0.92,1143.7
2026-05-27 12:58:00,2026-05-27,TATASTEEL.NS,BULL,0.815,,,WATCH,224.96,217.19,240.5,248.27,235.7,2.0,3.0,7.77,3.45,4,899.84,31.08,2.4,2.94,5.36,0.81,3,224.4,-4.06,215.47
2026-05-27 12:58:00,2026-05-27,JSWSTEEL.NS,BULL,0.815,,,WATCH,1331.32,1293.24,1407.48,1445.56,1383.2,2.0,3.0,38.08,2.86,0,0.0,0.0,1.94,4.62,4.27,1.12,3,1328.0,-1.41,1309.5
2026-05-27 12:58:00,2026-05-27,ADANIPORTS.NS,BULL,0.815,,,READY,1847.41,1780.21,1981.81,2049.01,1908.8,2.0,3.0,67.2,3.64,1,1847.41,67.2,2.45,11.24,3.66,0.52,3,1842.8,-0.93,1826.2
2026-05-27 12:58:00,2026-05-27,APOLLOHOSP.NS,BULL,0.815,,,WATCH,8464.11,8206.22,8979.89,9237.78,8834.5,2.0,3.0,257.89,3.05,0,0.0,0.0,2.08,9.35,4.71,1.3,3,8443.0,-2.07,8268.0
2026-05-27 12:58:00,2026-05-27,ABB.NS,BULL,0.815,,,WATCH,7407.47,7052.67,8117.07,8471.87,7998.0,2.0,3.0,354.8,4.79,0,0.0,0.0,3.3,0.13,8.95,0.74,3,7389.0,-3.09,7157.5
2026-05-27 12:58:00,2026-05-27,POLYCAB.NS,BULL,0.815,,,READY,9716.23,9410.02,10328.65,10634.86,10208.0,2.0,3.0,306.21,3.15,0,0.0,0.0,2.13,19.36,5.48,0.55,3,9692.0,-1.02,9612.0
2026-05-27 12:58:00,2026-05-27,GRASIM.NS,BULL,0.815,,,READY,3205.49,3097.72,3421.03,3528.8,3374.0,2.0,3.0,107.77,3.36,0,0.0,0.0,2.27,14.52,5.58,1.42,3,3197.5,-0.86,3170.5
2026-05-27 12:58:00,2026-05-27,HAL.NS,BULL,0.815,,,WATCH,4848.39,4656.68,5231.81,5423.52,4965.9,2.0,3.0,191.71,3.95,0,0.0,0.0,2.89,3.11,2.94,0.62,2,4836.3,-8.46,4427.1
2026-05-27 12:58:00,2026-05-27,CUMMINSIND.NS,BULL,0.815,,,READY,5577.41,5379.89,5972.45,6169.97,5791.5,2.0,3.0,197.52,3.54,0,0.0,0.0,2.38,6.27,4.21,0.78,3,5563.5,-0.43,5544.0
2026-05-27 12:58:00,2026-05-27,PIDILITIND.NS,BULL,0.815,,,WATCH,1518.79,1467.64,1621.09,1672.24,1564.4,2.0,3.0,51.15,3.37,1,1518.79,51.15,2.3,8.73,3.34,0.4,3,1515.0,-2.24,1481.0
2026-05-27 12:58:00,2026-05-27,BERGEPAINT.NS,BULL,0.815,,,WATCH,541.7,508.56,607.98,641.12,573.1,2.0,3.0,33.14,6.12,2,1083.4,66.28,4.2,12.32,6.43,0.29,3,540.35,-2.6,526.3
2026-05-27 12:58:00,2026-05-27,DIVISLAB.NS,BULL,0.815,,,WATCH,6985.42,6748.15,7459.96,7697.23,7267.5,2.0,3.0,237.27,3.4,0,0.0,0.0,2.32,5.46,4.39,1.01,3,6968.0,-2.12,6820.0
2026-05-27 12:58:00,2026-05-27,DLF.NS,BULL,0.815,,,WATCH,621.55,596.49,671.67,696.73,637.8,2.0,3.0,25.06,4.03,2,1243.1,50.12,2.81,2.41,3.02,0.68,3,620.0,-4.06,594.6
2026-05-27 12:58:00,2026-05-27,KEI.NS,BULL,0.815,,,READY,5467.63,5234.66,5933.57,6166.54,5761.8,2.0,3.0,232.97,4.26,0,0.0,0.0,2.86,13.0,5.8,0.67,3,5454.0,-0.32,5437.7
2026-05-27 12:58:00,2026-05-27,SRF.NS,BULL,0.815,,,WATCH,2839.18,2742.66,3032.22,3128.74,3008.4,2.0,3.0,96.52,3.4,0,0.0,0.0,2.35,9.87,6.55,0.68,3,2832.1,-3.25,2741.7
2026-05-27 12:58:00,2026-05-27,ZYDUSLIFE.NS,BULL,0.815,,,READY,1096.38,1048.19,1192.76,1240.95,1152.5,2.0,3.0,48.19,4.4,1,1096.38,48.19,2.96,22.65,5.54,0.79,3,1093.65,-0.86,1083.95
2026-05-27 12:58:00,2026-05-27,SYRMA.NS,BULL,0.815,,,WATCH,1190.97,1114.83,1343.25,1419.39,1259.0,2.0,3.0,76.14,6.39,0,0.0,0.0,4.82,10.88,6.79,0.55,3,1188.0,-11.37,1052.4
2026-05-27 12:58:00,2026-05-27,PERSISTENT.NS,BULL,0.815,,,WATCH,5200.67,4952.72,5696.57,5944.52,5400.0,2.0,3.0,247.95,4.77,0,0.0,0.0,3.25,6.89,4.21,0.66,2,5187.7,-2.09,5081.4
2026-05-27 12:58:00,2026-05-27,COFORGE.NS,BULL,0.815,,,WATCH,1450.62,1371.89,1608.08,1686.81,1514.3,2.0,3.0,78.73,5.43,0,0.0,0.0,3.74,18.52,4.81,0.37,3,1447.0,-2.94,1404.9
2026-05-27 12:58:00,2026-05-27,KPITTECH.NS,BULL,0.815,,,WATCH,799.49,761.36,875.75,913.88,852.5,2.0,3.0,38.13,4.77,0,0.0,0.0,3.3,2.71,7.21,0.58,3,797.5,-3.27,771.6
2026-05-27 12:58:00,2026-05-27,MOTILALOFS.NS,BULL,0.815,,,READY,911.27,873.48,986.85,1024.64,982.15,2.0,3.0,37.79,4.15,0,0.0,0.0,2.8,13.31,8.44,0.82,3,909.0,-1.19,898.15
2026-05-27 12:58:00,2026-05-27,BSE.NS,BULL,0.815,,,WATCH,4457.92,4267.9,4837.96,5027.98,4742.1,2.0,3.0,190.02,4.26,0,0.0,0.0,2.92,20.24,6.9,0.74,3,4446.8,-2.45,4338.0
2026-05-27 12:58:00,2026-05-27,CDSL.NS,BULL,0.815,,,WATCH,1301.95,1257.69,1390.47,1434.73,1352.5,2.0,3.0,44.26,3.4,0,0.0,0.0,2.37,-1.03,4.42,0.74,2,1298.7,-4.12,1246.0
2026-05-27 12:58:00,2026-05-27,CGPOWER.NS,BULL,0.815,,,READY,926.66,886.02,1007.94,1048.58,991.65,2.0,3.0,40.64,4.39,0,0.0,0.0,2.94,14.35,7.65,0.78,3,924.35,-0.33,921.45
2026-05-27 12:58:00,2026-05-27,THERMAX.NS,BULL,0.815,,,WATCH,4892.2,4575.71,5525.18,5841.67,5155.3,2.0,3.0,316.49,6.47,0,0.0,0.0,4.65,12.44,6.13,0.64,3,4880.0,-6.95,4537.0
2026-05-27 12:58:00,2026-05-27,LALPATHLAB.NS,BULL,0.815,,,WATCH,1724.2,1632.16,1908.28,2000.32,1849.0,2.0,3.0,92.04,5.34,0,0.0,0.0,3.78,19.72,7.92,0.28,3,1719.9,-5.69,1619.4
2026-05-27 12:58:00,2026-05-27,TIINDIA.NS,BULL,0.815,,,READY,3205.99,3031.09,3555.79,3730.69,3426.0,2.0,3.0,174.9,5.46,0,0.0,0.0,3.65,9.47,7.45,0.67,3,3198.0,-0.09,3195.0
2026-05-27 13:21:10,2026-05-27,RELIANCE.NS,BULL,0.804,,,WATCH,1477.08,1437.08,1557.08,1597.08,1499.3,2.0,3.0,40.0,2.71,0,0.0,0.0,1.97,-4.25,1.91,0.66,1,1473.4,-8.19,1353.1
2026-05-27 13:21:10,2026-05-27,KOTAKBANK.NS,BULL,0.804,,,WATCH,396.14,382.8,422.82,436.16,412.4,2.0,3.0,13.34,3.37,2,792.28,26.68,2.29,2.58,4.46,0.58,3,395.15,-1.67,388.65
2026-05-27 13:21:10,2026-05-27,TECHM.NS,BULL,0.804,,,WATCH,1510.57,1449.53,1632.65,1693.69,1579.7,2.0,3.0,61.04,4.04,0,0.0,0.0,2.8,-0.05,5.07,0.55,3,1506.8,-3.44,1455.0
2026-05-27 13:21:10,2026-05-27,BHARTIARTL.NS,BULL,0.804,,,WATCH,1958.68,1895.12,2085.8,2149.36,2028.7,2.0,3.0,63.56,3.25,0,0.0,0.0,2.28,-0.24,4.01,0.59,3,1953.8,-4.83,1860.5
2026-05-27 13:21:10,2026-05-27,LT.NS,BULL,0.804,,,READY,4109.71,4004.67,4319.79,4424.83,4294.51,2.0,3.0,105.04,2.56,0,0.0,0.0,1.73,3.13,4.89,0.63,3,4099.46,-1.17,4051.7
2026-05-27 13:21:10,2026-05-27,ASIANPAINT.NS,BULL,0.804,,,READY,2696.32,2604.09,2880.78,2973.01,2788.4,2.0,3.0,92.23,3.42,0,0.0,0.0,2.3,10.57,3.74,0.87,3,2689.6,-0.6,2673.5
2026-05-27 13:21:10,2026-05-27,MARUTI.NS,BULL,0.804,,,WATCH,14010.94,13603.8,14825.22,15232.36,14372.0,2.0,3.0,407.14,2.91,0,0.0,0.0,2.04,1.04,3.02,0.73,3,13976.0,-4.89,13297.0
2026-05-27 13:21:10,2026-05-27,M&M.NS,BULL,0.804,,,WATCH,3407.5,3290.93,3640.64,3757.21,3500.1,2.0,3.0,116.57,3.42,0,0.0,0.0,2.48,2.44,3.25,0.69,2,3399.0,-7.75,3136.9
2026-05-27 13:21:10,2026-05-27,BAJAJ-AUTO.NS,BULL,0.804,,,READY,10857.58,10476.26,11620.22,12001.54,11230.0,2.0,3.0,381.32,3.51,0,0.0,0.0,2.35,9.3,3.76,0.91,3,10830.5,-0.25,10805.0
2026-05-27 13:21:10,2026-05-27,HINDALCO.NS,BULL,0.804,,,READY,1156.88,1109.1,1252.44,1300.22,1226.8,2.0,3.0,47.78,4.13,0,0.0,0.0,2.79,11.37,6.55,1.13,3,1154.0,-0.91,1143.8
2026-05-27 13:21:10,2026-05-27,TATASTEEL.NS,BULL,0.804,,,WATCH,224.96,217.19,240.5,248.27,235.7,2.0,3.0,7.77,3.45,4,899.84,31.08,2.41,3.05,5.36,0.81,3,224.4,-4.08,215.2
2026-05-27 13:21:10,2026-05-27,JSWSTEEL.NS,BULL,0.804,,,WATCH,1331.32,1293.24,1407.48,1445.56,1383.2,2.0,3.0,38.08,2.86,0,0.0,0.0,1.95,4.39,4.28,1.13,3,1328.0,-1.75,1305.0
2026-05-27 13:21:10,2026-05-27,ADANIPORTS.NS,BULL,0.804,,,READY,1847.41,1780.21,1981.81,2049.01,1908.8,2.0,3.0,67.2,3.64,1,1847.41,67.2,2.45,11.34,3.66,0.52,3,1842.8,-0.96,1824.6
2026-05-27 13:21:10,2026-05-27,APOLLOHOSP.NS,BULL,0.804,,,WATCH,8464.11,8206.22,8979.89,9237.78,8834.5,2.0,3.0,257.89,3.05,0,0.0,0.0,2.08,9.32,4.71,1.3,3,8443.0,-2.21,8255.0
2026-05-27 13:21:10,2026-05-27,ABB.NS,BULL,0.804,,,WATCH,7407.47,7052.67,8117.07,8471.87,7998.0,2.0,3.0,354.8,4.79,0,0.0,0.0,3.31,0.08,8.96,0.75,3,7389.0,-3.26,7151.0
2026-05-27 13:21:10,2026-05-27,POLYCAB.NS,BULL,0.804,,,READY,9716.23,9410.02,10328.65,10634.86,10208.0,2.0,3.0,306.21,3.15,0,0.0,0.0,2.13,19.35,5.48,0.55,3,9692.0,-1.14,9585.5
2026-05-27 13:21:10,2026-05-27,GRASIM.NS,BULL,0.804,,,READY,3205.49,3097.72,3421.03,3528.8,3374.0,2.0,3.0,107.77,3.36,0,0.0,0.0,2.27,14.54,5.58,1.43,3,3197.5,-0.95,3167.3
2026-05-27 13:21:10,2026-05-27,HAL.NS,BULL,0.804,,,WATCH,4848.39,4655.82,5233.53,5426.1,4965.9,2.0,3.0,192.57,3.97,0,0.0,0.0,2.9,3.12,2.94,0.62,2,4836.3,-8.58,4423.0
2026-05-27 13:21:10,2026-05-27,CUMMINSIND.NS,BULL,0.804,,,READY,5577.41,5379.89,5972.45,6169.97,5791.5,2.0,3.0,197.52,3.54,0,0.0,0.0,2.37,6.61,4.21,0.79,3,5563.5,-0.22,5552.5
2026-05-27 13:21:10,2026-05-27,PIDILITIND.NS,BULL,0.804,,,WATCH,1518.79,1467.26,1621.85,1673.38,1564.4,2.0,3.0,51.53,3.39,1,1518.79,51.53,2.32,8.92,3.34,0.41,3,1515.0,-2.19,1481.2
2026-05-27 13:21:10,2026-05-27,BERGEPAINT.NS,BULL,0.804,,,WATCH,541.7,508.56,607.98,641.12,573.1,2.0,3.0,33.14,6.12,2,1083.4,66.28,4.2,12.26,6.43,0.3,3,540.35,-2.77,525.75
2026-05-27 13:21:10,2026-05-27,DIVISLAB.NS,BULL,0.804,,,WATCH,6985.42,6748.15,7459.96,7697.23,7267.5,2.0,3.0,237.27,3.4,0,0.0,0.0,2.32,5.61,4.39,1.02,3,6968.0,-2.1,6821.5
2026-05-27 13:21:10,2026-05-27,DLF.NS,BULL,0.804,,,WATCH,621.55,596.49,671.67,696.73,637.8,2.0,3.0,25.06,4.03,2,1243.1,50.12,2.82,2.23,3.02,0.68,3,620.0,-4.35,593.35
2026-05-27 13:21:10,2026-05-27,KEI.NS,BULL,0.804,,,READY,5467.63,5234.66,5933.57,6166.54,5761.8,2.0,3.0,232.97,4.26,0,0.0,0.0,2.87,12.63,5.81,0.67,3,5454.0,-0.77,5411.8
2026-05-27 13:21:10,2026-05-27,SRF.NS,BULL,0.804,,,WATCH,2839.18,2742.66,3032.22,3128.74,3008.4,2.0,3.0,96.52,3.4,0,0.0,0.0,2.35,10.0,6.55,0.68,3,2832.1,-3.25,2740.7
2026-05-27 13:21:10,2026-05-27,ZYDUSLIFE.NS,BULL,0.804,,,READY,1096.38,1048.19,1192.76,1240.95,1152.5,2.0,3.0,48.19,4.4,1,1096.38,48.19,2.96,22.73,5.54,0.8,3,1093.65,-0.9,1083.3
2026-05-27 13:21:10,2026-05-27,SYRMA.NS,BULL,0.804,,,WATCH,1190.97,1114.72,1343.47,1419.72,1259.0,2.0,3.0,76.25,6.4,0,0.0,0.0,4.84,10.66,6.79,0.55,3,1188.0,-11.65,1050.25
2026-05-27 13:21:10,2026-05-27,PERSISTENT.NS,BULL,0.804,,,WATCH,5200.67,4952.72,5696.57,5944.52,5400.0,2.0,3.0,247.95,4.77,0,0.0,0.0,3.25,7.02,4.21,0.66,2,5187.7,-2.1,5084.1
2026-05-27 13:21:10,2026-05-27,COFORGE.NS,BULL,0.804,,,WATCH,1450.62,1370.61,1610.64,1690.65,1514.3,2.0,3.0,80.01,5.52,0,0.0,0.0,3.82,17.96,4.82,0.38,3,1447.0,-3.51,1396.5
2026-05-27 13:21:10,2026-05-27,KPITTECH.NS,BULL,0.804,,,WATCH,799.49,761.36,875.75,913.88,852.5,2.0,3.0,38.13,4.77,0,0.0,0.0,3.29,2.86,7.21,0.59,3,797.5,-3.25,771.3
2026-05-27 13:21:10,2026-05-27,MOTILALOFS.NS,BULL,0.804,,,READY,911.27,873.48,986.85,1024.64,982.15,2.0,3.0,37.79,4.15,0,0.0,0.0,2.81,13.42,8.44,0.82,3,909.0,-1.22,897.95
2026-05-27 13:21:10,2026-05-27,BSE.NS,BULL,0.804,,,WATCH,4457.92,4267.01,4839.74,5030.65,4742.1,2.0,3.0,190.91,4.28,0,0.0,0.0,2.94,20.18,6.9,0.74,3,4446.8,-2.6,4333.0
2026-05-27 13:21:10,2026-05-27,CGPOWER.NS,BULL,0.804,,,READY,926.66,886.02,1007.94,1048.58,991.65,2.0,3.0,40.64,4.39,0,0.0,0.0,2.95,14.01,7.66,0.79,3,924.35,-0.74,917.35
2026-05-27 13:21:10,2026-05-27,THERMAX.NS,BULL,0.804,,,WATCH,4892.2,4575.71,5525.18,5841.67,5155.3,2.0,3.0,316.49,6.47,0,0.0,0.0,4.66,12.32,6.14,0.64,3,4880.0,-7.16,4530.6
2026-05-27 13:21:10,2026-05-27,LALPATHLAB.NS,BULL,0.804,,,WATCH,1724.2,1631.59,1909.42,2002.03,1849.0,2.0,3.0,92.61,5.37,0,0.0,0.0,3.79,20.29,7.91,0.28,3,1719.9,-5.34,1628.0
2026-05-27 13:21:10,2026-05-27,TIINDIA.NS,BULL,0.804,,,READY,3225.04,3048.1,3578.92,3755.86,3464.0,2.0,3.0,176.94,5.49,0,0.0,0.0,3.71,9.15,8.08,0.71,3,3217.0,-1.08,3182.3
2026-05-27 13:25:40,2026-05-27,RELIANCE.NS,BULL,0.809,,,WATCH,1477.08,1437.08,1557.08,1597.08,1499.3,2.0,3.0,40.0,2.71,0,0.0,0.0,1.97,-4.19,1.91,0.66,1,1473.4,-8.08,1354.4
2026-05-27 13:25:40,2026-05-27,KOTAKBANK.NS,BULL,0.809,,,WATCH,396.14,382.8,422.82,436.16,412.4,2.0,3.0,13.34,3.37,2,792.28,26.68,2.29,2.52,4.46,0.58,3,395.15,-1.67,388.5
2026-05-27 13:25:40,2026-05-27,TECHM.NS,BULL,0.809,,,WATCH,1510.57,1449.53,1632.65,1693.69,1579.7,2.0,3.0,61.04,4.04,0,0.0,0.0,2.8,-0.07,5.07,0.55,3,1506.8,-3.4,1455.1
2026-05-27 13:25:40,2026-05-27,BHARTIARTL.NS,BULL,0.809,,,WATCH,1958.68,1895.12,2085.8,2149.36,2028.7,2.0,3.0,63.56,3.25,0,0.0,0.0,2.28,-0.14,4.01,0.59,3,1953.8,-4.68,1862.5
2026-05-27 13:25:40,2026-05-27,LT.NS,BULL,0.809,,,WATCH,4109.71,4004.67,4319.79,4424.83,4294.51,2.0,3.0,105.04,2.56,0,0.0,0.0,1.73,2.93,4.89,0.63,3,4099.46,-1.3,4045.3
2026-05-27 13:25:40,2026-05-27,ASIANPAINT.NS,BULL,0.809,,,READY,2696.32,2604.09,2880.78,2973.01,2788.4,2.0,3.0,92.23,3.42,0,0.0,0.0,2.3,10.52,3.74,0.87,3,2689.6,-0.6,2673.5
2026-05-27 13:25:40,2026-05-27,MARUTI.NS,BULL,0.809,,,WATCH,14010.94,13603.8,14825.22,15232.36,14372.0,2.0,3.0,407.14,2.91,0,0.0,0.0,2.04,0.95,3.02,0.73,3,13976.0,-4.92,13274.0
2026-05-27 13:25:40,2026-05-27,M&M.NS,BULL,0.809,,,WATCH,3407.5,3290.93,3640.64,3757.21,3500.1,2.0,3.0,116.57,3.42,0,0.0,0.0,2.48,2.27,3.25,0.69,2,3399.0,-7.85,3131.7
2026-05-27 13:25:40,2026-05-27,BAJAJ-AUTO.NS,BULL,0.809,,,READY,10857.58,10476.26,11620.22,12001.54,11230.0,2.0,3.0,381.32,3.51,0,0.0,0.0,2.35,9.31,3.76,0.92,3,10830.5,-0.19,10803.5
2026-05-27 13:25:40,2026-05-27,HINDALCO.NS,BULL,0.809,,,READY,1156.88,1109.1,1252.44,1300.22,1226.8,2.0,3.0,47.78,4.13,0,0.0,0.0,2.79,11.22,6.55,1.13,3,1154.0,-1.0,1142.7
2026-05-27 13:25:40,2026-05-27,TATASTEEL.NS,BULL,0.809,,,WATCH,224.96,217.19,240.5,248.27,235.7,2.0,3.0,7.77,3.45,4,899.84,31.08,2.4,3.02,5.36,0.81,3,224.4,-4.05,215.37
2026-05-27 13:25:40,2026-05-27,JSWSTEEL.NS,BULL,0.809,,,WATCH,1331.32,1293.24,1407.48,1445.56,1383.2,2.0,3.0,38.08,2.86,0,0.0,0.0,1.95,4.36,4.28,1.13,3,1328.0,-1.72,1305.0
2026-05-27 13:25:40,2026-05-27,ADANIPORTS.NS,BULL,0.809,,,READY,1847.41,1780.21,1981.81,2049.01,1908.8,2.0,3.0,67.2,3.64,1,1847.41,67.2,2.45,11.32,3.66,0.52,3,1842.8,-0.92,1825.2
2026-05-27 13:25:40,2026-05-27,APOLLOHOSP.NS,BULL,0.809,,,WATCH,8464.11,8206.22,8979.89,9237.78,8834.5,2.0,3.0,257.89,3.05,0,0.0,0.0,2.08,9.33,4.71,1.3,3,8443.0,-2.16,8262.0
2026-05-27 13:25:40,2026-05-27,ABB.NS,BULL,0.809,,,WATCH,7407.47,7052.67,8117.07,8471.87,7998.0,2.0,3.0,354.8,4.79,0,0.0,0.0,3.31,0.11,8.96,0.75,3,7389.0,-3.17,7155.0
2026-05-27 13:25:40,2026-05-27,POLYCAB.NS,BULL,0.809,,,READY,9716.23,9410.02,10328.65,10634.86,10208.0,2.0,3.0,306.21,3.15,0,0.0,0.0,2.13,19.4,5.48,0.55,3,9692.0,-1.05,9590.5
2026-05-27 13:25:40,2026-05-27,GRASIM.NS,BULL,0.809,,,READY,3205.49,3097.72,3421.03,3528.8,3374.0,2.0,3.0,107.77,3.36,0,0.0,0.0,2.27,14.58,5.58,1.43,3,3197.5,-0.87,3169.1
2026-05-27 13:25:40,2026-05-27,HAL.NS,BULL,0.809,,,WATCH,4848.39,4655.82,5233.53,5426.1,4965.9,2.0,3.0,192.57,3.97,0,0.0,0.0,2.9,3.14,2.94,0.62,2,4836.3,-8.5,4424.9
2026-05-27 13:25:40,2026-05-27,CUMMINSIND.NS,BULL,0.809,,,READY,5578.91,5381.23,5974.27,6171.95,5794.5,2.0,3.0,197.68,3.54,0,0.0,0.0,2.37,6.74,4.23,0.8,3,5565.0,-0.07,5560.5
2026-05-27 13:25:40,2026-05-27,PIDILITIND.NS,BULL,0.809,,,WATCH,1518.79,1467.26,1621.85,1673.38,1564.4,2.0,3.0,51.53,3.39,1,1518.79,51.53,2.32,8.88,3.34,0.41,3,1515.0,-2.17,1482.3
2026-05-27 13:25:40,2026-05-27,BERGEPAINT.NS,BULL,0.809,,,WATCH,541.7,508.56,607.98,641.12,573.1,2.0,3.0,33.14,6.12,2,1083.4,66.28,4.2,12.23,6.43,0.3,3,540.35,-2.75,525.55
2026-05-27 13:25:40,2026-05-27,DIVISLAB.NS,BULL,0.809,,,WATCH,6985.42,6748.15,7459.96,7697.23,7267.5,2.0,3.0,237.27,3.4,0,0.0,0.0,2.32,5.6,4.39,1.02,3,6968.0,-2.05,6825.0
2026-05-27 13:25:40,2026-05-27,DLF.NS,BULL,0.809,,,WATCH,621.55,596.49,671.67,696.73,637.8,2.0,3.0,25.06,4.03,2,1243.1,50.12,2.82,2.07,3.02,0.68,3,620.0,-4.45,592.7
2026-05-27 13:25:40,2026-05-27,KEI.NS,BULL,0.809,,,READY,5467.63,5234.66,5933.57,6166.54,5761.8,2.0,3.0,232.97,4.26,0,0.0,0.0,2.86,12.85,5.81,0.67,3,5454.0,-0.52,5426.0
2026-05-27 13:25:40,2026-05-27,SRF.NS,BULL,0.809,,,WATCH,2839.18,2742.66,3032.22,3128.74,3008.4,2.0,3.0,96.52,3.4,0,0.0,0.0,2.35,10.02,6.55,0.68,3,2832.1,-3.18,2741.9
2026-05-27 13:25:40,2026-05-27,ZYDUSLIFE.NS,BULL,0.809,,,READY,1096.38,1048.19,1192.76,1240.95,1152.5,2.0,3.0,48.19,4.4,1,1096.38,48.19,2.96,22.74,5.54,0.8,3,1093.65,-0.84,1084.65
2026-05-27 13:25:40,2026-05-27,SYRMA.NS,BULL,0.809,,,WATCH,1190.97,1114.72,1343.47,1419.72,1259.0,2.0,3.0,76.25,6.4,0,0.0,0.0,4.84,10.71,6.79,0.55,3,1188.0,-11.57,1049.8
2026-05-27 13:25:40,2026-05-27,PERSISTENT.NS,BULL,0.809,,,WATCH,5200.67,4952.72,5696.57,5944.52,5400.0,2.0,3.0,247.95,4.77,0,0.0,0.0,3.25,7.11,4.21,0.66,2,5187.7,-1.95,5088.0
2026-05-27 13:25:40,2026-05-27,COFORGE.NS,BULL,0.809,,,WATCH,1450.62,1370.61,1610.64,1690.65,1514.3,2.0,3.0,80.01,5.52,0,0.0,0.0,3.82,17.8,4.82,0.39,3,1447.0,-3.59,1395.0
2026-05-27 13:25:40,2026-05-27,KPITTECH.NS,BULL,0.809,,,WATCH,799.49,761.36,875.75,913.88,852.5,2.0,3.0,38.13,4.77,0,0.0,0.0,3.29,2.82,7.21,0.59,3,797.5,-3.23,771.75
2026-05-27 13:25:40,2026-05-27,MOTILALOFS.NS,BULL,0.809,,,READY,911.27,873.48,986.85,1024.64,982.15,2.0,3.0,37.79,4.15,0,0.0,0.0,2.8,13.42,8.44,0.82,3,909.0,-1.16,897.15
2026-05-27 13:25:40,2026-05-27,BSE.NS,BULL,0.809,,,WATCH,4457.92,4267.01,4839.74,5030.65,4742.1,2.0,3.0,190.91,4.28,0,0.0,0.0,2.94,20.2,6.9,0.74,3,4446.8,-2.53,4334.8
2026-05-27 13:25:40,2026-05-27,CGPOWER.NS,BULL,0.809,,,READY,926.66,886.02,1007.94,1048.58,991.65,2.0,3.0,40.64,4.39,0,0.0,0.0,2.95,14.05,7.65,0.8,3,924.35,-0.65,918.0
2026-05-27 13:25:40,2026-05-27,THERMAX.NS,BULL,0.809,,,WATCH,4892.2,4575.71,5525.18,5841.67,5155.3,2.0,3.0,316.49,6.47,0,0.0,0.0,4.67,11.92,6.14,0.65,3,4880.0,-7.44,4517.1
2026-05-27 13:25:40,2026-05-27,LALPATHLAB.NS,BULL,0.809,,,WATCH,1724.2,1631.0,1910.6,2003.8,1849.0,2.0,3.0,93.2,5.41,0,0.0,0.0,3.81,20.56,7.91,0.28,3,1719.9,-5.08,1631.5
2026-05-27 13:25:40,2026-05-27,TIINDIA.NS,BULL,0.809,,,READY,3225.04,3048.1,3578.92,3755.86,3464.0,2.0,3.0,176.94,5.49,0,0.0,0.0,3.7,9.16,8.08,0.71,3,3217.0,-1.02,3184.1
2026-05-27 13:40:10,2026-05-27,RELIANCE.NS,BULL,0.811,,,WATCH,1477.08,1437.08,1557.08,1597.08,1499.3,2.0,3.0,40.0,2.71,8,11816.64,320.0,1.96,-3.95,1.91,0.67,1,1473.4,-7.81,1359.0
2026-05-27 13:40:10,2026-05-27,KOTAKBANK.NS,BULL,0.811,,,WATCH,396.14,382.8,422.82,436.16,412.4,2.0,3.0,13.34,3.37,26,10299.64,346.84,2.29,2.4,4.46,0.58,3,395.15,-1.76,388.0
2026-05-27 13:40:10,2026-05-27,TECHM.NS,BULL,0.811,,,WATCH,1510.57,1449.53,1632.65,1693.69,1579.7,2.0,3.0,61.04,4.04,5,7552.85,305.2,2.79,0.14,5.07,0.55,3,1506.8,-3.17,1458.7
2026-05-27 13:40:10,2026-05-27,BHARTIARTL.NS,BULL,0.811,,,WATCH,1958.68,1895.12,2085.8,2149.36,2028.7,2.0,3.0,63.56,3.25,5,9793.4,317.8,2.28,-0.3,4.01,0.59,3,1953.8,-4.8,1859.9
2026-05-27 13:40:10,2026-05-27,LT.NS,BULL,0.811,,,WATCH,4109.71,4004.67,4319.79,4424.83,4294.51,2.0,3.0,105.04,2.56,3,12329.13,315.12,1.73,2.9,4.89,0.63,3,4099.46,-1.3,4045.2
2026-05-27 13:40:10,2026-05-27,ASIANPAINT.NS,BULL,0.811,,,READY,2696.32,2604.09,2880.78,2973.01,2788.4,2.0,3.0,92.23,3.42,8,21570.56,737.84,2.3,10.56,3.74,0.87,3,2689.6,-0.53,2674.3
2026-05-27 13:40:10,2026-05-27,MARUTI.NS,BULL,0.811,,,WATCH,14010.94,13603.8,14825.22,15232.36,14372.0,2.0,3.0,407.14,2.91,0,0.0,0.0,2.05,0.79,3.02,0.73,2,13976.0,-5.05,13282.0
2026-05-27 13:40:10,2026-05-27,M&M.NS,BULL,0.811,,,WATCH,3407.5,3290.93,3640.64,3757.21,3500.1,2.0,3.0,116.57,3.42,3,10222.5,349.71,2.48,2.16,3.25,0.69,2,3399.0,-7.93,3130.1
2026-05-27 13:40:10,2026-05-27,BAJAJ-AUTO.NS,BULL,0.811,,,READY,10857.58,10476.26,11620.22,12001.54,11230.0,2.0,3.0,381.32,3.51,0,0.0,0.0,2.35,9.29,3.76,0.92,3,10830.5,-0.18,10811.5
2026-05-27 13:40:10,2026-05-27,HINDALCO.NS,BULL,0.811,,,READY,1156.88,1109.1,1252.44,1300.22,1226.8,2.0,3.0,47.78,4.13,7,8098.16,334.46,2.79,11.23,6.55,1.14,3,1154.0,-0.96,1142.6
2026-05-27 13:40:10,2026-05-27,JSWSTEEL.NS,BULL,0.811,,,WATCH,1331.32,1293.24,1407.48,1445.56,1383.2,2.0,3.0,38.08,2.86,9,11981.88,342.72,1.94,4.54,4.27,1.13,3,1328.0,-1.52,1307.5
2026-05-27 13:40:10,2026-05-27,ADANIPORTS.NS,BULL,0.811,,,READY,1847.41,1780.21,1981.81,2049.01,1908.8,2.0,3.0,67.2,3.64,11,20321.51,739.2,2.45,11.47,3.66,0.52,3,1842.8,-0.76,1828.4
2026-05-27 13:40:10,2026-05-27,APOLLOHOSP.NS,BULL,0.811,,,WATCH,8464.11,8206.22,8979.89,9237.78,8834.5,2.0,3.0,257.89,3.05,1,8464.11,257.89,2.08,9.19,4.71,1.3,3,8443.0,-2.26,8250.0
2026-05-27 13:40:10,2026-05-27,POLYCAB.NS,BULL,0.811,,,READY,9716.23,9410.02,10328.65,10634.86,10208.0,2.0,3.0,306.21,3.15,2,19432.46,612.42,2.13,19.29,5.48,0.55,3,9692.0,-1.11,9589.0
2026-05-27 13:40:10,2026-05-27,GRASIM.NS,BULL,0.811,,,READY,3205.49,3097.72,3421.03,3528.8,3374.0,2.0,3.0,107.77,3.36,3,9616.47,323.31,2.27,14.59,5.58,1.43,3,3197.5,-0.83,3170.0
2026-05-27 13:40:10,2026-05-27,HAL.NS,BULL,0.811,,,WATCH,4848.39,4655.72,5233.73,5426.4,4965.9,2.0,3.0,192.67,3.97,1,4848.39,192.67,2.91,2.98,2.94,0.62,2,4836.3,-8.62,4420.8
2026-05-27 13:40:10,2026-05-27,CUMMINSIND.NS,BULL,0.811,,,READY,5590.94,5391.98,5988.86,6187.82,5818.5,2.0,3.0,198.96,3.56,1,5590.94,198.96,2.39,6.58,4.46,0.8,3,5577.0,-0.41,5554.0
2026-05-27 13:40:10,2026-05-27,PIDILITIND.NS,BULL,0.811,,,WATCH,1518.79,1467.26,1621.85,1673.38,1564.4,2.0,3.0,51.53,3.39,14,21263.06,721.42,2.32,8.89,3.34,0.41,3,1515.0,-2.14,1482.8
2026-05-27 13:40:10,2026-05-27,BERGEPAINT.NS,BULL,0.811,,,WATCH,541.7,508.56,607.98,641.12,573.1,2.0,3.0,33.14,6.12,22,11917.4,729.08,4.19,12.56,6.43,0.3,3,540.35,-2.43,527.2
2026-05-27 13:40:10,2026-05-27,DIVISLAB.NS,BULL,0.811,,,WATCH,6985.42,6748.15,7459.96,7697.23,7267.5,2.0,3.0,237.27,3.4,1,6985.42,237.27,2.32,5.53,4.39,1.02,3,6968.0,-2.1,6821.0
2026-05-27 13:40:10,2026-05-27,DLF.NS,BULL,0.811,,,WATCH,621.55,596.49,671.67,696.73,637.8,2.0,3.0,25.06,4.03,29,18024.95,726.74,2.82,2.12,3.02,0.68,3,620.0,-4.38,592.75
2026-05-27 13:40:10,2026-05-27,KEI.NS,BULL,0.811,,,READY,5467.63,5234.66,5933.57,6166.54,5761.8,2.0,3.0,232.97,4.26,3,16402.89,698.91,2.86,12.93,5.8,0.67,3,5454.0,-0.42,5430.9
2026-05-27 13:40:10,2026-05-27,SRF.NS,BULL,0.811,,,WATCH,2839.18,2742.66,3032.22,3128.74,3008.4,2.0,3.0,96.52,3.4,3,8517.54,289.56,2.35,10.02,6.55,0.68,3,2832.1,-3.16,2742.8
2026-05-27 13:40:10,2026-05-27,ZYDUSLIFE.NS,BULL,0.811,,,READY,1096.38,1048.19,1192.76,1240.95,1152.5,2.0,3.0,48.19,4.4,15,16445.7,722.85,2.96,22.66,5.54,0.8,3,1093.65,-0.88,1084.1
2026-05-27 13:40:10,2026-05-27,SYRMA.NS,BULL,0.811,,,WATCH,1190.97,1114.72,1343.47,1419.72,1259.0,2.0,3.0,76.25,6.4,9,10718.73,686.25,4.84,10.74,6.79,0.56,3,1188.0,-11.52,1052.5
2026-05-27 13:40:10,2026-05-27,PERSISTENT.NS,BULL,0.811,,,WATCH,5200.67,4952.72,5696.57,5944.52,5400.0,2.0,3.0,247.95,4.77,1,5200.67,247.95,3.24,7.37,4.21,0.66,2,5187.7,-1.69,5097.8
2026-05-27 13:40:10,2026-05-27,COFORGE.NS,BULL,0.811,,,WATCH,1450.62,1370.61,1610.64,1690.65,1514.3,2.0,3.0,80.01,5.52,9,13055.58,720.09,3.83,17.61,4.82,0.39,3,1447.0,-3.72,1393.1
2026-05-27 13:40:10,2026-05-27,KPITTECH.NS,BULL,0.811,,,WATCH,799.49,761.36,875.75,913.88,852.5,2.0,3.0,38.13,4.77,9,7195.41,343.17,3.29,3.0,7.21,0.59,3,797.5,-3.03,773.0
2026-05-27 13:40:10,2026-05-27,MOTILALOFS.NS,BULL,0.811,,,READY,911.27,873.48,986.85,1024.64,982.15,2.0,3.0,37.79,4.15,9,8201.43,340.11,2.8,13.63,8.44,0.83,3,909.0,-0.95,900.75
2026-05-27 13:40:10,2026-05-27,BSE.NS,BULL,0.811,,,WATCH,4457.92,4267.01,4839.74,5030.65,4742.1,2.0,3.0,190.91,4.28,3,13373.76,572.73,2.93,20.31,6.89,0.75,3,4446.8,-2.42,4339.0
2026-05-27 13:40:10,2026-05-27,CDSL.NS,BULL,0.811,,,WATCH,1301.95,1257.69,1390.47,1434.73,1352.5,2.0,3.0,44.26,3.4,7,9113.65,309.82,2.37,-0.94,4.41,0.75,2,1298.7,-4.07,1245.4
2026-05-27 13:40:10,2026-05-27,CGPOWER.NS,BULL,0.811,,,READY,926.66,886.02,1007.94,1048.58,991.65,2.0,3.0,40.64,4.39,8,7413.28,325.12,2.95,14.23,7.65,0.8,3,924.35,-0.47,919.7
2026-05-27 13:40:10,2026-05-27,THERMAX.NS,BULL,0.811,,,WATCH,4892.2,4575.71,5525.18,5841.67,5155.3,2.0,3.0,316.49,6.47,2,9784.4,632.98,4.67,11.86,6.14,0.65,3,4880.0,-7.47,4515.4
2026-05-27 13:40:10,2026-05-27,LALPATHLAB.NS,BULL,0.811,,,WATCH,1724.2,1630.84,1910.92,2004.28,1849.0,2.0,3.0,93.36,5.41,8,13793.6,746.88,3.83,19.88,7.92,0.29,3,1719.9,-5.59,1624.3
2026-05-27 13:40:10,2026-05-27,TIINDIA.NS,BULL,0.811,,,READY,3225.04,3048.1,3578.92,3755.86,3464.0,2.0,3.0,176.94,5.49,1,3225.04,176.94,3.68,9.72,8.07,0.72,3,3217.0,-0.48,3201.4
2026-05-27 14:35:35,2026-05-27,RELIANCE.NS,BULL,0.8,,,WATCH,1477.08,1437.08,1557.08,1597.08,1499.3,2.0,3.0,40.0,2.71,8,11816.64,320.0,1.97,-4.24,1.91,0.69,1,1473.4,-8.23,1351.8
2026-05-27 14:35:35,2026-05-27,KOTAKBANK.NS,BULL,0.8,,,WATCH,396.14,382.8,422.82,436.16,412.4,2.0,3.0,13.34,3.37,26,10299.64,346.84,2.29,2.82,4.46,0.6,3,395.15,-1.48,389.1
2026-05-27 14:35:35,2026-05-27,TECHM.NS,BULL,0.8,,,WATCH,1510.57,1449.52,1632.67,1693.72,1579.7,2.0,3.0,61.05,4.04,5,7552.85,305.25,2.8,-0.07,5.07,0.56,3,1506.8,-3.51,1453.0
2026-05-27 14:35:35,2026-05-27,BHARTIARTL.NS,BULL,0.8,,,WATCH,1958.68,1895.12,2085.8,2149.36,2028.7,2.0,3.0,63.56,3.25,5,9793.4,317.8,2.29,-0.77,4.02,0.62,2,1953.8,-5.39,1847.5
2026-05-27 14:35:35,2026-05-27,LT.NS,BULL,0.8,,,WATCH,4109.71,4003.06,4323.01,4429.66,4294.51,2.0,3.0,106.65,2.6,3,12329.13,319.95,1.77,2.41,4.9,0.65,3,4099.46,-1.91,4019.7
2026-05-27 14:35:35,2026-05-27,ASIANPAINT.NS,BULL,0.8,,,READY,2696.32,2604.09,2880.78,2973.01,2788.4,2.0,3.0,92.23,3.42,8,21570.56,737.84,2.3,10.52,3.74,0.88,3,2689.6,-0.7,2670.0
2026-05-27 14:35:35,2026-05-27,MARUTI.NS,BULL,0.8,,,WATCH,14010.94,13603.8,14825.22,15232.36,14372.0,2.0,3.0,407.14,2.91,1,14010.94,407.14,2.04,1.17,3.01,0.74,3,13976.0,-4.82,13304.0
2026-05-27 14:35:35,2026-05-27,M&M.NS,BULL,0.8,,,WATCH,3407.5,3290.93,3640.64,3757.21,3500.1,2.0,3.0,116.57,3.42,3,10222.5,349.71,2.49,1.98,3.25,0.7,1,3399.0,-8.21,3121.1
2026-05-27 14:35:35,2026-05-27,BAJAJ-AUTO.NS,BULL,0.8,,,READY,10857.58,10476.26,11620.22,12001.54,11230.0,2.0,3.0,381.32,3.51,0,0.0,0.0,2.35,9.42,3.76,0.93,3,10830.5,-0.19,10809.5
2026-05-27 14:35:35,2026-05-27,HINDALCO.NS,BULL,0.8,,,READY,1156.88,1109.1,1252.44,1300.22,1226.8,2.0,3.0,47.78,4.13,7,8098.16,334.46,2.79,11.35,6.55,1.15,3,1154.0,-0.97,1142.8
2026-05-27 14:35:35,2026-05-27,JSWSTEEL.NS,BULL,0.8,,,WATCH,1331.32,1293.24,1407.48,1445.56,1383.2,2.0,3.0,38.08,2.86,9,11981.88,342.72,1.94,4.49,4.28,1.15,3,1328.0,-1.7,1304.7
2026-05-27 14:35:35,2026-05-27,ADANIPORTS.NS,BULL,0.8,,,READY,1847.41,1780.21,1981.81,2049.01,1908.8,2.0,3.0,67.2,3.64,11,20321.51,739.2,2.45,11.67,3.66,0.53,3,1842.8,-0.71,1829.0
2026-05-27 14:35:35,2026-05-27,APOLLOHOSP.NS,BULL,0.8,,,WATCH,8464.11,8203.59,8985.15,9245.67,8834.5,2.0,3.0,260.52,3.08,1,8464.11,260.52,2.1,9.78,4.7,1.31,3,8443.0,-1.84,8288.0
2026-05-27 14:35:35,2026-05-27,POLYCAB.NS,BULL,0.8,,,READY,9716.23,9410.02,10328.65,10634.86,10208.0,2.0,3.0,306.21,3.15,2,19432.46,612.42,2.12,19.78,5.48,0.56,3,9692.0,-0.82,9614.0
2026-05-27 14:35:35,2026-05-27,GRASIM.NS,BULL,0.8,,,READY,3205.49,3097.72,3421.03,3528.8,3374.0,2.0,3.0,107.77,3.36,3,9616.47,323.31,2.26,14.77,5.58,1.43,3,3197.5,-0.79,3170.0
2026-05-27 14:35:35,2026-05-27,HAL.NS,BULL,0.8,,,WATCH,4848.39,4655.61,5233.95,5426.73,4965.9,2.0,3.0,192.78,3.98,1,4848.39,192.78,2.91,3.06,2.94,0.63,2,4836.3,-8.67,4419.3
2026-05-27 14:35:35,2026-05-27,PIDILITIND.NS,BULL,0.8,,,WATCH,1518.79,1467.26,1621.85,1673.38,1564.4,2.0,3.0,51.53,3.39,14,21263.06,721.42,2.32,8.98,3.34,0.41,3,1515.0,-2.18,1481.4
2026-05-27 14:35:35,2026-05-27,BERGEPAINT.NS,BULL,0.8,,,WATCH,541.7,508.56,607.98,641.12,573.1,2.0,3.0,33.14,6.12,22,11917.4,729.08,4.2,12.47,6.43,0.3,3,540.35,-2.63,526.0
2026-05-27 14:35:35,2026-05-27,DIVISLAB.NS,BULL,0.8,,,WATCH,6985.42,6748.15,7459.96,7697.23,7267.5,2.0,3.0,237.27,3.4,1,6985.42,237.27,2.33,5.14,4.4,1.02,3,6968.0,-2.59,6787.5
2026-05-27 14:35:35,2026-05-27,DABUR.NS,BULL,0.8,,,WATCH,491.73,474.69,525.81,542.85,505.95,2.0,3.0,17.04,3.47,20,9834.6,340.8,2.56,1.93,3.45,0.62,1,490.5,-9.39,444.6
2026-05-27 14:35:35,2026-05-27,DLF.NS,BULL,0.8,,,WATCH,621.55,596.49,671.67,696.73,637.8,2.0,3.0,25.06,4.03,29,18024.95,726.74,2.82,2.1,3.02,0.69,3,620.0,-4.52,591.7
2026-05-27 14:35:35,2026-05-27,KEI.NS,BULL,0.8,,,READY,5467.63,5234.66,5933.57,6166.54,5761.8,2.0,3.0,232.97,4.26,3,16402.89,698.91,2.86,13.13,5.8,0.68,3,5454.0,-0.37,5433.4
2026-05-27 14:35:35,2026-05-27,SRF.NS,BULL,0.8,,,WATCH,2839.18,2742.66,3032.22,3128.74,3008.4,2.0,3.0,96.52,3.4,3,8517.54,289.56,2.35,9.88,6.55,0.68,3,2832.1,-3.4,2736.9
2026-05-27 14:35:35,2026-05-27,ZYDUSLIFE.NS,BULL,0.8,,,READY,1096.38,1048.19,1192.76,1240.95,1152.5,2.0,3.0,48.19,4.4,15,16445.7,722.85,2.96,23.06,5.54,0.82,3,1093.65,-0.67,1086.75
2026-05-27 14:35:35,2026-05-27,SYRMA.NS,BULL,0.8,,,WATCH,1190.97,1114.72,1343.47,1419.72,1259.0,2.0,3.0,76.25,6.4,9,10718.73,686.25,4.84,10.69,6.79,0.56,3,1188.0,-11.66,1051.05
2026-05-27 14:35:35,2026-05-27,PERSISTENT.NS,BULL,0.8,,,WATCH,5200.67,4952.72,5696.57,5944.52,5400.0,2.0,3.0,247.95,4.77,1,5200.67,247.95,3.24,7.65,4.21,0.67,2,5187.7,-1.56,5103.8
2026-05-27 14:35:35,2026-05-27,COFORGE.NS,BULL,0.8,,,WATCH,1450.62,1369.96,1611.94,1692.6,1514.3,2.0,3.0,80.66,5.56,9,13055.58,725.94,3.87,17.37,4.83,0.39,3,1447.0,-4.04,1387.6
2026-05-27 14:35:35,2026-05-27,KPITTECH.NS,BULL,0.8,,,WATCH,799.49,761.25,875.97,914.21,852.5,2.0,3.0,38.24,4.78,9,7195.41,344.16,3.32,2.43,7.22,0.6,3,797.5,-3.71,767.4
2026-05-27 14:35:35,2026-05-27,MOTILALOFS.NS,BULL,0.8,,,WATCH,911.27,873.48,986.85,1024.64,982.15,2.0,3.0,37.79,4.15,9,8201.43,340.11,2.81,13.35,8.45,0.84,3,909.0,-1.32,897.1
2026-05-27 14:35:35,2026-05-27,BSE.NS,BULL,0.8,,,WATCH,4457.92,4264.9,4843.96,5036.98,4742.1,2.0,3.0,193.02,4.33,1,4457.92,193.02,2.99,19.53,6.91,0.76,3,4446.8,-3.18,4310.0
2026-05-27 14:35:35,2026-05-27,CGPOWER.NS,BULL,0.8,,,READY,932.07,890.85,1014.51,1055.73,1002.45,2.0,3.0,41.22,4.42,8,7456.56,329.76,2.96,15.22,8.25,0.84,3,929.75,-0.3,926.95
2026-05-27 14:35:35,2026-05-27,THERMAX.NS,BULL,0.8,,,WATCH,4892.2,4575.71,5525.18,5841.67,5155.3,2.0,3.0,316.49,6.47,2,9784.4,632.98,4.69,11.69,6.14,0.66,3,4880.0,-7.73,4503.1
2026-05-27 14:35:35,2026-05-27,LALPATHLAB.NS,BULL,0.8,,,WATCH,1724.2,1630.84,1910.92,2004.28,1849.0,2.0,3.0,93.36,5.41,8,13793.6,746.88,3.84,19.89,7.92,0.29,3,1719.9,-5.69,1622.0
2026-05-27 14:35:35,2026-05-27,OIL.NS,BULL,0.8,,,WATCH,532.33,510.48,576.03,597.88,557.0,2.0,3.0,21.85,4.1,16,8517.28,349.6,2.98,0.86,5.27,0.42,3,531.0,-7.94,488.65
2026-05-27 14:35:35,2026-05-27,TIINDIA.NS,BULL,0.8,,,READY,3225.04,3048.1,3578.92,3755.86,3464.0,2.0,3.0,176.94,5.49,1,3225.04,176.94,3.67,10.16,8.07,0.74,3,3217.0,-0.21,3208.0
2026-05-27 17:34:13,2026-05-27,RELIANCE.NS,BULL,0.811,,,WATCH,1477.08,1436.88,1557.48,1597.68,1499.3,2.0,3.0,40.2,2.72,8,11816.64,321.6,1.98,-4.49,1.91,0.73,1,1473.4,-8.34,1350.5
2026-05-27 17:34:13,2026-05-27,KOTAKBANK.NS,BULL,0.811,,,WATCH,396.14,382.8,422.82,436.16,412.4,2.0,3.0,13.34,3.37,26,10299.64,346.84,2.29,2.53,4.46,0.62,3,395.15,-1.63,388.70001220703125
2026-05-27 17:34:13,2026-05-27,TECHM.NS,BULL,0.811,,,WATCH,1510.57,1449.38,1632.95,1694.14,1579.7,2.0,3.0,61.19,4.05,5,7552.85,305.95,2.8,-0.1,5.07,0.58,3,1506.8,-3.4,1455.5999755859375
2026-05-27 17:34:13,2026-05-27,BHARTIARTL.NS,BULL,0.811,,,WATCH,1958.68,1895.12,2085.8,2149.36,2028.7,2.0,3.0,63.56,3.25,5,9793.4,317.8,2.29,-0.71,4.01,0.68,2,1953.8,-5.2,1852.199951171875
2026-05-27 17:34:13,2026-05-27,LT.NS,BULL,0.811,,,WATCH,4109.71,4003.05,4323.03,4429.69,4294.51,2.0,3.0,106.66,2.6,3,12329.13,319.98,1.76,2.94,4.89,0.68,3,4099.46,-1.27,4047.5
2026-05-27 17:34:13,2026-05-27,ASIANPAINT.NS,BULL,0.811,,,READY,2696.32,2604.09,2880.78,2973.01,2788.4,2.0,3.0,92.23,3.42,3,8088.96,276.69,2.3,10.42,3.74,0.92,3,2689.6,-0.66,2671.89990234375
2026-05-27 17:34:13,2026-05-27,MARUTI.NS,BULL,0.811,,,WATCH,14010.94,13593.51,14845.8,15263.23,14460.0,2.0,3.0,417.43,2.98,0,0.0,0.0,2.08,1.49,3.68,0.78,3,13976.0,-4.38,13364.0
2026-05-27 17:34:13,2026-05-27,M&M.NS,BULL,0.811,,,WATCH,3407.5,3290.93,3640.64,3757.21,3500.1,2.0,3.0,116.57,3.42,3,10222.5,349.71,2.49,1.9,3.25,0.72,1,3399.0,-8.16,3121.60009765625
2026-05-27 17:34:13,2026-05-27,BAJAJ-AUTO.NS,BULL,0.811,,,READY,10861.08,10479.38,11624.48,12006.18,11237.0,2.0,3.0,381.7,3.51,0,0.0,0.0,2.35,9.27,3.79,0.95,3,10834.0,-0.24,10808.5
2026-05-27 17:34:13,2026-05-27,HINDALCO.NS,BULL,0.811,,,READY,1156.88,1109.1,1252.44,1300.22,1226.8,2.0,3.0,47.78,4.13,7,8098.16,334.46,2.77,11.88,6.54,1.2,3,1154.0,-0.37,1149.699951171875
2026-05-27 17:34:13,2026-05-27,JSWSTEEL.NS,BULL,0.811,,,WATCH,1331.32,1293.24,1407.48,1445.56,1383.2,2.0,3.0,38.08,2.86,9,11981.88,342.72,1.94,4.66,4.27,1.19,3,1328.0,-1.41,1309.300048828125
2026-05-27 17:34:13,2026-05-27,ADANIPORTS.NS,BULL,0.811,,,READY,1847.41,1780.21,1981.81,2049.01,1908.8,2.0,3.0,67.2,3.64,11,20321.51,739.2,2.46,11.21,3.66,0.56,3,1842.8,-0.99,1824.5
2026-05-27 17:34:13,2026-05-27,APOLLOHOSP.NS,BULL,0.811,,,WATCH,8464.11,8203.59,8985.15,9245.67,8834.5,2.0,3.0,260.52,3.08,1,8464.11,260.52,2.1,9.45,4.7,1.34,3,8443.0,-2.02,8272.5
2026-05-27 17:34:13,2026-05-27,POLYCAB.NS,BULL,0.811,,,READY,9720.24,9413.6,10333.52,10640.16,10216.0,2.0,3.0,306.64,3.15,2,19440.48,613.28,2.12,20.27,5.52,0.58,3,9696.0,-0.33,9664.0
2026-05-27 17:34:13,2026-05-27,GRASIM.NS,BULL,0.811,,,READY,3205.49,3097.72,3421.03,3528.8,3374.0,2.0,3.0,107.77,3.36,3,9616.47,323.31,2.27,14.56,5.58,1.44,3,3197.5,-0.86,3170.0
2026-05-27 17:34:13,2026-05-27,HAL.NS,BULL,0.811,,,WATCH,4848.39,4654.45,5236.27,5430.21,4965.9,2.0,3.0,193.94,4.0,1,4848.39,193.94,2.93,2.83,2.94,0.64,2,4836.3,-8.75,4413.0
2026-05-27 17:34:13,2026-05-27,PIDILITIND.NS,BULL,0.811,,,WATCH,1518.79,1467.26,1621.85,1673.38,1564.4,2.0,3.0,51.53,3.39,14,21263.06,721.42,2.32,8.75,3.34,0.44,3,1515.0,-2.26,1480.699951171875
2026-05-27 17:34:13,2026-05-27,BERGEPAINT.NS,BULL,0.811,,,WATCH,541.7,508.56,607.98,641.12,573.1,2.0,3.0,33.14,6.12,22,11917.4,729.08,4.19,12.5,6.43,0.32,3,540.35,-2.48,526.9500122070312
2026-05-27 17:34:13,2026-05-27,DIVISLAB.NS,BULL,0.811,,,WATCH,6985.42,6748.15,7459.96,7697.23,7267.5,2.0,3.0,237.27,3.4,1,6985.42,237.27,2.33,5.15,4.4,1.03,3,6968.0,-2.45,6797.5
2026-05-27 17:34:13,2026-05-27,DABUR.NS,BULL,0.811,,,WATCH,491.73,474.69,525.81,542.85,505.95,2.0,3.0,17.04,3.47,20,9834.6,340.8,2.55,2.01,3.45,0.65,2,490.5,-9.18,445.45001220703125
2026-05-27 17:34:13,2026-05-27,DLF.NS,BULL,0.811,,,WATCH,621.55,596.49,671.67,696.73,637.8,2.0,3.0,25.06,4.03,29,18024.95,726.74,2.81,2.29,3.02,0.72,3,620.0,-4.21,593.9000244140625
2026-05-27 17:34:13,2026-05-27,KEI.NS,BULL,0.811,,,READY,5468.64,5235.56,5934.8,6167.88,5763.8,2.0,3.0,233.08,4.26,3,16405.92,699.24,2.85,13.24,5.82,0.7,3,5455.0,-0.16,5446.2001953125
2026-05-27 17:34:13,2026-05-27,SRF.NS,BULL,0.811,,,WATCH,2839.18,2742.07,3033.4,3130.51,3008.4,2.0,3.0,97.11,3.42,3,8517.54,291.33,2.37,9.78,6.55,0.69,3,2832.1,-3.36,2736.800048828125
2026-05-27 17:34:13,2026-05-27,ZYDUSLIFE.NS,BULL,0.811,,,READY,1096.38,1048.19,1192.76,1240.95,1152.5,2.0,3.0,48.19,4.4,7,7674.66,337.33,2.96,22.86,5.54,0.88,3,1093.65,-0.72,1085.800048828125
2026-05-27 17:34:13,2026-05-27,SYRMA.NS,BULL,0.811,,,WATCH,1190.97,1114.72,1343.47,1419.72,1259.0,2.0,3.0,76.25,6.4,9,10718.73,686.25,4.82,11.01,6.79,0.57,3,1188.0,-11.3,1053.800048828125
2026-05-27 17:34:13,2026-05-27,PERSISTENT.NS,BULL,0.811,,,WATCH,5200.67,4952.72,5696.57,5944.52,5400.0,2.0,3.0,247.95,4.77,1,5200.67,247.95,3.24,7.34,4.21,0.69,2,5187.7,-1.72,5098.39990234375
2026-05-27 17:34:13,2026-05-27,COFORGE.NS,BULL,0.811,,,WATCH,1450.62,1369.56,1612.74,1693.8,1514.3,2.0,3.0,81.06,5.59,9,13055.58,729.54,3.89,17.22,4.83,0.41,3,1447.0,-4.05,1388.4000244140625
2026-05-27 17:34:13,2026-05-27,KPITTECH.NS,BULL,0.811,,,WATCH,799.49,761.17,876.13,914.45,852.5,2.0,3.0,38.32,4.79,9,7195.41,344.88,3.31,2.8,7.21,0.61,3,797.5,-3.22,771.7999877929688
2026-05-27 17:34:13,2026-05-27,MOTILALOFS.NS,BULL,0.811,,,WATCH,911.27,873.48,986.85,1024.64,982.15,2.0,3.0,37.79,4.15,9,8201.43,340.11,2.82,12.85,8.45,0.86,3,909.0,-1.64,894.0999755859375
2026-05-27 17:34:13,2026-05-27,BSE.NS,BULL,0.811,,,WATCH,4457.92,4257.49,4858.78,5059.21,4742.1,2.0,3.0,200.43,4.5,1,4457.92,200.43,3.15,17.82,6.92,0.81,3,4446.8,-4.46,4248.39990234375
2026-05-27 17:34:13,2026-05-27,CGPOWER.NS,BULL,0.811,,,READY,940.34,898.23,1024.56,1066.67,1018.95,2.0,3.0,42.11,4.48,8,7522.72,336.88,3.0,16.05,9.17,0.93,3,938.0,-0.34,934.7999877929688
2026-05-27 17:34:13,2026-05-27,THERMAX.NS,BULL,0.811,,,WATCH,4892.2,4575.71,5525.18,5841.67,5155.3,2.0,3.0,316.49,6.47,2,9784.4,632.98,4.6,13.7,6.12,0.71,3,4880.0,-5.93,4590.60009765625
2026-05-27 17:34:13,2026-05-27,LALPATHLAB.NS,BULL,0.811,,,WATCH,1724.2,1630.84,1910.92,2004.28,1849.0,2.0,3.0,93.36,5.41,8,13793.6,746.88,3.85,19.4,7.92,0.3,3,1719.9,-5.97,1617.199951171875
2026-05-27 17:34:13,2026-05-27,OIL.NS,BULL,0.811,,,WATCH,532.33,510.48,576.03,597.88,557.0,2.0,3.0,21.85,4.1,16,8517.28,349.6,2.99,0.55,5.27,0.43,3,531.0,-8.1,488.0
2026-05-27 17:34:13,2026-05-27,TIINDIA.NS,BULL,0.811,,,READY,3232.96,3055.18,3588.52,3766.3,3479.8,2.0,3.0,177.78,5.5,1,3232.96,177.78,3.69,10.03,8.33,0.82,3,3224.9,-0.45,3210.5
2026-05-28 08:01:31,2026-05-28,RELIANCE.NS,BULL,0.811,,,WATCH,1477.08,1436.88,1557.48,1597.68,1499.3,2.0,3.0,40.2,2.72,8,11816.64,321.6,1.98,-4.49,1.91,0.73,1,1473.4,-8.34,1350.5
2026-05-28 08:01:31,2026-05-28,KOTAKBANK.NS,BULL,0.811,,,WATCH,396.14,382.8,422.82,436.16,412.4,2.0,3.0,13.34,3.37,26,10299.64,346.84,2.29,2.53,4.46,0.62,3,395.15,-1.63,388.70001220703125
2026-05-28 08:01:31,2026-05-28,TECHM.NS,BULL,0.811,,,WATCH,1510.57,1449.38,1632.95,1694.14,1579.7,2.0,3.0,61.19,4.05,5,7552.85,305.95,2.8,-0.1,5.07,0.58,3,1506.8,-3.4,1455.5999755859375
2026-05-28 08:01:31,2026-05-28,BHARTIARTL.NS,BULL,0.811,,,WATCH,1958.68,1895.12,2085.8,2149.36,2028.7,2.0,3.0,63.56,3.25,5,9793.4,317.8,2.29,-0.71,4.01,0.68,2,1953.8,-5.2,1852.199951171875
2026-05-28 08:01:31,2026-05-28,LT.NS,BULL,0.811,,,WATCH,4109.71,4003.05,4323.03,4429.69,4294.51,2.0,3.0,106.66,2.6,3,12329.13,319.98,1.76,2.94,4.89,0.68,3,4099.46,-1.27,4047.5
2026-05-28 08:01:31,2026-05-28,ASIANPAINT.NS,BULL,0.811,,,READY,2696.32,2604.09,2880.78,2973.01,2788.4,2.0,3.0,92.23,3.42,3,8088.96,276.69,2.3,10.42,3.74,0.92,3,2689.6,-0.66,2671.89990234375
2026-05-28 08:01:31,2026-05-28,MARUTI.NS,BULL,0.811,,,WATCH,14010.94,13593.51,14845.8,15263.23,14460.0,2.0,3.0,417.43,2.98,0,0.0,0.0,2.08,1.49,3.68,0.78,3,13976.0,-4.38,13364.0
2026-05-28 08:01:31,2026-05-28,M&M.NS,BULL,0.811,,,WATCH,3407.5,3290.93,3640.64,3757.21,3500.1,2.0,3.0,116.57,3.42,3,10222.5,349.71,2.49,1.9,3.25,0.72,1,3399.0,-8.16,3121.60009765625
2026-05-28 08:01:31,2026-05-28,BAJAJ-AUTO.NS,BULL,0.811,,,READY,10861.08,10479.38,11624.48,12006.18,11237.0,2.0,3.0,381.7,3.51,0,0.0,0.0,2.35,9.27,3.79,0.95,3,10834.0,-0.24,10808.5
2026-05-28 08:01:31,2026-05-28,HINDALCO.NS,BULL,0.811,,,READY,1156.88,1109.1,1252.44,1300.22,1226.8,2.0,3.0,47.78,4.13,7,8098.16,334.46,2.77,11.88,6.54,1.2,3,1154.0,-0.37,1149.699951171875
2026-05-28 08:01:31,2026-05-28,JSWSTEEL.NS,BULL,0.811,,,WATCH,1331.32,1293.24,1407.48,1445.56,1383.2,2.0,3.0,38.08,2.86,9,11981.88,342.72,1.94,4.66,4.27,1.19,3,1328.0,-1.41,1309.300048828125
2026-05-28 08:01:31,2026-05-28,ADANIPORTS.NS,BULL,0.811,,,READY,1847.41,1780.21,1981.81,2049.01,1908.8,2.0,3.0,67.2,3.64,11,20321.51,739.2,2.46,11.21,3.66,0.56,3,1842.8,-0.99,1824.5
2026-05-28 08:01:31,2026-05-28,APOLLOHOSP.NS,BULL,0.811,,,WATCH,8464.11,8203.59,8985.15,9245.67,8834.5,2.0,3.0,260.52,3.08,1,8464.11,260.52,2.1,9.45,4.7,1.34,3,8443.0,-2.02,8272.5
2026-05-28 08:01:31,2026-05-28,POLYCAB.NS,BULL,0.811,,,READY,9720.24,9413.6,10333.52,10640.16,10216.0,2.0,3.0,306.64,3.15,2,19440.48,613.28,2.12,20.27,5.52,0.58,3,9696.0,-0.33,9664.0
2026-05-28 08:01:31,2026-05-28,GRASIM.NS,BULL,0.811,,,READY,3205.49,3097.72,3421.03,3528.8,3374.0,2.0,3.0,107.77,3.36,3,9616.47,323.31,2.27,14.56,5.58,1.44,3,3197.5,-0.86,3170.0
2026-05-28 08:01:31,2026-05-28,HAL.NS,BULL,0.811,,,WATCH,4848.39,4654.45,5236.27,5430.21,4965.9,2.0,3.0,193.94,4.0,1,4848.39,193.94,2.93,2.83,2.94,0.64,2,4836.3,-8.75,4413.0
2026-05-28 08:01:31,2026-05-28,PIDILITIND.NS,BULL,0.811,,,WATCH,1518.79,1467.26,1621.85,1673.38,1564.4,2.0,3.0,51.53,3.39,14,21263.06,721.42,2.32,8.75,3.34,0.44,3,1515.0,-2.26,1480.699951171875
2026-05-28 08:01:31,2026-05-28,BERGEPAINT.NS,BULL,0.811,,,WATCH,541.7,508.56,607.98,641.12,573.1,2.0,3.0,33.14,6.12,22,11917.4,729.08,4.19,12.5,6.43,0.32,3,540.35,-2.48,526.9500122070312
2026-05-28 08:01:31,2026-05-28,DIVISLAB.NS,BULL,0.811,,,WATCH,6985.42,6748.15,7459.96,7697.23,7267.5,2.0,3.0,237.27,3.4,1,6985.42,237.27,2.33,5.15,4.4,1.03,3,6968.0,-2.45,6797.5
2026-05-28 08:01:31,2026-05-28,DABUR.NS,BULL,0.811,,,WATCH,491.73,474.69,525.81,542.85,505.95,2.0,3.0,17.04,3.47,20,9834.6,340.8,2.55,2.01,3.45,0.65,2,490.5,-9.18,445.45001220703125
2026-05-28 08:01:31,2026-05-28,DLF.NS,BULL,0.811,,,WATCH,621.55,596.49,671.67,696.73,637.8,2.0,3.0,25.06,4.03,29,18024.95,726.74,2.81,2.29,3.02,0.72,3,620.0,-4.21,593.9000244140625
2026-05-28 08:01:31,2026-05-28,KEI.NS,BULL,0.811,,,READY,5468.64,5235.56,5934.8,6167.88,5763.8,2.0,3.0,233.08,4.26,3,16405.92,699.24,2.85,13.24,5.82,0.7,3,5455.0,-0.16,5446.2001953125
2026-05-28 08:01:31,2026-05-28,SRF.NS,BULL,0.811,,,WATCH,2839.18,2742.07,3033.4,3130.51,3008.4,2.0,3.0,97.11,3.42,3,8517.54,291.33,2.37,9.78,6.55,0.69,3,2832.1,-3.36,2736.800048828125
2026-05-28 08:01:31,2026-05-28,ZYDUSLIFE.NS,BULL,0.811,,,READY,1096.38,1048.19,1192.76,1240.95,1152.5,2.0,3.0,48.19,4.4,7,7674.66,337.33,2.96,22.86,5.54,0.88,3,1093.65,-0.72,1085.800048828125
2026-05-28 08:01:31,2026-05-28,SYRMA.NS,BULL,0.811,,,WATCH,1190.97,1114.72,1343.47,1419.72,1259.0,2.0,3.0,76.25,6.4,9,10718.73,686.25,4.82,11.01,6.79,0.57,3,1188.0,-11.3,1053.800048828125
2026-05-28 08:01:31,2026-05-28,PERSISTENT.NS,BULL,0.811,,,WATCH,5200.67,4952.72,5696.57,5944.52,5400.0,2.0,3.0,247.95,4.77,1,5200.67,247.95,3.24,7.34,4.21,0.69,2,5187.7,-1.72,5098.39990234375
2026-05-28 08:01:31,2026-05-28,COFORGE.NS,BULL,0.811,,,WATCH,1450.62,1369.56,1612.74,1693.8,1514.3,2.0,3.0,81.06,5.59,9,13055.58,729.54,3.89,17.22,4.83,0.41,3,1447.0,-4.05,1388.4000244140625
2026-05-28 08:01:31,2026-05-28,KPITTECH.NS,BULL,0.811,,,WATCH,799.49,761.17,876.13,914.45,852.5,2.0,3.0,38.32,4.79,9,7195.41,344.88,3.31,2.8,7.21,0.61,3,797.5,-3.22,771.7999877929688
2026-05-28 08:01:31,2026-05-28,MOTILALOFS.NS,BULL,0.811,,,WATCH,911.27,873.48,986.85,1024.64,982.15,2.0,3.0,37.79,4.15,9,8201.43,340.11,2.82,12.85,8.45,0.86,3,909.0,-1.64,894.0999755859375
2026-05-28 08:01:31,2026-05-28,BSE.NS,BULL,0.811,,,WATCH,4457.92,4257.49,4858.78,5059.21,4742.1,2.0,3.0,200.43,4.5,1,4457.92,200.43,3.15,17.82,6.92,0.81,3,4446.8,-4.46,4248.39990234375
2026-05-28 08:01:31,2026-05-28,CGPOWER.NS,BULL,0.811,,,READY,940.34,898.23,1024.56,1066.67,1018.95,2.0,3.0,42.11,4.48,8,7522.72,336.88,3.0,16.05,9.17,0.93,3,938.0,-0.34,934.7999877929688
2026-05-28 08:01:31,2026-05-28,THERMAX.NS,BULL,0.811,,,WATCH,4892.2,4575.71,5525.18,5841.67,5155.3,2.0,3.0,316.49,6.47,2,9784.4,632.98,4.6,13.7,6.12,0.71,3,4880.0,-5.93,4590.60009765625
2026-05-28 08:01:31,2026-05-28,LALPATHLAB.NS,BULL,0.811,,,WATCH,1724.2,1630.84,1910.92,2004.28,1849.0,2.0,3.0,93.36,5.41,8,13793.6,746.88,3.85,19.4,7.92,0.3,3,1719.9,-5.97,1617.199951171875
2026-05-28 08:01:31,2026-05-28,OIL.NS,BULL,0.811,,,WATCH,532.33,510.48,576.03,597.88,557.0,2.0,3.0,21.85,4.1,16,8517.28,349.6,2.99,0.55,5.27,0.43,3,531.0,-8.1,488.0
2026-05-28 08:01:31,2026-05-28,TIINDIA.NS,BULL,0.811,,,READY,3232.96,3055.18,3588.52,3766.3,3479.8,2.0,3.0,177.78,5.5,1,3232.96,177.78,3.69,10.03,8.33,0.82,3,3224.9,-0.45,3210.5
2026-05-29 13:25:30,2026-05-29,KOTAKBANK.NS,NEUTRAL,0.482,,,WATCH,396.14,382.79,422.84,436.19,409.3,2.0,3.0,13.35,3.37,26,10299.64,347.1,2.3,1.84,3.65,0.62,3,395.15,-2.16,386.9
2026-05-29 13:25:30,2026-05-29,TECHM.NS,NEUTRAL,0.482,,,WATCH,1510.57,1447.86,1635.99,1698.7,1592.1,2.0,3.0,62.71,4.15,5,7552.85,313.55,2.81,1.84,5.88,0.62,3,1506.8,-1.37,1486.3
2026-05-29 13:25:30,2026-05-29,LT.NS,NEUTRAL,0.482,,,READY,4138.32,4029.45,4356.06,4464.93,4355.9,2.0,3.0,108.87,2.63,3,12414.96,326.61,1.77,4.4,5.65,0.72,3,4128.0,-0.41,4112.2
2026-05-29 13:25:30,2026-05-29,ASIANPAINT.NS,NEUTRAL,0.482,,,READY,2702.74,2616.0,2876.22,2962.96,2791.8,2.0,3.0,86.74,3.21,8,21621.92,693.92,2.17,10.12,3.61,0.85,3,2696.0,-1.04,2662.0
2026-05-29 13:25:30,2026-05-29,BAJAJ-AUTO.NS,NEUTRAL,0.482,,,WATCH,10861.08,10476.33,11630.58,12015.33,11237.0,2.0,3.0,384.75,3.54,0,0.0,0.0,2.43,6.62,3.8,0.92,3,10834.0,-2.55,10567.0
2026-05-29 13:25:30,2026-05-29,HINDALCO.NS,NEUTRAL,0.482,,,WATCH,1178.94,1129.42,1277.98,1327.5,1270.8,2.0,3.0,49.52,4.2,7,8252.58,346.64,2.88,11.39,8.45,1.15,3,1176.0,-2.54,1146.7
2026-05-29 13:25:30,2026-05-29,JSWSTEEL.NS,NEUTRAL,0.482,,,WATCH,1331.32,1292.44,1409.08,1447.96,1377.9,2.0,3.0,38.88,2.92,9,11981.88,349.92,2.01,2.75,3.86,0.67,3,1328.0,-3.09,1287.9
2026-05-29 13:25:30,2026-05-29,ADANIPORTS.NS,NEUTRAL,0.482,,,WATCH,1847.41,1782.55,1977.13,2041.99,1905.1,2.0,3.0,64.86,3.51,11,20321.51,713.46,2.39,10.03,3.45,0.6,3,1842.8,-1.93,1808.3
2026-05-29 13:25:30,2026-05-29,APOLLOHOSP.NS,NEUTRAL,0.482,,,WATCH,8464.11,8220.09,8952.15,9196.17,8716.0,2.0,3.0,244.02,2.88,3,25392.33,732.06,1.96,9.46,3.28,0.81,3,8443.0,-1.88,8282.5
2026-05-29 13:25:30,2026-05-29,POLYCAB.NS,NEUTRAL,0.482,,,WATCH,9771.37,9469.82,10374.47,10676.02,10300.0,2.0,3.0,301.55,3.09,2,19542.74,603.1,2.09,19.35,5.82,0.58,3,9747.0,-1.51,9604.0
2026-05-29 13:25:30,2026-05-29,GRASIM.NS,NEUTRAL,0.482,,,WATCH,3205.49,3096.47,3423.53,3532.55,3266.9,2.0,3.0,109.02,3.4,6,19232.94,654.12,2.31,13.36,2.2,0.7,3,3197.5,-1.78,3139.4
2026-05-29 13:25:30,2026-05-29,INDUSINDBK.NS,NEUTRAL,0.482,,,WATCH,960.29,927.46,1025.95,1058.78,995.4,2.0,3.0,32.83,3.42,10,9602.9,328.3,2.38,1.35,4.06,0.82,3,957.9,-4.02,919.9
2026-05-29 13:25:30,2026-05-29,HAL.NS,NEUTRAL,0.482,,,WATCH,4848.39,4659.3,5226.57,5415.66,4964.8,2.0,3.0,189.09,3.9,1,4848.39,189.09,2.88,1.86,2.92,0.59,2,4836.3,-9.5,4379.0
2026-05-29 13:25:30,2026-05-29,PIDILITIND.NS,NEUTRAL,0.482,,,WATCH,1518.79,1472.26,1611.85,1658.38,1564.4,2.0,3.0,46.53,3.06,16,24300.64,744.48,2.11,7.87,3.34,0.49,3,1515.0,-2.94,1470.0
2026-05-29 13:25:30,2026-05-29,BERGEPAINT.NS,NEUTRAL,0.482,,,WATCH,541.7,509.79,605.52,637.43,574.0,2.0,3.0,31.91,5.89,23,12459.1,733.93,4.18,8.54,6.58,0.29,3,540.35,-5.83,508.6
2026-05-29 13:25:30,2026-05-29,DABUR.NS,NEUTRAL,0.482,,,WATCH,491.73,476.49,522.21,537.45,505.95,2.0,3.0,15.24,3.1,22,10818.06,335.28,2.28,1.75,3.45,0.47,2,490.5,-9.3,444.9
2026-05-29 13:25:30,2026-05-29,DLF.NS,NEUTRAL,0.482,,,WATCH,621.55,596.41,671.83,696.97,643.8,2.0,3.0,25.14,4.04,13,8080.15,326.82,2.82,2.14,4.03,0.72,3,620.0,-4.23,594.0
2026-05-29 13:25:30,2026-05-29,KEI.NS,NEUTRAL,0.482,,,WATCH,5489.99,5252.04,5965.89,6203.84,5720.0,2.0,3.0,237.95,4.33,3,16469.97,713.85,2.97,10.95,4.57,0.59,3,5476.3,-2.46,5340.3
2026-05-29 13:25:30,2026-05-29,SRF.NS,NEUTRAL,0.482,,,WATCH,2839.18,2740.06,3037.42,3136.54,2978.4,2.0,3.0,99.12,3.49,3,8517.54,297.36,2.45,8.14,5.4,0.65,3,2832.1,-4.7,2699.3
2026-05-29 13:25:30,2026-05-29,ZYDUSLIFE.NS,NEUTRAL,0.482,,,WATCH,1118.29,1068.79,1217.29,1266.79,1194.2,2.0,3.0,49.5,4.43,7,7828.03,346.5,3.0,24.44,7.32,0.83,3,1115.5,-1.29,1101.6
2026-05-29 13:25:30,2026-05-29,DIXON.NS,NEUTRAL,0.482,,,WATCH,11954.81,11313.02,13238.39,13880.18,12589.0,2.0,3.0,641.79,5.37,0,0.0,0.0,3.66,5.61,5.66,0.85,3,11925.0,-2.03,11684.0
2026-05-29 13:25:30,2026-05-29,SYRMA.NS,NEUTRAL,0.482,,,WATCH,1190.97,1115.07,1342.77,1418.67,1269.5,2.0,3.0,75.9,6.37,9,10718.73,683.1,4.6,15.58,7.68,0.52,3,1188.0,-7.5,1099.45
2026-05-29 13:25:30,2026-05-29,PERSISTENT.NS,NEUTRAL,0.482,,,READY,5291.19,5042.96,5787.65,6035.88,5631.0,2.0,3.0,248.23,4.69,1,5291.19,248.23,3.17,9.82,6.94,0.77,2,5278.0,-1.02,5221.1
2026-05-29 13:25:30,2026-05-29,COFORGE.NS,NEUTRAL,0.482,,,READY,1450.62,1374.1,1603.66,1680.18,1522.3,2.0,3.0,76.52,5.27,9,13055.58,688.68,3.55,21.14,5.35,0.4,3,1447.0,-0.69,1437.0
2026-05-29 13:25:30,2026-05-29,KPITTECH.NS,NEUTRAL,0.482,,,WATCH,799.49,762.12,874.23,911.6,850.6,2.0,3.0,37.37,4.67,9,7195.41,336.33,3.17,4.43,6.9,0.54,3,797.5,-1.54,784.75
2026-05-29 13:25:30,2026-05-29,MOTILALOFS.NS,NEUTRAL,0.482,,,WATCH,911.27,873.67,986.47,1024.07,981.0,2.0,3.0,37.6,4.13,9,8201.43,338.4,2.82,12.09,8.23,0.94,3,909.0,-2.18,889.05
2026-05-29 13:25:30,2026-05-29,BSE.NS,NEUTRAL,0.482,,,WATCH,4457.92,4263.58,4846.6,5040.94,4742.4,2.0,3.0,194.34,4.36,1,4457.92,194.34,3.11,15.25,6.94,0.77,3,4446.8,-6.45,4162.3
2026-05-29 13:25:30,2026-05-29,CGPOWER.NS,NEUTRAL,0.482,,,WATCH,946.46,904.25,1030.88,1073.09,1030.2,2.0,3.0,42.21,4.46,8,7571.68,337.68,3.06,14.17,9.63,0.92,3,944.1,-2.48,920.75
2026-05-29 13:25:30,2026-05-29,LALPATHLAB.NS,NEUTRAL,0.482,,,WATCH,1724.2,1638.34,1895.92,1981.78,1812.7,2.0,3.0,85.86,4.98,8,13793.6,686.88,3.57,18.35,5.75,0.29,3,1719.9,-6.7,1605.0
2026-05-29 13:25:30,2026-05-29,TIINDIA.NS,NEUTRAL,0.482,,,WATCH,3258.12,3081.27,3611.82,3788.67,3530.0,2.0,3.0,176.85,5.43,1,3258.12,176.85,3.69,9.36,9.03,0.81,3,3250.0,-1.69,3195.0
2026-05-29 15:08:28,2026-05-29,KOTAKBANK.NS,NEUTRAL,0.445,,,WATCH,396.14,382.46,423.5,437.18,409.3,2.0,3.0,13.68,3.45,25,9903.5,342.0,2.37,2.33,3.65,0.72,3,395.15,-2.59,385.1
2026-05-29 15:08:28,2026-05-29,TECHM.NS,NEUTRAL,0.445,,,WATCH,1510.57,1447.3,1637.11,1700.38,1597.3,2.0,3.0,63.27,4.19,5,7552.85,316.35,2.84,2.64,6.24,0.71,3,1506.8,-1.51,1484.4
2026-05-29 15:08:28,2026-05-29,ASIANPAINT.NS,NEUTRAL,0.445,,,WATCH,2755.07,2660.21,2944.79,3039.65,2896.2,2.0,3.0,94.86,3.44,3,8265.21,284.58,2.36,11.4,5.57,1.23,3,2748.2,-2.61,2670.9
2026-05-29 15:08:28,2026-05-29,BAJAJ-AUTO.NS,NEUTRAL,0.445,,,WATCH,10861.08,10469.53,11644.18,12035.73,11237.0,2.0,3.0,391.55,3.61,0,0.0,0.0,2.49,6.71,3.81,0.96,3,10834.0,-3.33,10471.5
2026-05-29 15:08:28,2026-05-29,HINDALCO.NS,NEUTRAL,0.445,,,WATCH,1178.94,1127.82,1281.18,1332.3,1270.8,2.0,3.0,51.12,4.34,6,7073.64,306.72,3.03,10.19,8.49,1.25,3,1176.0,-4.43,1125.5
2026-05-29 15:08:28,2026-05-29,ADANIPORTS.NS,NEUTRAL,0.445,,,WATCH,1847.41,1782.35,1977.53,2042.59,1905.1,2.0,3.0,65.06,3.52,11,20321.51,715.66,2.4,10.78,3.45,0.65,3,1842.8,-2.09,1801.6
2026-05-29 15:08:28,2026-05-29,APOLLOHOSP.NS,NEUTRAL,0.445,,,WATCH,8464.11,8217.79,8956.75,9203.07,8731.0,2.0,3.0,246.32,2.91,1,8464.11,246.32,2.01,9.0,3.47,0.92,3,8443.0,-3.14,8190.5
2026-05-29 15:08:28,2026-05-29,POLYCAB.NS,NEUTRAL,0.445,,,WATCH,9771.37,9457.44,10399.23,10713.16,10300.0,2.0,3.0,313.93,3.21,2,19542.74,627.86,2.21,18.86,5.83,0.62,3,9747.0,-2.69,9494.5
2026-05-29 15:08:28,2026-05-29,GRASIM.NS,NEUTRAL,0.445,,,WATCH,3205.49,3095.36,3425.75,3535.88,3275.0,2.0,3.0,110.13,3.44,6,19232.94,660.78,2.35,13.57,2.46,0.76,3,3197.5,-2.41,3120.6
2026-05-29 15:08:28,2026-05-29,HAL.NS,NEUTRAL,0.445,,,WATCH,4848.39,4652.05,5241.07,5437.41,5018.0,2.0,3.0,196.34,4.05,1,4848.39,196.34,3.04,1.1,4.14,0.74,2,4836.3,-11.02,4300.0
2026-05-29 15:08:28,2026-05-29,PIDILITIND.NS,NEUTRAL,0.445,,,WATCH,1518.79,1471.81,1612.75,1659.73,1564.4,2.0,3.0,46.98,3.09,15,22781.85,704.7,2.11,9.75,3.34,0.67,3,1515.0,-2.08,1481.5
2026-05-29 15:08:28,2026-05-29,BERGEPAINT.NS,NEUTRAL,0.445,,,WATCH,541.7,509.28,606.54,638.96,574.0,2.0,3.0,32.42,5.98,10,5417.0,324.2,4.29,8.42,6.59,0.32,3,540.35,-6.75,502.9
2026-05-29 15:08:28,2026-05-29,KEI.NS,NEUTRAL,0.445,,,WATCH,5489.99,5246.95,5976.07,6219.11,5720.0,2.0,3.0,243.04,4.43,3,16469.97,729.12,3.07,10.47,4.59,0.61,3,5476.3,-3.71,5285.2
2026-05-29 15:08:28,2026-05-29,SRF.NS,NEUTRAL,0.445,,,WATCH,2839.18,2738.76,3040.02,3140.44,2978.4,2.0,3.0,100.42,3.54,3,8517.54,301.26,2.47,9.63,5.4,0.84,3,2832.1,-4.21,2714.2
2026-05-29 15:08:28,2026-05-29,ZYDUSLIFE.NS,NEUTRAL,0.445,,,WATCH,1118.29,1067.79,1219.29,1269.79,1194.2,2.0,3.0,50.5,4.52,6,6709.74,303.0,3.13,22.68,7.35,0.9,3,1115.5,-3.44,1075.9
2026-05-29 15:08:28,2026-05-29,SYRMA.NS,NEUTRAL,0.445,,,WATCH,1190.97,1114.79,1343.33,1419.51,1272.1,2.0,3.0,76.18,6.4,9,10718.73,685.62,4.67,15.24,7.94,0.56,3,1188.0,-8.53,1085.2
2026-05-29 15:08:28,2026-05-29,COFORGE.NS,NEUTRAL,0.445,,,WATCH,1453.42,1376.38,1607.5,1684.54,1529.9,2.0,3.0,77.04,5.3,9,13080.78,693.36,3.63,20.29,5.71,0.43,3,1449.8,-2.36,1416.0
2026-05-29 15:08:28,2026-05-29,KPITTECH.NS,NEUTRAL,0.445,,,WATCH,799.49,762.12,874.23,911.6,850.6,2.0,3.0,37.37,4.67,9,7195.41,336.33,3.22,3.91,6.92,0.55,3,797.5,-2.93,773.7
2026-05-29 15:08:28,2026-05-29,MOTILALOFS.NS,NEUTRAL,0.445,,,WATCH,911.27,872.91,987.99,1026.35,981.0,2.0,3.0,38.36,4.21,9,8201.43,345.24,2.91,11.63,8.25,0.96,3,909.0,-3.42,877.95
2026-05-29 15:08:28,2026-05-29,BSE.NS,NEUTRAL,0.445,,,WATCH,4457.92,4262.38,4849.0,5044.54,4753.6,2.0,3.0,195.54,4.39,1,4457.92,195.54,3.14,15.85,7.21,0.82,3,4446.8,-6.73,4148.1
2026-05-29 15:08:28,2026-05-29,CGPOWER.NS,NEUTRAL,0.445,,,WATCH,946.46,903.92,1031.54,1074.08,1030.2,2.0,3.0,42.54,4.49,8,7571.68,340.32,3.09,14.72,9.64,1.02,3,944.1,-2.82,917.55
2026-05-29 15:08:28,2026-05-29,LALPATHLAB.NS,NEUTRAL,0.445,,,WATCH,1724.2,1638.34,1895.92,1981.78,1812.7,2.0,3.0,85.86,4.98,8,13793.6,686.88,3.56,19.65,5.75,0.33,3,1719.9,-6.41,1612.2
2026-05-29 15:08:28,2026-05-29,TIINDIA.NS,NEUTRAL,0.445,,,WATCH,3258.12,3077.13,3620.1,3801.09,3530.0,2.0,3.0,180.99,5.56,1,3258.12,180.99,3.85,8.23,9.07,0.89,3,3250.0,-3.57,3134.1
2026-05-29 15:59:16,2026-05-29,KOTAKBANK.NS,NEUTRAL,0.447,,,WATCH,396.14,382.39,423.64,437.39,409.3,2.0,3.0,13.75,3.47,25,9903.5,343.75,2.39,2.11,3.65,0.9,3,395.15,-2.77,384.20001220703125
2026-05-29 15:59:16,2026-05-29,ASIANPAINT.NS,NEUTRAL,0.447,,,WATCH,2755.07,2660.21,2944.79,3039.65,2896.2,2.0,3.0,94.86,3.44,3,8265.21,284.58,2.37,11.16,5.57,1.41,3,2748.2,-2.79,2671.60009765625
2026-05-29 15:59:16,2026-05-29,BAJAJ-AUTO.NS,NEUTRAL,0.447,,,WATCH,10861.08,10460.63,11661.98,12062.43,11279.5,2.0,3.0,400.45,3.69,0,0.0,0.0,2.55,6.54,4.21,1.02,3,10834.0,-3.45,10460.0
2026-05-29 15:59:16,2026-05-29,HINDALCO.NS,NEUTRAL,0.447,,,WATCH,1178.94,1127.81,1281.2,1332.33,1270.8,2.0,3.0,51.13,4.34,6,7073.64,306.78,3.03,10.42,8.48,1.39,3,1176.0,-4.19,1126.699951171875
2026-05-29 15:59:16,2026-05-29,ADANIPORTS.NS,NEUTRAL,0.447,,,WATCH,1847.41,1782.35,1977.53,2042.59,1905.1,2.0,3.0,65.06,3.52,11,20321.51,715.66,2.4,10.76,3.45,0.71,3,1842.8,-2.07,1804.5999755859375
2026-05-29 15:59:16,2026-05-29,APOLLOHOSP.NS,NEUTRAL,0.447,,,WATCH,8464.11,8216.82,8958.69,9205.98,8740.0,2.0,3.0,247.29,2.92,1,8464.11,247.29,2.02,8.95,3.58,1.09,3,8443.0,-3.16,8176.5
2026-05-29 15:59:16,2026-05-29,POLYCAB.NS,NEUTRAL,0.447,,,WATCH,9771.37,9452.46,10409.19,10728.1,10300.0,2.0,3.0,318.91,3.26,2,19542.74,637.82,2.24,18.73,5.83,0.69,3,9747.0,-2.76,9477.5
2026-05-29 15:59:16,2026-05-29,GRASIM.NS,NEUTRAL,0.447,,,WATCH,3205.49,3094.44,3427.59,3538.64,3283.6,2.0,3.0,111.05,3.46,6,19232.94,666.3,2.37,13.61,2.73,0.87,3,3197.5,-2.35,3122.39990234375
2026-05-29 15:59:16,2026-05-29,PIDILITIND.NS,NEUTRAL,0.447,,,WATCH,1518.79,1470.52,1615.33,1663.6,1564.4,2.0,3.0,48.27,3.18,7,10631.53,337.89,2.17,9.66,3.34,1.02,3,1515.0,-2.13,1482.800048828125
2026-05-29 15:59:16,2026-05-29,BERGEPAINT.NS,NEUTRAL,0.447,,,WATCH,541.7,508.44,608.22,641.48,575.35,2.0,3.0,33.26,6.14,10,5417.0,332.6,4.43,7.69,6.87,0.35,2,540.35,-7.36,500.6000061035156
2026-05-29 15:59:16,2026-05-29,KEI.NS,NEUTRAL,0.447,,,WATCH,5489.99,5242.91,5984.15,6231.23,5722.6,2.0,3.0,247.08,4.5,3,16469.97,741.24,3.13,10.31,4.64,0.65,3,5476.3,-3.81,5267.5
2026-05-29 15:59:16,2026-05-29,SRF.NS,NEUTRAL,0.447,,,WATCH,2839.18,2738.76,3040.02,3140.44,2978.4,2.0,3.0,100.42,3.54,3,8517.54,301.26,2.47,9.7,5.4,1.09,3,2832.1,-4.11,2715.800048828125
2026-05-29 15:59:16,2026-05-29,ZYDUSLIFE.NS,NEUTRAL,0.447,,,WATCH,1118.29,1067.23,1220.41,1271.47,1194.2,2.0,3.0,51.06,4.57,6,6709.74,306.36,3.16,22.71,7.35,1.04,3,1115.5,-3.39,1077.699951171875
2026-05-29 15:59:16,2026-05-29,SYRMA.NS,NEUTRAL,0.447,,,WATCH,1190.97,1114.79,1343.33,1419.51,1272.1,2.0,3.0,76.18,6.4,9,10718.73,685.62,4.67,15.39,7.94,0.58,3,1188.0,-8.37,1088.550048828125
2026-05-29 15:59:16,2026-05-29,COFORGE.NS,NEUTRAL,0.447,,,WATCH,1453.42,1376.38,1607.5,1684.54,1529.9,2.0,3.0,77.04,5.3,9,13080.78,693.36,3.61,20.76,5.71,0.46,3,1449.8,-1.93,1421.800048828125
2026-05-29 15:59:16,2026-05-29,KPITTECH.NS,NEUTRAL,0.447,,,WATCH,799.49,761.41,875.65,913.73,850.6,2.0,3.0,38.08,4.76,9,7195.41,342.72,3.29,3.57,6.92,0.56,3,797.5,-3.2,771.9500122070312
2026-05-29 15:59:16,2026-05-29,MOTILALOFS.NS,NEUTRAL,0.447,,,WATCH,911.27,872.86,988.09,1026.5,981.0,2.0,3.0,38.41,4.21,9,8201.43,345.69,2.91,11.78,8.25,0.98,3,909.0,-3.25,879.5
2026-05-29 15:59:16,2026-05-29,BSE.NS,NEUTRAL,0.447,,,WATCH,4457.92,4261.09,4851.58,5048.41,4765.7,2.0,3.0,196.83,4.42,1,4457.92,196.83,3.16,15.76,7.49,0.84,3,4446.8,-6.76,4146.10009765625
2026-05-29 15:59:16,2026-05-29,CGPOWER.NS,NEUTRAL,0.447,,,WATCH,946.46,903.35,1032.68,1075.79,1030.2,2.0,3.0,43.11,4.55,8,7571.68,344.88,3.13,14.67,9.64,1.16,3,944.1,-2.82,917.4500122070312
2026-05-29 15:59:16,2026-05-29,LALPATHLAB.NS,NEUTRAL,0.447,,,WATCH,1724.2,1636.83,1898.94,1986.31,1814.8,2.0,3.0,87.37,5.07,8,13793.6,698.96,3.62,19.44,5.88,0.35,3,1719.9,-6.54,1607.4000244140625
2026-05-29 16:08:57,2026-05-29,KOTAKBANK.NS,NEUTRAL,0.447,,,WATCH,396.14,382.39,423.64,437.39,409.3,2.0,3.0,13.75,3.47,25,9903.5,343.75,2.39,2.11,3.65,0.9,3,395.15,-2.77,384.20001220703125
2026-05-29 16:08:57,2026-05-29,ASIANPAINT.NS,NEUTRAL,0.447,,,WATCH,2755.07,2660.21,2944.79,3039.65,2896.2,2.0,3.0,94.86,3.44,3,8265.21,284.58,2.37,11.16,5.57,1.41,3,2748.2,-2.79,2671.60009765625
2026-05-29 16:08:57,2026-05-29,BAJAJ-AUTO.NS,NEUTRAL,0.447,,,WATCH,10861.08,10460.63,11661.98,12062.43,11279.5,2.0,3.0,400.45,3.69,0,0.0,0.0,2.55,6.54,4.21,1.02,3,10834.0,-3.45,10460.0
2026-05-29 16:08:57,2026-05-29,HINDALCO.NS,NEUTRAL,0.447,,,WATCH,1178.94,1127.81,1281.2,1332.33,1270.8,2.0,3.0,51.13,4.34,6,7073.64,306.78,3.03,10.42,8.48,1.39,3,1176.0,-4.19,1126.699951171875
2026-05-29 16:08:57,2026-05-29,ADANIPORTS.NS,NEUTRAL,0.447,,,WATCH,1847.41,1782.35,1977.53,2042.59,1905.1,2.0,3.0,65.06,3.52,11,20321.51,715.66,2.4,10.76,3.45,0.71,3,1842.8,-2.07,1804.5999755859375
2026-05-29 16:08:57,2026-05-29,APOLLOHOSP.NS,NEUTRAL,0.447,,,WATCH,8464.11,8216.82,8958.69,9205.98,8740.0,2.0,3.0,247.29,2.92,1,8464.11,247.29,2.02,8.95,3.58,1.09,3,8443.0,-3.16,8176.5
2026-05-29 16:08:57,2026-05-29,POLYCAB.NS,NEUTRAL,0.447,,,WATCH,9771.37,9452.46,10409.19,10728.1,10300.0,2.0,3.0,318.91,3.26,2,19542.74,637.82,2.24,18.73,5.83,0.69,3,9747.0,-2.76,9477.5
2026-05-29 16:08:57,2026-05-29,GRASIM.NS,NEUTRAL,0.447,,,WATCH,3205.49,3094.44,3427.59,3538.64,3283.6,2.0,3.0,111.05,3.46,6,19232.94,666.3,2.37,13.61,2.73,0.87,3,3197.5,-2.35,3122.39990234375
2026-05-29 16:08:57,2026-05-29,PIDILITIND.NS,NEUTRAL,0.447,,,WATCH,1518.79,1470.52,1615.33,1663.6,1564.4,2.0,3.0,48.27,3.18,7,10631.53,337.89,2.17,9.66,3.34,1.02,3,1515.0,-2.13,1482.800048828125
2026-05-29 16:08:57,2026-05-29,BERGEPAINT.NS,NEUTRAL,0.447,,,WATCH,541.7,508.44,608.22,641.48,575.35,2.0,3.0,33.26,6.14,10,5417.0,332.6,4.43,7.69,6.87,0.35,2,540.35,-7.36,500.6000061035156
2026-05-29 16:08:57,2026-05-29,KEI.NS,NEUTRAL,0.447,,,WATCH,5489.99,5242.91,5984.15,6231.23,5722.6,2.0,3.0,247.08,4.5,3,16469.97,741.24,3.13,10.31,4.64,0.65,3,5476.3,-3.81,5267.5
2026-05-29 16:08:57,2026-05-29,SRF.NS,NEUTRAL,0.447,,,WATCH,2839.18,2738.76,3040.02,3140.44,2978.4,2.0,3.0,100.42,3.54,3,8517.54,301.26,2.47,9.7,5.4,1.09,3,2832.1,-4.11,2715.800048828125
2026-05-29 16:08:57,2026-05-29,ZYDUSLIFE.NS,NEUTRAL,0.447,,,WATCH,1118.29,1067.23,1220.41,1271.47,1194.2,2.0,3.0,51.06,4.57,6,6709.74,306.36,3.16,22.71,7.35,1.04,3,1115.5,-3.39,1077.699951171875
2026-05-29 16:08:57,2026-05-29,SYRMA.NS,NEUTRAL,0.447,,,WATCH,1190.97,1114.79,1343.33,1419.51,1272.1,2.0,3.0,76.18,6.4,9,10718.73,685.62,4.67,15.39,7.94,0.58,3,1188.0,-8.37,1088.550048828125
2026-05-29 16:08:57,2026-05-29,COFORGE.NS,NEUTRAL,0.447,,,WATCH,1453.42,1376.38,1607.5,1684.54,1529.9,2.0,3.0,77.04,5.3,9,13080.78,693.36,3.61,20.76,5.71,0.46,3,1449.8,-1.93,1421.800048828125
2026-05-29 16:08:57,2026-05-29,KPITTECH.NS,NEUTRAL,0.447,,,WATCH,799.49,761.41,875.65,913.73,850.6,2.0,3.0,38.08,4.76,9,7195.41,342.72,3.29,3.57,6.92,0.56,3,797.5,-3.2,771.9500122070312
2026-05-29 16:08:57,2026-05-29,MOTILALOFS.NS,NEUTRAL,0.447,,,WATCH,911.27,872.86,988.09,1026.5,981.0,2.0,3.0,38.41,4.21,9,8201.43,345.69,2.91,11.78,8.25,0.98,3,909.0,-3.25,879.5
2026-05-29 16:08:57,2026-05-29,BSE.NS,NEUTRAL,0.447,,,WATCH,4457.92,4261.09,4851.58,5048.41,4765.7,2.0,3.0,196.83,4.42,1,4457.92,196.83,3.16,15.76,7.49,0.84,3,4446.8,-6.76,4146.10009765625
2026-05-29 16:08:57,2026-05-29,CGPOWER.NS,NEUTRAL,0.447,,,WATCH,946.46,903.35,1032.68,1075.79,1030.2,2.0,3.0,43.11,4.55,8,7571.68,344.88,3.13,14.67,9.64,1.16,3,944.1,-2.82,917.4500122070312
2026-05-29 16:08:57,2026-05-29,LALPATHLAB.NS,NEUTRAL,0.447,,,WATCH,1724.2,1636.83,1898.94,1986.31,1814.8,2.0,3.0,87.37,5.07,8,13793.6,698.96,3.62,19.44,5.88,0.35,3,1719.9,-6.54,1607.4000244140625
2026-05-29 19:05:16,2026-05-29,KOTAKBANK.NS,NEUTRAL,0.447,,,WATCH,396.14,382.39,423.64,437.39,409.3,2.0,3.0,13.75,3.47,25,9903.5,343.75,2.39,2.11,3.65,0.9,3,395.15,-2.77,384.20001220703125
2026-05-29 19:05:16,2026-05-29,ASIANPAINT.NS,NEUTRAL,0.447,,,WATCH,2755.07,2660.21,2944.79,3039.65,2896.2,2.0,3.0,94.86,3.44,3,8265.21,284.58,2.37,11.16,5.57,1.41,3,2748.2,-2.79,2671.60009765625
2026-05-29 19:05:16,2026-05-29,BAJAJ-AUTO.NS,NEUTRAL,0.447,,,WATCH,10861.08,10460.63,11661.98,12062.43,11279.5,2.0,3.0,400.45,3.69,0,0.0,0.0,2.55,6.54,4.21,1.02,3,10834.0,-3.45,10460.0
2026-05-29 19:05:16,2026-05-29,HINDALCO.NS,NEUTRAL,0.447,,,WATCH,1178.94,1127.81,1281.2,1332.33,1270.8,2.0,3.0,51.13,4.34,6,7073.64,306.78,3.03,10.42,8.48,1.39,3,1176.0,-4.19,1126.699951171875
2026-05-29 19:05:16,2026-05-29,ADANIPORTS.NS,NEUTRAL,0.447,,,WATCH,1847.41,1782.35,1977.53,2042.59,1905.1,2.0,3.0,65.06,3.52,11,20321.51,715.66,2.4,10.76,3.45,0.71,3,1842.8,-2.07,1804.5999755859375
2026-05-29 19:05:16,2026-05-29,APOLLOHOSP.NS,NEUTRAL,0.447,,,WATCH,8464.11,8216.82,8958.69,9205.98,8740.0,2.0,3.0,247.29,2.92,1,8464.11,247.29,2.02,8.95,3.58,1.09,3,8443.0,-3.16,8176.5
2026-05-29 19:05:16,2026-05-29,POLYCAB.NS,NEUTRAL,0.447,,,WATCH,9771.37,9452.46,10409.19,10728.1,10300.0,2.0,3.0,318.91,3.26,2,19542.74,637.82,2.24,18.73,5.83,0.69,3,9747.0,-2.76,9477.5
2026-05-29 19:05:16,2026-05-29,GRASIM.NS,NEUTRAL,0.447,,,WATCH,3205.49,3094.44,3427.59,3538.64,3283.6,2.0,3.0,111.05,3.46,6,19232.94,666.3,2.37,13.61,2.73,0.87,3,3197.5,-2.35,3122.39990234375
2026-05-29 19:05:16,2026-05-29,PIDILITIND.NS,NEUTRAL,0.447,,,WATCH,1518.79,1470.52,1615.33,1663.6,1564.4,2.0,3.0,48.27,3.18,7,10631.53,337.89,2.17,9.66,3.34,1.02,3,1515.0,-2.13,1482.800048828125
2026-05-29 19:05:16,2026-05-29,BERGEPAINT.NS,NEUTRAL,0.447,,,WATCH,541.7,508.44,608.22,641.48,575.35,2.0,3.0,33.26,6.14,10,5417.0,332.6,4.43,7.69,6.87,0.35,2,540.35,-7.36,500.6000061035156
2026-05-29 19:05:16,2026-05-29,KEI.NS,NEUTRAL,0.447,,,WATCH,5489.99,5242.91,5984.15,6231.23,5722.6,2.0,3.0,247.08,4.5,3,16469.97,741.24,3.13,10.31,4.64,0.65,3,5476.3,-3.81,5267.5
2026-05-29 19:05:16,2026-05-29,SRF.NS,NEUTRAL,0.447,,,WATCH,2839.18,2738.76,3040.02,3140.44,2978.4,2.0,3.0,100.42,3.54,3,8517.54,301.26,2.47,9.7,5.4,1.09,3,2832.1,-4.11,2715.800048828125
2026-05-29 19:05:16,2026-05-29,ZYDUSLIFE.NS,NEUTRAL,0.447,,,WATCH,1118.29,1067.23,1220.41,1271.47,1194.2,2.0,3.0,51.06,4.57,6,6709.74,306.36,3.16,22.71,7.35,1.04,3,1115.5,-3.39,1077.699951171875
2026-05-29 19:05:16,2026-05-29,SYRMA.NS,NEUTRAL,0.447,,,WATCH,1190.97,1114.79,1343.33,1419.51,1272.1,2.0,3.0,76.18,6.4,9,10718.73,685.62,4.67,15.39,7.94,0.58,3,1188.0,-8.37,1088.550048828125
2026-05-29 19:05:16,2026-05-29,COFORGE.NS,NEUTRAL,0.447,,,WATCH,1453.42,1376.38,1607.5,1684.54,1529.9,2.0,3.0,77.04,5.3,9,13080.78,693.36,3.61,20.76,5.71,0.46,3,1449.8,-1.93,1421.800048828125
2026-05-29 19:05:16,2026-05-29,KPITTECH.NS,NEUTRAL,0.447,,,WATCH,799.49,761.41,875.65,913.73,850.6,2.0,3.0,38.08,4.76,9,7195.41,342.72,3.29,3.57,6.92,0.56,3,797.5,-3.2,771.9500122070312
2026-05-29 19:05:16,2026-05-29,MOTILALOFS.NS,NEUTRAL,0.447,,,WATCH,911.27,872.86,988.09,1026.5,981.0,2.0,3.0,38.41,4.21,9,8201.43,345.69,2.91,11.78,8.25,0.98,3,909.0,-3.25,879.5
2026-05-29 19:05:16,2026-05-29,BSE.NS,NEUTRAL,0.447,,,WATCH,4457.92,4261.09,4851.58,5048.41,4765.7,2.0,3.0,196.83,4.42,1,4457.92,196.83,3.16,15.76,7.49,0.84,3,4446.8,-6.76,4146.10009765625
2026-05-29 19:05:16,2026-05-29,CGPOWER.NS,NEUTRAL,0.447,,,WATCH,946.46,903.35,1032.68,1075.79,1030.2,2.0,3.0,43.11,4.55,8,7571.68,344.88,3.13,14.67,9.64,1.16,3,944.1,-2.82,917.4500122070312
2026-05-29 19:05:16,2026-05-29,LALPATHLAB.NS,NEUTRAL,0.447,,,WATCH,1724.2,1636.83,1898.94,1986.31,1814.8,2.0,3.0,87.37,5.07,8,13793.6,698.96,3.62,19.44,5.88,0.35,3,1719.9,-6.54,1607.4000244140625
2026-05-29 19:20:49,2026-05-29,KOTAKBANK.NS,NEUTRAL,0.447,,,WATCH,396.14,382.39,423.64,437.39,409.3,2.0,3.0,13.75,3.47,25,9903.5,343.75,2.39,2.11,3.65,0.9,3,395.15,-2.77,384.20001220703125
2026-05-29 19:20:49,2026-05-29,ASIANPAINT.NS,NEUTRAL,0.447,,,WATCH,2755.07,2660.21,2944.79,3039.65,2896.2,2.0,3.0,94.86,3.44,3,8265.21,284.58,2.37,11.16,5.57,1.41,3,2748.2,-2.79,2671.60009765625
2026-05-29 19:20:49,2026-05-29,BAJAJ-AUTO.NS,NEUTRAL,0.447,,,WATCH,10861.08,10460.63,11661.98,12062.43,11279.5,2.0,3.0,400.45,3.69,0,0.0,0.0,2.55,6.54,4.21,1.02,3,10834.0,-3.45,10460.0
2026-05-29 19:20:49,2026-05-29,HINDALCO.NS,NEUTRAL,0.447,,,WATCH,1178.94,1127.81,1281.2,1332.33,1270.8,2.0,3.0,51.13,4.34,6,7073.64,306.78,3.03,10.42,8.48,1.39,3,1176.0,-4.19,1126.699951171875
2026-05-29 19:20:49,2026-05-29,ADANIPORTS.NS,NEUTRAL,0.447,,,WATCH,1847.41,1782.35,1977.53,2042.59,1905.1,2.0,3.0,65.06,3.52,11,20321.51,715.66,2.4,10.76,3.45,0.71,3,1842.8,-2.07,1804.5999755859375
2026-05-29 19:20:49,2026-05-29,APOLLOHOSP.NS,NEUTRAL,0.447,,,WATCH,8464.11,8216.82,8958.69,9205.98,8740.0,2.0,3.0,247.29,2.92,1,8464.11,247.29,2.02,8.95,3.58,1.09,3,8443.0,-3.16,8176.5
2026-05-29 19:20:49,2026-05-29,POLYCAB.NS,NEUTRAL,0.447,,,WATCH,9771.37,9452.46,10409.19,10728.1,10300.0,2.0,3.0,318.91,3.26,2,19542.74,637.82,2.24,18.73,5.83,0.69,3,9747.0,-2.76,9477.5
2026-05-29 19:20:49,2026-05-29,GRASIM.NS,NEUTRAL,0.447,,,WATCH,3205.49,3094.44,3427.59,3538.64,3283.6,2.0,3.0,111.05,3.46,6,19232.94,666.3,2.37,13.61,2.73,0.87,3,3197.5,-2.35,3122.39990234375
2026-05-29 19:20:49,2026-05-29,PIDILITIND.NS,NEUTRAL,0.447,,,WATCH,1518.79,1470.52,1615.33,1663.6,1564.4,2.0,3.0,48.27,3.18,7,10631.53,337.89,2.17,9.66,3.34,1.02,3,1515.0,-2.13,1482.800048828125
2026-05-29 19:20:49,2026-05-29,BERGEPAINT.NS,NEUTRAL,0.447,,,WATCH,541.7,508.44,608.22,641.48,575.35,2.0,3.0,33.26,6.14,10,5417.0,332.6,4.43,7.69,6.87,0.35,2,540.35,-7.36,500.6000061035156
2026-05-29 19:20:49,2026-05-29,KEI.NS,NEUTRAL,0.447,,,WATCH,5489.99,5242.91,5984.15,6231.23,5722.6,2.0,3.0,247.08,4.5,3,16469.97,741.24,3.13,10.31,4.64,0.65,3,5476.3,-3.81,5267.5
2026-05-29 19:20:49,2026-05-29,SRF.NS,NEUTRAL,0.447,,,WATCH,2839.18,2738.76,3040.02,3140.44,2978.4,2.0,3.0,100.42,3.54,3,8517.54,301.26,2.47,9.7,5.4,1.09,3,2832.1,-4.11,2715.800048828125
2026-05-29 19:20:49,2026-05-29,ZYDUSLIFE.NS,NEUTRAL,0.447,,,WATCH,1118.29,1067.23,1220.41,1271.47,1194.2,2.0,3.0,51.06,4.57,6,6709.74,306.36,3.16,22.71,7.35,1.04,3,1115.5,-3.39,1077.699951171875
2026-05-29 19:20:49,2026-05-29,SYRMA.NS,NEUTRAL,0.447,,,WATCH,1190.97,1114.79,1343.33,1419.51,1272.1,2.0,3.0,76.18,6.4,9,10718.73,685.62,4.67,15.39,7.94,0.58,3,1188.0,-8.37,1088.550048828125
2026-05-29 19:20:49,2026-05-29,COFORGE.NS,NEUTRAL,0.447,,,WATCH,1453.42,1376.38,1607.5,1684.54,1529.9,2.0,3.0,77.04,5.3,9,13080.78,693.36,3.61,20.76,5.71,0.46,3,1449.8,-1.93,1421.800048828125
2026-05-29 19:20:49,2026-05-29,KPITTECH.NS,NEUTRAL,0.447,,,WATCH,799.49,761.41,875.65,913.73,850.6,2.0,3.0,38.08,4.76,9,7195.41,342.72,3.29,3.57,6.92,0.56,3,797.5,-3.2,771.9500122070312
2026-05-29 19:20:49,2026-05-29,MOTILALOFS.NS,NEUTRAL,0.447,,,WATCH,911.27,872.86,988.09,1026.5,981.0,2.0,3.0,38.41,4.21,9,8201.43,345.69,2.91,11.78,8.25,0.98,3,909.0,-3.25,879.5
2026-05-29 19:20:49,2026-05-29,BSE.NS,NEUTRAL,0.447,,,WATCH,4457.92,4261.09,4851.58,5048.41,4765.7,2.0,3.0,196.83,4.42,1,4457.92,196.83,3.16,15.76,7.49,0.84,3,4446.8,-6.76,4146.10009765625
2026-05-29 19:20:49,2026-05-29,CGPOWER.NS,NEUTRAL,0.447,,,WATCH,946.46,903.35,1032.68,1075.79,1030.2,2.0,3.0,43.11,4.55,8,7571.68,344.88,3.13,14.67,9.64,1.16,3,944.1,-2.82,917.4500122070312
2026-05-29 19:20:49,2026-05-29,LALPATHLAB.NS,NEUTRAL,0.447,,,WATCH,1724.2,1636.83,1898.94,1986.31,1814.8,2.0,3.0,87.37,5.07,8,13793.6,698.96,3.62,19.44,5.88,0.35,3,1719.9,-6.54,1607.4000244140625
2026-06-01 10:31:03,2026-06-01,KOTAKBANK.NS,NEUTRAL,0.445,,,WATCH,396.14,383.55,421.32,433.91,410.35,2.0,3.0,12.59,3.18,27,10695.78,339.93,2.21,4.73,3.94,0.81,2,395.15,-3.85,380.0
2026-06-01 10:31:03,2026-06-01,LT.NS,NEUTRAL,0.445,,,WATCH,4138.32,4040.83,4333.3,4430.79,4241.8,2.0,3.0,97.49,2.36,7,28968.24,682.43,1.61,3.16,2.81,0.68,3,4128.0,-2.0,4039.39990234375
2026-06-01 10:31:03,2026-06-01,ASIANPAINT.NS,NEUTRAL,0.445,,,WATCH,2785.75,2692.15,2972.95,3066.55,2926.0,2.0,3.0,93.6,3.36,3,8357.25,280.8,2.29,14.62,5.5,1.17,3,2778.8,-1.87,2726.800048828125
2026-06-01 10:31:03,2026-06-01,BAJAJ-AUTO.NS,NEUTRAL,0.445,,,WATCH,10776.88,10431.01,11468.62,11814.49,11196.01,2.0,3.0,345.87,3.21,2,21553.76,691.74,2.19,8.65,4.23,0.75,3,10750.0,-2.1,10523.0
2026-06-01 10:31:03,2026-06-01,HINDALCO.NS,NEUTRAL,0.445,,,WATCH,1178.94,1131.04,1274.74,1322.64,1257.4,2.0,3.0,47.9,4.06,7,8252.58,335.3,2.82,9.88,7.19,1.02,3,1176.0,-3.62,1132.699951171875
2026-06-01 10:31:03,2026-06-01,JSWSTEEL.NS,NEUTRAL,0.445,,,WATCH,1331.32,1294.31,1405.34,1442.35,1385.7,2.0,3.0,37.01,2.78,9,11981.88,333.09,1.91,5.45,4.45,0.79,3,1328.0,-2.83,1290.0999755859375
2026-06-01 10:31:03,2026-06-01,ADANIPORTS.NS,NEUTRAL,0.445,,,WATCH,1847.41,1784.36,1973.51,2036.56,1904.5,2.0,3.0,63.05,3.41,11,20321.51,693.55,2.36,4.82,3.42,0.63,3,1842.8,-3.16,1784.5
2026-06-01 10:31:03,2026-06-01,ADANIENT.NS,NEUTRAL,0.445,,,WATCH,3035.07,2892.55,3320.11,3462.63,3230.0,2.0,3.0,142.52,4.7,2,6070.14,285.04,3.28,20.01,6.87,0.97,3,3027.5,-4.37,2894.199951171875
2026-06-01 10:31:03,2026-06-01,APOLLOHOSP.NS,NEUTRAL,0.445,,,WATCH,8464.11,8225.13,8942.07,9181.05,8758.5,2.0,3.0,238.98,2.82,3,25392.33,716.94,1.95,7.46,3.83,0.74,3,8443.0,-3.3,8161.0
2026-06-01 10:31:03,2026-06-01,TRENT.NS,NEUTRAL,0.445,,,WATCH,4372.9,4214.28,4690.14,4848.76,4544.5,2.0,3.0,158.62,3.63,2,8745.8,317.24,2.52,3.52,4.3,0.86,3,4362.0,-3.61,4204.2998046875
2026-06-01 10:31:03,2026-06-01,POLYCAB.NS,NEUTRAL,0.445,,,WATCH,9771.37,9450.42,10413.27,10734.22,10198.0,2.0,3.0,320.95,3.28,2,19542.74,641.9,2.27,15.13,4.74,0.63,3,9747.0,-3.5,9404.0
2026-06-01 10:31:03,2026-06-01,GRASIM.NS,NEUTRAL,0.445,,,WATCH,3205.49,3098.12,3420.23,3527.6,3283.6,2.0,3.0,107.37,3.35,6,19232.94,644.22,2.29,11.66,2.73,0.71,3,3197.5,-2.42,3120.0
2026-06-01 10:31:03,2026-06-01,PIDILITIND.NS,NEUTRAL,0.445,,,WATCH,1518.79,1472.95,1610.47,1656.31,1558.8,2.0,3.0,45.84,3.02,16,24300.64,733.44,2.08,10.03,2.96,0.95,3,1515.0,-3.07,1468.300048828125
2026-06-01 10:31:03,2026-06-01,BERGEPAINT.NS,NEUTRAL,0.445,,,WATCH,541.7,511.23,602.64,633.11,575.35,2.0,3.0,30.47,5.62,24,13000.8,731.28,3.97,11.13,6.78,0.28,3,540.35,-5.32,511.3999938964844
2026-06-01 10:31:03,2026-06-01,DIVISLAB.NS,NEUTRAL,0.445,,,WATCH,6985.42,6741.46,7473.34,7717.3,7252.5,2.0,3.0,243.96,3.49,1,6985.42,243.96,2.45,2.41,4.23,0.66,2,6968.0,-4.55,6650.0
2026-06-01 10:31:03,2026-06-01,KEI.NS,NEUTRAL,0.445,,,WATCH,5489.99,5248.14,5973.69,6215.54,5752.6,2.0,3.0,241.85,4.41,1,5489.99,241.85,3.09,5.43,5.21,0.5,3,5476.3,-4.84,5212.5
2026-06-01 10:31:03,2026-06-01,SRF.NS,NEUTRAL,0.445,,,WATCH,2839.18,2753.8,3009.94,3095.32,2929.7,2.0,3.0,85.38,3.01,4,11356.72,341.52,2.12,8.84,3.58,0.91,2,2832.1,-5.2,2683.5
2026-06-01 10:31:03,2026-06-01,ZYDUSLIFE.NS,NEUTRAL,0.445,,,READY,1118.29,1067.56,1219.75,1270.48,1189.5,2.0,3.0,50.73,4.54,6,6709.74,304.38,3.07,24.63,6.83,0.96,3,1115.5,-1.14,1102.4000244140625
2026-06-01 10:31:03,2026-06-01,DIXON.NS,NEUTRAL,0.445,,,WATCH,11954.81,11318.6,13227.23,13863.44,12444.0,2.0,3.0,636.21,5.32,0,0.0,0.0,3.7,2.81,4.46,0.54,3,11925.0,-3.96,11451.0
2026-06-01 10:31:03,2026-06-01,SYRMA.NS,NEUTRAL,0.445,,,WATCH,1190.97,1117.48,1337.95,1411.44,1265.85,2.0,3.0,73.49,6.17,10,11909.7,734.9,4.44,10.7,7.26,0.52,3,1188.0,-7.15,1102.9000244140625
2026-06-01 10:31:03,2026-06-01,PERSISTENT.NS,NEUTRAL,0.445,,,READY,5477.66,5210.53,6011.92,6279.05,5956.5,2.0,3.0,267.13,4.88,1,5477.66,267.13,3.28,15.66,9.52,0.98,2,5464.0,-0.76,5422.5
2026-06-01 10:31:03,2026-06-01,COFORGE.NS,NEUTRAL,0.445,,,READY,1481.29,1407.54,1628.79,1702.54,1573.0,2.0,3.0,73.75,4.98,10,14812.9,737.5,3.33,28.64,6.72,0.38,3,1477.6,-0.16,1475.9000244140625
2026-06-01 10:31:03,2026-06-01,KPITTECH.NS,NEUTRAL,0.445,,,READY,799.49,764.77,868.93,903.65,841.05,2.0,3.0,34.72,4.34,10,7994.9,347.2,2.93,4.69,5.6,0.4,3,797.5,-0.93,789.5
2026-06-01 10:31:03,2026-06-01,MOTILALOFS.NS,NEUTRAL,0.445,,,WATCH,911.27,876.9,980.01,1014.38,953.8,2.0,3.0,34.37,3.77,10,9112.7,343.7,2.64,5.31,5.08,0.88,3,909.0,-4.5,868.0
2026-06-01 10:31:03,2026-06-01,BSE.NS,NEUTRAL,0.445,,,WATCH,4457.92,4266.69,4840.38,5031.61,4861.7,2.0,3.0,191.23,4.29,1,4457.92,191.23,3.13,11.72,9.82,0.68,2,4446.8,-8.41,4072.0
2026-06-01 10:31:03,2026-06-01,CGPOWER.NS,NEUTRAL,0.445,,,WATCH,946.46,906.67,1026.04,1065.83,1024.0,2.0,3.0,39.79,4.2,8,7571.68,318.32,2.94,11.54,8.74,1.04,3,944.1,-4.42,902.0
2026-06-01 10:31:03,2026-06-01,LALPATHLAB.NS,NEUTRAL,0.445,,,WATCH,1724.2,1641.42,1889.76,1972.54,1786.0,2.0,3.0,82.78,4.8,4,6896.8,331.12,3.47,3.6,4.11,0.31,2,1719.9,-7.43,1592.0999755859375
2026-06-01 10:31:03,2026-06-01,OIL.NS,NEUTRAL,0.445,,,WATCH,532.33,514.05,568.89,587.17,555.15,2.0,3.0,18.28,3.43,19,10114.27,347.32,2.53,3.33,4.98,0.5,2,531.0,-9.44,480.8500061035156
2026-06-01 10:31:03,2026-06-01,INDIGO.NS,NEUTRAL,0.445,,,WATCH,4645.48,4458.13,5020.18,5207.53,4886.6,2.0,3.0,187.35,4.03,1,4645.48,187.35,2.76,8.43,5.62,1.14,3,4633.9,-2.48,4519.0
2026-06-01 10:31:03,2026-06-01,TIINDIA.NS,NEUTRAL,0.445,,,WATCH,3258.12,3078.09,3618.18,3798.21,3485.1,2.0,3.0,180.03,5.53,1,3258.12,180.03,3.87,9.14,7.56,0.98,3,3250.0,-4.57,3101.39990234375
2026-06-01 20:18:19,2026-06-01,LT.NS,NEUTRAL,0.42,,,WATCH,4138.32,4037.61,4339.74,4440.45,4253.9,2.0,3.0,100.71,2.43,3,12414.96,302.13,1.67,2.94,3.11,0.75,3,4128.0,-2.84,4010.800048828125
2026-06-01 20:18:19,2026-06-01,ASIANPAINT.NS,NEUTRAL,0.42,,,WATCH,2785.75,2687.34,2982.57,3080.98,2930.9,2.0,3.0,98.41,3.53,3,8357.25,295.23,2.49,11.38,5.72,1.3,3,2778.8,-5.27,2632.39990234375
2026-06-01 20:18:19,2026-06-01,BAJAJ-AUTO.NS,NEUTRAL,0.42,,,WATCH,10776.88,10412.58,11505.48,11869.78,11196.01,2.0,3.0,364.3,3.38,0,0.0,0.0,2.34,7.79,4.24,0.88,3,10750.0,-3.48,10376.0
2026-06-01 20:18:19,2026-06-01,HINDALCO.NS,NEUTRAL,0.42,,,WATCH,1178.94,1131.04,1274.74,1322.64,1257.4,2.0,3.0,47.9,4.06,7,8252.58,335.3,2.8,11.27,7.18,1.17,3,1176.0,-2.95,1141.300048828125
2026-06-01 20:18:19,2026-06-01,JSWSTEEL.NS,NEUTRAL,0.42,,,WATCH,1331.32,1293.18,1407.6,1445.74,1385.7,2.0,3.0,38.14,2.86,9,11981.88,343.26,1.96,6.81,4.45,0.89,3,1328.0,-2.15,1299.4000244140625
2026-06-01 20:18:19,2026-06-01,ADANIPORTS.NS,NEUTRAL,0.42,,,WATCH,1847.41,1783.92,1974.39,2037.88,1908.6,2.0,3.0,63.49,3.44,11,20321.51,698.39,2.37,5.4,3.64,0.68,3,1842.8,-3.22,1783.5
2026-06-01 20:18:19,2026-06-01,ADANIENT.NS,NEUTRAL,0.42,,,WATCH,3035.07,2892.39,3320.43,3463.11,3230.0,2.0,3.0,142.68,4.7,2,6070.14,285.36,3.27,21.23,6.86,1.02,3,3027.5,-3.9,2909.39990234375
2026-06-01 20:18:19,2026-06-01,APOLLOHOSP.NS,NEUTRAL,0.42,,,WATCH,8464.11,8221.11,8950.11,9193.11,8796.0,2.0,3.0,243.0,2.87,1,8464.11,243.0,2.0,7.38,4.3,0.8,3,8443.0,-3.96,8108.5
2026-06-01 20:18:19,2026-06-01,POLYCAB.NS,NEUTRAL,0.42,,,WATCH,9771.37,9447.85,10418.41,10741.93,10198.0,2.0,3.0,323.52,3.31,2,19542.74,647.04,2.27,16.67,4.73,0.69,3,9747.0,-2.73,9480.5
2026-06-01 20:18:19,2026-06-01,GRASIM.NS,NEUTRAL,0.42,,,WATCH,3205.49,3095.04,3426.39,3536.84,3310.7,2.0,3.0,110.45,3.45,6,19232.94,662.7,2.37,11.69,3.6,0.79,3,3197.5,-2.97,3102.60009765625
2026-06-01 20:18:19,2026-06-01,PIDILITIND.NS,NEUTRAL,0.42,,,WATCH,1518.79,1471.42,1613.53,1660.9,1573.1,2.0,3.0,47.37,3.12,7,10631.53,331.59,2.17,9.84,3.94,1.02,3,1515.0,-3.82,1457.199951171875
2026-06-01 20:18:19,2026-06-01,BERGEPAINT.NS,NEUTRAL,0.42,,,WATCH,541.7,511.23,602.64,633.11,575.35,2.0,3.0,30.47,5.62,24,13000.8,731.28,3.96,12.04,6.78,0.36,3,540.35,-5.08,512.9000244140625
2026-06-01 20:18:19,2026-06-01,DIVISLAB.NS,NEUTRAL,0.42,,,WATCH,6985.42,6737.65,7480.96,7728.73,7288.0,2.0,3.0,247.77,3.55,1,6985.42,247.77,2.52,1.59,4.77,0.71,2,6968.0,-5.95,6553.5
2026-06-01 20:18:19,2026-06-01,KEI.NS,NEUTRAL,0.42,,,WATCH,5489.99,5243.53,5982.91,6229.37,5795.6,2.0,3.0,246.46,4.49,1,5489.99,246.46,3.18,5.34,6.03,0.53,3,5476.3,-5.52,5174.0
2026-06-01 20:18:19,2026-06-01,SRF.NS,NEUTRAL,0.42,,,WATCH,2839.18,2753.07,3011.4,3097.51,2934.3,2.0,3.0,86.11,3.03,4,11356.72,344.44,2.13,9.93,3.75,0.98,2,2832.1,-4.8,2696.199951171875
2026-06-01 20:18:19,2026-06-01,ZYDUSLIFE.NS,NEUTRAL,0.42,,,WATCH,1118.29,1067.0,1220.87,1272.16,1189.5,2.0,3.0,51.29,4.59,6,6709.74,307.74,3.13,23.98,6.84,1.06,3,1115.5,-2.18,1091.199951171875
2026-06-01 20:18:19,2026-06-01,DIXON.NS,NEUTRAL,0.42,,,WATCH,11954.81,11318.6,13227.23,13863.44,12444.0,2.0,3.0,636.21,5.32,0,0.0,0.0,3.7,3.54,4.46,0.59,3,11925.0,-3.87,11463.0
2026-06-01 20:18:19,2026-06-01,SYRMA.NS,NEUTRAL,0.42,,,WATCH,1190.97,1117.37,1338.17,1411.77,1266.85,2.0,3.0,73.6,6.18,10,11909.7,736.0,4.43,11.77,7.35,0.6,3,1188.0,-6.79,1107.300048828125
2026-06-01 20:18:19,2026-06-01,COFORGE.NS,NEUTRAL,0.42,,,WATCH,1501.95,1426.0,1653.85,1729.8,1614.2,2.0,3.0,75.95,5.06,9,13517.55,683.55,3.47,28.07,8.19,0.52,3,1498.2,-2.47,1461.199951171875
2026-06-01 20:18:19,2026-06-01,KPITTECH.NS,NEUTRAL,0.42,,,WATCH,807.86,771.76,880.06,916.16,857.75,2.0,3.0,36.1,4.47,9,7270.74,324.9,3.06,4.81,6.68,0.51,3,805.85,-2.45,786.0999755859375
2026-06-01 20:18:19,2026-06-01,BSE.NS,NEUTRAL,0.42,,,WATCH,4457.92,4266.69,4840.38,5031.61,4861.7,2.0,3.0,191.23,4.29,1,4457.92,191.23,3.13,12.19,9.83,0.76,2,4446.8,-8.55,4066.60009765625
2026-06-01 20:18:19,2026-06-01,CGPOWER.NS,NEUTRAL,0.42,,,WATCH,946.46,906.16,1027.06,1067.36,1024.0,2.0,3.0,40.3,4.26,8,7571.68,322.4,3.0,11.21,8.76,1.11,3,944.1,-5.27,894.3499755859375
2026-06-01 20:18:19,2026-06-01,LALPATHLAB.NS,NEUTRAL,0.42,,,WATCH,1724.2,1639.77,1893.06,1977.49,1801.4,2.0,3.0,84.43,4.9,4,6896.8,337.72,3.57,3.3,5.08,0.33,2,1719.9,-8.29,1577.300048828125
2026-06-01 20:18:19,2026-06-01,OIL.NS,NEUTRAL,0.42,,,WATCH,532.33,513.77,569.45,588.01,555.15,2.0,3.0,18.56,3.49,18,9581.94,334.08,2.56,4.37,4.98,0.54,2,531.0,-9.09,482.75
2026-06-03 14:01:48,2026-06-03,HINDALCO.NS,NEUTRAL,0.432,,,WATCH,1178.94,1132.64,1271.54,1317.84,1230.0,2.0,3.0,46.3,3.93,7,8252.58,324.1,2.71,11.8,4.73,0.99,3,1176.0,-3.2,1138.300048828125
2026-06-03 14:01:48,2026-06-03,JSWSTEEL.NS,NEUTRAL,0.432,,,READY,1331.32,1294.98,1404.0,1440.34,1374.6,2.0,3.0,36.34,2.73,20,26626.4,726.8,1.85,6.2,3.58,0.72,3,1328.0,-1.2,1311.9000244140625
2026-06-03 14:01:48,2026-06-03,ADANIPORTS.NS,NEUTRAL,0.432,,,WATCH,1847.41,1790.6,1961.03,2017.84,1938.3,2.0,3.0,56.81,3.08,6,11084.46,340.86,2.1,8.1,5.29,0.73,3,1842.8,-2.08,1804.300048828125
2026-06-03 14:01:48,2026-06-03,ADANIENT.NS,NEUTRAL,0.432,,,WATCH,3035.07,2909.65,3285.91,3411.33,3157.3,2.0,3.0,125.42,4.13,5,15175.35,627.1,2.85,20.66,4.41,0.64,3,3027.5,-3.11,2932.0
2026-06-03 14:01:48,2026-06-03,APOLLOHOSP.NS,NEUTRAL,0.432,,,WATCH,8464.11,8197.11,8998.11,9265.11,8952.0,2.0,3.0,267.0,3.15,1,8464.11,267.0,2.15,9.51,6.22,0.98,3,8443.0,-2.03,8272.0
2026-06-03 14:01:48,2026-06-03,POLYCAB.NS,NEUTRAL,0.432,,,WATCH,9771.37,9453.53,10407.05,10724.89,10173.5,2.0,3.0,317.84,3.25,2,19542.74,635.68,2.21,17.68,4.47,0.59,3,9747.0,-1.83,9561.0
2026-06-03 14:01:48,2026-06-03,GRASIM.NS,NEUTRAL,0.432,,,WATCH,3205.49,3106.69,3403.09,3501.89,3327.8,2.0,3.0,98.8,3.08,7,22438.43,691.6,2.13,8.56,4.18,0.61,3,3197.5,-3.16,3096.60009765625
2026-06-03 14:01:48,2026-06-03,CUMMINSIND.NS,NEUTRAL,0.432,,,WATCH,6115.25,5849.59,6646.57,6912.23,6593.0,2.0,3.0,265.66,4.34,1,6115.25,265.66,3.1,9.64,8.5,1.33,3,6100.0,-6.4,5710.5
2026-06-03 14:01:48,2026-06-03,PIDILITIND.NS,NEUTRAL,0.432,,,WATCH,1518.79,1478.68,1599.01,1639.12,1585.7,2.0,3.0,40.11,2.64,8,12150.32,320.88,1.82,5.36,4.81,1.12,3,1515.0,-2.94,1470.4000244140625
2026-06-03 14:01:48,2026-06-03,BERGEPAINT.NS,NEUTRAL,0.432,,,WATCH,541.7,516.98,591.14,615.86,575.35,2.0,3.0,24.72,4.56,14,7583.8,346.08,3.3,6.38,6.87,0.31,2,540.35,-7.47,500.0
2026-06-03 14:01:48,2026-06-03,KEI.NS,NEUTRAL,0.432,,,WATCH,5489.99,5281.17,5907.63,6116.45,5885.1,2.0,3.0,208.82,3.8,1,5489.99,208.82,2.66,6.52,7.75,0.47,3,5476.3,-4.31,5239.0
2026-06-03 14:01:48,2026-06-03,ZYDUSLIFE.NS,NEUTRAL,0.432,,,WATCH,1118.29,1072.64,1209.59,1255.24,1182.1,2.0,3.0,45.65,4.08,7,7828.03,319.55,2.83,18.43,6.16,0.78,3,1115.5,-3.51,1076.199951171875
2026-06-03 14:01:48,2026-06-03,DIXON.NS,NEUTRAL,0.432,,,WATCH,11954.81,11462.27,12939.89,13432.43,12603.0,2.0,3.0,492.54,4.12,0,0.0,0.0,2.91,6.11,5.88,0.45,3,11925.0,-5.38,11280.0
2026-06-03 14:01:48,2026-06-03,KPITTECH.NS,NEUTRAL,0.432,,,WATCH,828.06,787.15,909.88,950.79,887.65,2.0,3.0,40.91,4.94,8,6624.48,327.28,3.49,12.24,7.86,0.76,3,826.0,-5.28,782.0
2026-06-03 14:01:48,2026-06-03,CGPOWER.NS,NEUTRAL,0.432,,,WATCH,946.46,906.3,1026.78,1066.94,1005.15,2.0,3.0,40.16,4.24,8,7571.68,321.28,2.95,9.67,6.69,1.0,3,944.1,-3.82,907.9500122070312
2026-06-03 14:01:48,2026-06-03,THERMAX.NS,NEUTRAL,0.432,,,WATCH,5087.69,4807.72,5647.63,5927.6,5559.4,2.0,3.0,279.97,5.5,1,5087.69,279.97,3.92,17.84,9.97,1.02,3,5075.0,-6.16,4764.2998046875
2026-06-03 14:01:48,2026-06-03,OIL.NS,NEUTRAL,0.432,,,WATCH,532.33,515.97,565.05,581.41,554.1,2.0,3.0,16.36,3.07,45,23954.85,736.2,2.22,12.55,4.77,0.66,3,531.0,-7.4,491.70001220703125
2026-06-03 14:01:48,2026-06-03,COALINDIA.NS,NEUTRAL,0.432,,,READY,479.75,459.71,519.83,539.87,501.2,2.0,3.0,20.04,4.18,17,8155.75,340.68,2.83,5.28,4.84,1.64,3,478.55,-1.21,472.75
2026-06-03 14:37:00,2026-06-03,HINDALCO.NS,NEUTRAL,0.438,,,WATCH,1178.94,1132.64,1271.54,1317.84,1230.0,2.0,3.0,46.3,3.93,7,8252.58,324.1,2.7,11.98,4.73,1.0,3,1176.0,-2.89,1142.0
2026-06-03 14:37:00,2026-06-03,JSWSTEEL.NS,NEUTRAL,0.438,,,READY,1331.32,1294.71,1404.54,1441.15,1375.2,2.0,3.0,36.61,2.75,20,26626.4,732.2,1.86,6.27,3.62,0.73,3,1328.0,-0.98,1314.800048828125
2026-06-03 14:37:00,2026-06-03,ADANIPORTS.NS,NEUTRAL,0.438,,,WATCH,1847.41,1790.6,1961.03,2017.84,1938.3,2.0,3.0,56.81,3.08,6,11084.46,340.86,2.1,7.99,5.29,0.74,3,1842.8,-2.04,1804.5
2026-06-03 14:37:00,2026-06-03,ADANIENT.NS,NEUTRAL,0.438,,,WATCH,3035.07,2909.65,3285.91,3411.33,3157.3,2.0,3.0,125.42,4.13,5,15175.35,627.1,2.85,20.37,4.41,0.65,3,3027.5,-3.22,2931.800048828125
2026-06-03 14:37:00,2026-06-03,APOLLOHOSP.NS,NEUTRAL,0.438,,,WATCH,8464.11,8197.11,8998.11,9265.11,8952.0,2.0,3.0,267.0,3.15,1,8464.11,267.0,2.14,9.73,6.22,0.99,3,8443.0,-1.68,8301.0
2026-06-03 14:37:00,2026-06-03,POLYCAB.NS,NEUTRAL,0.438,,,WATCH,9771.37,9453.53,10407.05,10724.89,10173.5,2.0,3.0,317.84,3.25,2,19542.74,635.68,2.21,17.91,4.47,0.6,3,9747.0,-1.49,9606.5
2026-06-03 14:37:00,2026-06-03,GRASIM.NS,NEUTRAL,0.438,,,WATCH,3205.49,3106.69,3403.09,3501.89,3327.8,2.0,3.0,98.8,3.08,7,22438.43,691.6,2.12,8.69,4.18,0.62,3,3197.5,-2.88,3105.699951171875
2026-06-03 14:37:00,2026-06-03,CUMMINSIND.NS,NEUTRAL,0.438,,,WATCH,6115.25,5849.59,6646.57,6912.23,6593.0,2.0,3.0,265.66,4.34,1,6115.25,265.66,3.1,9.38,8.5,1.34,3,6100.0,-6.49,5702.0
2026-06-03 14:37:00,2026-06-03,BERGEPAINT.NS,NEUTRAL,0.438,,,WATCH,541.7,516.98,591.14,615.86,575.35,2.0,3.0,24.72,4.56,14,7583.8,346.08,3.3,6.11,6.87,0.33,2,540.35,-7.56,499.54998779296875
2026-06-03 14:37:00,2026-06-03,KEI.NS,NEUTRAL,0.438,,,WATCH,5489.99,5281.17,5907.63,6116.45,5885.1,2.0,3.0,208.82,3.8,1,5489.99,208.82,2.66,6.4,7.74,0.49,3,5476.3,-4.27,5242.5
2026-06-03 14:37:00,2026-06-03,ZYDUSLIFE.NS,NEUTRAL,0.438,,,WATCH,1118.29,1072.34,1210.19,1256.14,1182.1,2.0,3.0,45.95,4.11,7,7828.03,321.65,2.84,18.53,6.15,0.78,3,1115.5,-3.3,1078.800048828125
2026-06-03 14:37:00,2026-06-03,DIXON.NS,NEUTRAL,0.438,,,WATCH,11954.81,11462.27,12939.89,13432.43,12603.0,2.0,3.0,492.54,4.12,0,0.0,0.0,2.92,5.69,5.89,0.46,3,11925.0,-5.61,11260.0
2026-06-03 14:37:00,2026-06-03,KPITTECH.NS,NEUTRAL,0.438,,,WATCH,828.06,787.15,909.88,950.79,887.65,2.0,3.0,40.91,4.94,8,6624.48,327.28,3.5,11.6,7.87,0.77,3,826.0,-5.69,779.0
2026-06-03 14:37:00,2026-06-03,CGPOWER.NS,NEUTRAL,0.438,,,WATCH,946.46,906.3,1026.78,1066.94,1005.15,2.0,3.0,40.16,4.24,8,7571.68,321.28,2.94,9.64,6.69,1.01,3,944.1,-3.69,909.2999877929688
2026-06-03 14:37:00,2026-06-03,THERMAX.NS,NEUTRAL,0.438,,,WATCH,5087.69,4807.72,5647.63,5927.6,5559.4,2.0,3.0,279.97,5.5,1,5087.69,279.97,3.91,18.09,9.96,1.03,3,5075.0,-5.82,4780.2001953125
2026-06-03 14:37:00,2026-06-03,OIL.NS,NEUTRAL,0.438,,,WATCH,532.33,515.97,565.05,581.41,554.1,2.0,3.0,16.36,3.07,45,23954.85,736.2,2.22,12.28,4.77,0.67,3,531.0,-7.5,491.20001220703125
2026-06-03 14:37:00,2026-06-03,COALINDIA.NS,NEUTRAL,0.438,,,WATCH,479.75,459.71,519.83,539.87,501.2,2.0,3.0,20.04,4.18,17,8155.75,340.68,2.83,4.95,4.84,1.65,3,478.55,-1.37,472.0
2026-06-03 14:37:00,2026-06-03,TIINDIA.NS,NEUTRAL,0.438,,,WATCH,3258.12,3102.86,3568.64,3723.9,3509.7,2.0,3.0,155.26,4.77,2,6516.24,310.52,3.35,6.25,8.32,0.81,3,3250.0,-4.95,3089.10009765625
2026-06-03 15:02:04,2026-06-03,HINDALCO.NS,NEUTRAL,0.44,,,WATCH,1178.94,1132.64,1271.54,1317.84,1230.0,2.0,3.0,46.3,3.93,7,8252.58,324.1,2.71,11.66,4.73,1.01,3,1176.0,-3.13,1139.5
2026-06-03 15:02:04,2026-06-03,JSWSTEEL.NS,NEUTRAL,0.44,,,READY,1331.32,1294.6,1404.76,1441.48,1376.2,2.0,3.0,36.72,2.76,20,26626.4,734.4,1.86,6.22,3.7,0.73,3,1328.0,-0.98,1315.3
2026-06-03 15:02:04,2026-06-03,ADANIPORTS.NS,NEUTRAL,0.44,,,WATCH,1847.41,1790.6,1961.03,2017.84,1938.3,2.0,3.0,56.81,3.08,6,11084.46,340.86,2.1,7.86,5.29,0.74,3,1842.8,-2.11,1805.0
2026-06-03 15:02:04,2026-06-03,ADANIENT.NS,NEUTRAL,0.44,,,WATCH,3035.07,2909.65,3285.91,3411.33,3157.3,2.0,3.0,125.42,4.13,5,15175.35,627.1,2.86,20.17,4.41,0.65,3,3027.5,-3.35,2927.9
2026-06-03 15:02:04,2026-06-03,APOLLOHOSP.NS,NEUTRAL,0.44,,,WATCH,8464.11,8196.95,8998.43,9265.59,8952.0,2.0,3.0,267.16,3.16,1,8464.11,267.16,2.15,9.45,6.22,1.0,3,8443.0,-1.89,8285.0
2026-06-03 15:02:04,2026-06-03,POLYCAB.NS,NEUTRAL,0.44,,,WATCH,9771.37,9453.53,10407.05,10724.89,10173.5,2.0,3.0,317.84,3.25,2,19542.74,635.68,2.22,17.36,4.47,0.61,3,9747.0,-1.91,9569.0
2026-06-03 15:02:04,2026-06-03,GRASIM.NS,NEUTRAL,0.44,,,WATCH,3205.49,3106.69,3403.09,3501.89,3327.8,2.0,3.0,98.8,3.08,7,22438.43,691.6,2.12,8.6,4.18,0.63,3,3197.5,-2.92,3108.2
2026-06-03 15:02:04,2026-06-03,CUMMINSIND.NS,NEUTRAL,0.44,,,WATCH,6115.25,5849.59,6646.57,6912.23,6593.0,2.0,3.0,265.66,4.34,1,6115.25,265.66,3.11,9.1,8.5,1.34,3,6100.0,-6.69,5695.5
2026-06-03 15:02:04,2026-06-03,BERGEPAINT.NS,NEUTRAL,0.44,,,WATCH,541.7,516.7,591.7,616.7,575.35,2.0,3.0,25.0,4.62,13,7042.1,325.0,3.36,5.33,6.88,0.33,2,540.35,-8.22,495.8
2026-06-03 15:02:04,2026-06-03,KEI.NS,NEUTRAL,0.44,,,WATCH,5489.99,5280.79,5908.39,6117.59,5885.1,2.0,3.0,209.2,3.81,1,5489.99,209.2,2.67,5.85,7.75,0.5,3,5476.3,-4.73,5218.0
2026-06-03 15:02:04,2026-06-03,ZYDUSLIFE.NS,NEUTRAL,0.44,,,WATCH,1118.29,1072.34,1210.19,1256.14,1182.1,2.0,3.0,45.95,4.11,7,7828.03,321.65,2.85,18.25,6.16,0.78,3,1115.5,-3.49,1077.8
2026-06-03 15:02:04,2026-06-03,DIXON.NS,NEUTRAL,0.44,,,WATCH,11954.81,11462.27,12939.89,13432.43,12603.0,2.0,3.0,492.54,4.12,0,0.0,0.0,2.91,5.74,5.88,0.47,3,11925.0,-5.52,11267.0
2026-06-03 15:02:04,2026-06-03,KPITTECH.NS,NEUTRAL,0.44,,,WATCH,828.06,787.15,909.88,950.79,887.65,2.0,3.0,40.91,4.94,8,6624.48,327.28,3.51,11.21,7.87,0.79,3,826.0,-5.99,777.0
2026-06-03 15:02:04,2026-06-03,THERMAX.NS,NEUTRAL,0.44,,,WATCH,5087.69,4807.72,5647.63,5927.6,5559.4,2.0,3.0,279.97,5.5,1,5087.69,279.97,3.9,18.32,9.96,1.03,3,5075.0,-5.58,4798.0
2026-06-03 15:02:04,2026-06-03,OIL.NS,NEUTRAL,0.44,,,WATCH,532.33,515.97,565.05,581.41,554.1,2.0,3.0,16.36,3.07,45,23954.85,736.2,2.22,12.44,4.77,0.68,3,531.0,-7.31,492.35
2026-06-03 15:02:04,2026-06-03,COALINDIA.NS,NEUTRAL,0.44,,,WATCH,479.75,459.71,519.83,539.87,501.2,2.0,3.0,20.04,4.18,17,8155.75,340.68,2.83,4.82,4.85,1.65,3,478.55,-1.45,471.45
2026-06-03 22:08:40,2026-06-03,HINDALCO.NS,NEUTRAL,0.438,,,WATCH,1178.94,1132.64,1271.54,1317.84,1230.0,2.0,3.0,46.3,3.93,7,8252.58,324.1,2.71,11.68,4.73,1.05,3,1176.0,-3.15,1138.9000244140625
2026-06-03 22:08:40,2026-06-03,JSWSTEEL.NS,NEUTRAL,0.438,,,READY,1331.32,1294.6,1404.76,1441.48,1376.2,2.0,3.0,36.72,2.76,20,26626.4,734.4,1.86,6.1,3.7,0.74,3,1328.0,-1.14,1312.9000244140625
2026-06-03 22:08:40,2026-06-03,ADANIPORTS.NS,NEUTRAL,0.438,,,WATCH,1847.41,1790.6,1961.03,2017.84,1938.3,2.0,3.0,56.81,3.08,6,11084.46,340.86,2.1,7.9,5.29,0.76,3,1842.8,-2.12,1803.800048828125
2026-06-03 22:08:40,2026-06-03,ADANIENT.NS,NEUTRAL,0.438,,,WATCH,3035.07,2909.65,3285.91,3411.33,3157.3,2.0,3.0,125.42,4.13,5,15175.35,627.1,2.86,20.19,4.41,0.66,3,3027.5,-3.37,2925.60009765625
2026-06-03 22:08:40,2026-06-03,APOLLOHOSP.NS,NEUTRAL,0.438,,,WATCH,8464.11,8196.95,8998.43,9265.59,8952.0,2.0,3.0,267.16,3.16,1,8464.11,267.16,2.15,9.59,6.22,1.02,3,8443.0,-1.81,8290.5
2026-06-03 22:08:40,2026-06-03,POLYCAB.NS,NEUTRAL,0.438,,,WATCH,9771.37,9453.53,10407.05,10724.89,10173.5,2.0,3.0,317.84,3.25,2,19542.74,635.68,2.21,17.54,4.47,0.61,3,9747.0,-1.8,9571.5
2026-06-03 22:08:40,2026-06-03,GRASIM.NS,NEUTRAL,0.438,,,WATCH,3205.49,3106.69,3403.09,3501.89,3327.8,2.0,3.0,98.8,3.08,7,22438.43,691.6,2.12,8.57,4.18,0.64,3,3197.5,-3.0,3101.60009765625
2026-06-03 22:08:40,2026-06-03,CUMMINSIND.NS,NEUTRAL,0.438,,,WATCH,6115.25,5849.59,6646.57,6912.23,6593.0,2.0,3.0,265.66,4.34,1,6115.25,265.66,3.11,9.16,8.5,1.36,3,6100.0,-6.68,5692.5
2026-06-03 22:08:40,2026-06-03,BERGEPAINT.NS,NEUTRAL,0.438,,,WATCH,541.7,516.51,592.08,617.27,576.35,2.0,3.0,25.19,4.65,13,7042.1,327.47,3.39,5.4,7.07,0.34,2,540.35,-8.2,496.04998779296875
2026-06-03 22:08:40,2026-06-03,KEI.NS,NEUTRAL,0.438,,,WATCH,5489.99,5280.79,5908.39,6117.59,5885.1,2.0,3.0,209.2,3.81,1,5489.99,209.2,2.67,5.99,7.75,0.54,3,5476.3,-4.64,5222.0
2026-06-03 22:08:40,2026-06-03,ZYDUSLIFE.NS,NEUTRAL,0.438,,,WATCH,1118.29,1072.34,1210.19,1256.14,1182.1,2.0,3.0,45.95,4.11,7,7828.03,321.65,2.85,18.3,6.16,0.79,3,1115.5,-3.49,1076.5999755859375
2026-06-03 22:08:40,2026-06-03,DIXON.NS,NEUTRAL,0.438,,,WATCH,11954.81,11462.27,12939.89,13432.43,12603.0,2.0,3.0,492.54,4.12,0,0.0,0.0,2.92,5.42,5.89,0.48,2,11925.0,-5.85,11227.0
2026-06-03 22:08:40,2026-06-03,KPITTECH.NS,NEUTRAL,0.438,,,WATCH,828.06,787.15,909.88,950.79,887.65,2.0,3.0,40.91,4.94,8,6624.48,327.28,3.52,10.94,7.88,0.8,3,826.0,-6.27,774.25
2026-06-03 22:08:40,2026-06-03,CGPOWER.NS,NEUTRAL,0.438,,,WATCH,946.46,906.3,1026.78,1066.94,1005.15,2.0,3.0,40.16,4.24,8,7571.68,321.28,2.95,9.34,6.69,1.03,3,944.1,-3.97,906.6500244140625
2026-06-03 22:08:40,2026-06-03,THERMAX.NS,NEUTRAL,0.438,,,WATCH,5087.69,4807.72,5647.63,5927.6,5559.4,2.0,3.0,279.97,5.5,1,5087.69,279.97,3.9,18.2,9.96,1.05,3,5075.0,-5.72,4784.5
2026-06-03 22:08:40,2026-06-03,OIL.NS,NEUTRAL,0.438,,,WATCH,532.33,515.97,565.05,581.41,554.1,2.0,3.0,16.36,3.07,45,23954.85,736.2,2.22,12.22,4.77,0.69,3,531.0,-7.54,490.95001220703125
2026-06-03 22:08:40,2026-06-03,COALINDIA.NS,NEUTRAL,0.438,,,WATCH,479.75,459.71,519.83,539.87,501.2,2.0,3.0,20.04,4.18,17,8155.75,340.68,2.83,5.01,4.84,1.66,3,478.55,-1.31,472.29998779296875
2026-06-03 22:08:40,2026-06-03,NYKAA.NS,NEUTRAL,0.438,,,WATCH,286.31,275.38,308.17,319.1,296.95,2.0,3.0,10.93,3.82,31,8875.61,338.83,2.71,3.64,4.26,1.11,3,285.6,-5.67,269.3999938964844
2026-06-03 23:25:37,2026-06-03,HINDALCO.NS,NEUTRAL,0.438,,,WATCH,1178.94,1132.64,1271.54,1317.84,1230.0,2.0,3.0,46.3,3.93,7,8252.58,324.1,2.71,11.68,4.73,1.05,3,1176.0,-3.15,1138.9000244140625
2026-06-03 23:25:37,2026-06-03,JSWSTEEL.NS,NEUTRAL,0.438,,,READY,1331.32,1294.6,1404.76,1441.48,1376.2,2.0,3.0,36.72,2.76,20,26626.4,734.4,1.86,6.1,3.7,0.74,3,1328.0,-1.14,1312.9000244140625
2026-06-03 23:25:37,2026-06-03,ADANIPORTS.NS,NEUTRAL,0.438,,,WATCH,1847.41,1790.6,1961.03,2017.84,1938.3,2.0,3.0,56.81,3.08,6,11084.46,340.86,2.1,7.9,5.29,0.76,3,1842.8,-2.12,1803.800048828125
2026-06-03 23:25:37,2026-06-03,ADANIENT.NS,NEUTRAL,0.438,,,WATCH,3035.07,2909.65,3285.91,3411.33,3157.3,2.0,3.0,125.42,4.13,5,15175.35,627.1,2.86,20.19,4.41,0.66,3,3027.5,-3.37,2925.60009765625
2026-06-03 23:25:37,2026-06-03,APOLLOHOSP.NS,NEUTRAL,0.438,,,WATCH,8464.11,8196.95,8998.43,9265.59,8952.0,2.0,3.0,267.16,3.16,1,8464.11,267.16,2.15,9.59,6.22,1.02,3,8443.0,-1.81,8290.5
2026-06-03 23:25:37,2026-06-03,POLYCAB.NS,NEUTRAL,0.438,,,WATCH,9771.37,9453.53,10407.05,10724.89,10173.5,2.0,3.0,317.84,3.25,2,19542.74,635.68,2.21,17.54,4.47,0.61,3,9747.0,-1.8,9571.5
2026-06-03 23:25:37,2026-06-03,GRASIM.NS,NEUTRAL,0.438,,,WATCH,3205.49,3106.69,3403.09,3501.89,3327.8,2.0,3.0,98.8,3.08,7,22438.43,691.6,2.12,8.57,4.18,0.64,3,3197.5,-3.0,3101.60009765625
2026-06-03 23:25:37,2026-06-03,CUMMINSIND.NS,NEUTRAL,0.438,,,WATCH,6115.25,5849.59,6646.57,6912.23,6593.0,2.0,3.0,265.66,4.34,1,6115.25,265.66,3.11,9.16,8.5,1.36,3,6100.0,-6.68,5692.5
2026-06-03 23:25:37,2026-06-03,BERGEPAINT.NS,NEUTRAL,0.438,,,WATCH,541.7,516.51,592.08,617.27,576.35,2.0,3.0,25.19,4.65,13,7042.1,327.47,3.39,5.4,7.07,0.34,2,540.35,-8.2,496.04998779296875
2026-06-03 23:25:37,2026-06-03,KEI.NS,NEUTRAL,0.438,,,WATCH,5489.99,5280.79,5908.39,6117.59,5885.1,2.0,3.0,209.2,3.81,1,5489.99,209.2,2.67,5.99,7.75,0.54,3,5476.3,-4.64,5222.0
2026-06-03 23:25:37,2026-06-03,ZYDUSLIFE.NS,NEUTRAL,0.438,,,WATCH,1118.29,1072.34,1210.19,1256.14,1182.1,2.0,3.0,45.95,4.11,7,7828.03,321.65,2.85,18.3,6.16,0.79,3,1115.5,-3.49,1076.5999755859375
2026-06-03 23:25:37,2026-06-03,DIXON.NS,NEUTRAL,0.438,,,WATCH,11954.81,11462.27,12939.89,13432.43,12603.0,2.0,3.0,492.54,4.12,0,0.0,0.0,2.92,5.42,5.89,0.48,2,11925.0,-5.85,11227.0
2026-06-03 23:25:37,2026-06-03,KPITTECH.NS,NEUTRAL,0.438,,,WATCH,828.06,787.15,909.88,950.79,887.65,2.0,3.0,40.91,4.94,8,6624.48,327.28,3.52,10.94,7.88,0.8,3,826.0,-6.27,774.25
2026-06-03 23:25:37,2026-06-03,CGPOWER.NS,NEUTRAL,0.438,,,WATCH,946.46,906.3,1026.78,1066.94,1005.15,2.0,3.0,40.16,4.24,8,7571.68,321.28,2.95,9.34,6.69,1.03,3,944.1,-3.97,906.6500244140625
2026-06-03 23:25:37,2026-06-03,THERMAX.NS,NEUTRAL,0.438,,,WATCH,5087.69,4807.72,5647.63,5927.6,5559.4,2.0,3.0,279.97,5.5,1,5087.69,279.97,3.9,18.2,9.96,1.05,3,5075.0,-5.72,4784.5
2026-06-03 23:25:37,2026-06-03,OIL.NS,NEUTRAL,0.438,,,WATCH,532.33,515.97,565.05,581.41,554.1,2.0,3.0,16.36,3.07,45,23954.85,736.2,2.22,12.22,4.77,0.69,3,531.0,-7.54,490.95001220703125
2026-06-03 23:25:37,2026-06-03,COALINDIA.NS,NEUTRAL,0.438,,,WATCH,479.75,459.71,519.83,539.87,501.2,2.0,3.0,20.04,4.18,17,8155.75,340.68,2.83,5.01,4.84,1.66,3,478.55,-1.31,472.29998779296875
2026-06-03 23:25:37,2026-06-03,NYKAA.NS,NEUTRAL,0.438,,,WATCH,286.31,275.38,308.17,319.1,296.95,2.0,3.0,10.93,3.82,32,9161.92,349.76,2.71,3.64,4.26,1.11,3,285.6,-5.67,269.3999938964844
2026-06-04 08:22:28,2026-06-04,HINDALCO.NS,NEUTRAL,0.438,,,WATCH,1178.94,1132.64,1271.54,1317.84,1230.0,2.0,3.0,46.3,3.93,7,8252.58,324.1,2.71,11.68,4.73,1.05,3,1176.0,-3.15,1138.9000244140625
2026-06-04 08:22:28,2026-06-04,JSWSTEEL.NS,NEUTRAL,0.438,,,READY,1331.32,1294.6,1404.76,1441.48,1376.2,2.0,3.0,36.72,2.76,20,26626.4,734.4,1.86,6.1,3.7,0.74,3,1328.0,-1.14,1312.9000244140625
2026-06-04 08:22:28,2026-06-04,ADANIPORTS.NS,NEUTRAL,0.438,,,WATCH,1847.41,1790.6,1961.03,2017.84,1938.3,2.0,3.0,56.81,3.08,6,11084.46,340.86,2.1,7.9,5.29,0.76,3,1842.8,-2.12,1803.800048828125
2026-06-04 08:22:28,2026-06-04,ADANIENT.NS,NEUTRAL,0.438,,,WATCH,3035.07,2909.65,3285.91,3411.33,3157.3,2.0,3.0,125.42,4.13,5,15175.35,627.1,2.86,20.19,4.41,0.66,3,3027.5,-3.37,2925.60009765625
2026-06-04 08:22:28,2026-06-04,APOLLOHOSP.NS,NEUTRAL,0.438,,,WATCH,8464.11,8196.95,8998.43,9265.59,8952.0,2.0,3.0,267.16,3.16,1,8464.11,267.16,2.15,9.59,6.22,1.02,3,8443.0,-1.81,8290.5
2026-06-04 08:22:28,2026-06-04,POLYCAB.NS,NEUTRAL,0.438,,,WATCH,9771.37,9453.53,10407.05,10724.89,10173.5,2.0,3.0,317.84,3.25,2,19542.74,635.68,2.21,17.54,4.47,0.61,3,9747.0,-1.8,9571.5
2026-06-04 08:22:28,2026-06-04,GRASIM.NS,NEUTRAL,0.438,,,WATCH,3205.49,3106.69,3403.09,3501.89,3327.8,2.0,3.0,98.8,3.08,7,22438.43,691.6,2.12,8.57,4.18,0.64,3,3197.5,-3.0,3101.60009765625
2026-06-04 08:22:28,2026-06-04,CUMMINSIND.NS,NEUTRAL,0.438,,,WATCH,6115.25,5849.59,6646.57,6912.23,6593.0,2.0,3.0,265.66,4.34,1,6115.25,265.66,3.11,9.16,8.5,1.36,3,6100.0,-6.68,5692.5
2026-06-04 08:22:28,2026-06-04,BERGEPAINT.NS,NEUTRAL,0.438,,,WATCH,541.7,516.51,592.08,617.27,576.35,2.0,3.0,25.19,4.65,13,7042.1,327.47,3.39,5.4,7.07,0.34,2,540.35,-8.2,496.04998779296875
2026-06-04 08:22:28,2026-06-04,KEI.NS,NEUTRAL,0.438,,,WATCH,5489.99,5280.79,5908.39,6117.59,5885.1,2.0,3.0,209.2,3.81,1,5489.99,209.2,2.67,5.99,7.75,0.54,3,5476.3,-4.64,5222.0
2026-06-04 08:22:28,2026-06-04,ZYDUSLIFE.NS,NEUTRAL,0.438,,,WATCH,1118.29,1072.34,1210.19,1256.14,1182.1,2.0,3.0,45.95,4.11,7,7828.03,321.65,2.85,18.3,6.16,0.79,3,1115.5,-3.49,1076.5999755859375
2026-06-04 08:22:28,2026-06-04,DIXON.NS,NEUTRAL,0.438,,,WATCH,11954.81,11462.27,12939.89,13432.43,12603.0,2.0,3.0,492.54,4.12,0,0.0,0.0,2.92,5.42,5.89,0.48,2,11925.0,-5.85,11227.0
2026-06-04 08:22:28,2026-06-04,KPITTECH.NS,NEUTRAL,0.438,,,WATCH,828.06,787.15,909.88,950.79,887.65,2.0,3.0,40.91,4.94,8,6624.48,327.28,3.52,10.94,7.88,0.8,3,826.0,-6.27,774.25
2026-06-04 08:22:28,2026-06-04,CGPOWER.NS,NEUTRAL,0.438,,,WATCH,946.46,906.3,1026.78,1066.94,1005.15,2.0,3.0,40.16,4.24,8,7571.68,321.28,2.95,9.34,6.69,1.03,3,944.1,-3.97,906.6500244140625
2026-06-04 08:22:28,2026-06-04,THERMAX.NS,NEUTRAL,0.438,,,WATCH,5087.69,4807.72,5647.63,5927.6,5559.4,2.0,3.0,279.97,5.5,1,5087.69,279.97,3.9,18.2,9.96,1.05,3,5075.0,-5.72,4784.5
2026-06-04 08:22:28,2026-06-04,OIL.NS,NEUTRAL,0.438,,,WATCH,532.33,515.97,565.05,581.41,554.1,2.0,3.0,16.36,3.07,45,23954.85,736.2,2.22,12.22,4.77,0.69,3,531.0,-7.54,490.95001220703125
2026-06-04 08:22:28,2026-06-04,COALINDIA.NS,NEUTRAL,0.438,,,WATCH,479.75,459.71,519.83,539.87,501.2,2.0,3.0,20.04,4.18,17,8155.75,340.68,2.83,5.01,4.84,1.66,3,478.55,-1.31,472.29998779296875
2026-06-04 08:22:28,2026-06-04,NYKAA.NS,NEUTRAL,0.438,,,WATCH,286.31,275.38,308.17,319.1,296.95,2.0,3.0,10.93,3.82,32,9161.92,349.76,2.71,3.64,4.26,1.11,3,285.6,-5.67,269.3999938964844
2026-06-04 22:46:17,2026-06-04,WIPRO.NS,NEUTRAL,0.44,,,WATCH,211.53,204.21,226.17,233.49,220.0,2.0,3.0,7.32,3.46,47,9941.91,344.04,2.39,6.98,4.37,1.61,2,211.0,-3.17,204.32000732421875
2026-06-04 22:46:17,2026-06-04,HINDALCO.NS,NEUTRAL,0.44,,,WATCH,1178.94,1135.66,1265.5,1308.78,1230.6,2.0,3.0,43.28,3.67,8,9431.52,346.24,2.56,11.52,4.81,1.19,3,1176.0,-4.29,1125.5999755859375
2026-06-04 22:46:17,2026-06-04,JSWSTEEL.NS,NEUTRAL,0.44,,,WATCH,1331.32,1296.74,1400.48,1435.06,1376.2,2.0,3.0,34.58,2.6,10,13313.2,345.8,1.77,5.56,3.71,0.87,3,1328.0,-2.03,1301.0999755859375
2026-06-04 22:46:17,2026-06-04,ADANIPORTS.NS,NEUTRAL,0.44,,,WATCH,1847.41,1792.48,1957.27,2012.2,1938.3,2.0,3.0,54.93,2.97,6,11084.46,329.58,2.04,5.47,5.31,0.9,3,1842.8,-2.82,1790.9000244140625
2026-06-04 22:46:17,2026-06-04,ADANIENT.NS,NEUTRAL,0.44,,,WATCH,3035.07,2917.92,3269.37,3386.52,3157.3,2.0,3.0,117.15,3.86,6,18210.42,702.9,2.63,22.37,4.41,0.78,3,3027.5,-1.81,2972.800048828125
2026-06-04 22:46:17,2026-06-04,POLYCAB.NS,NEUTRAL,0.44,,,READY,9798.94,9510.78,10375.26,10663.42,10228.5,2.0,3.0,288.16,2.94,1,9798.94,288.16,1.98,10.73,4.75,0.91,3,9774.5,-0.58,9717.5
2026-06-04 22:46:17,2026-06-04,GRASIM.NS,NEUTRAL,0.44,,,WATCH,3205.49,3105.74,3404.99,3504.74,3327.8,2.0,3.0,99.75,3.11,3,9616.47,299.25,2.14,8.29,4.2,0.82,3,3197.5,-2.94,3103.5
2026-06-04 22:46:17,2026-06-04,CUMMINSIND.NS,NEUTRAL,0.44,,,WATCH,6115.25,5839.2,6667.35,6943.4,6593.0,2.0,3.0,276.05,4.51,1,6115.25,276.05,3.18,10.9,8.57,1.55,3,6100.0,-5.12,5787.5
2026-06-04 22:46:17,2026-06-04,KEI.NS,NEUTRAL,0.44,,,WATCH,5489.99,5279.33,5911.31,6121.97,5885.1,2.0,3.0,210.66,3.84,1,5489.99,210.66,2.65,7.59,7.8,0.75,3,5476.3,-3.29,5296.0
2026-06-04 22:46:17,2026-06-04,ZYDUSLIFE.NS,NEUTRAL,0.44,,,WATCH,1118.29,1071.51,1211.85,1258.63,1182.1,2.0,3.0,46.78,4.18,7,7828.03,327.46,2.88,19.12,6.16,0.86,3,1115.5,-2.77,1084.5999755859375
2026-06-04 22:46:17,2026-06-04,DIXON.NS,NEUTRAL,0.44,,,WATCH,11954.81,11464.74,12934.95,13425.02,12603.0,2.0,3.0,490.07,4.1,1,11954.81,490.07,2.84,10.08,5.92,0.64,3,11925.0,-3.66,11488.0
2026-06-04 22:46:17,2026-06-04,KPITTECH.NS,NEUTRAL,0.44,,,WATCH,828.06,787.47,909.24,949.83,894.0,2.0,3.0,40.59,4.9,8,6624.48,324.72,3.5,9.76,8.69,1.03,3,826.0,-6.42,773.0
2026-06-04 22:46:17,2026-06-04,CGPOWER.NS,NEUTRAL,0.44,,,WATCH,953.38,910.11,1039.92,1083.19,1018.95,2.0,3.0,43.27,4.54,8,7627.04,346.16,3.08,11.11,7.44,1.54,3,951.0,-1.38,937.9000244140625
2026-06-04 22:46:17,2026-06-04,THERMAX.NS,NEUTRAL,0.44,,,WATCH,5087.69,4799.52,5664.03,5952.2,5500.0,2.0,3.0,288.17,5.66,1,5087.69,288.17,3.94,7.98,8.64,1.18,3,5075.0,-3.92,4875.89990234375
2026-06-04 22:46:17,2026-06-04,OIL.NS,NEUTRAL,0.44,,,WATCH,532.33,516.6,563.79,579.52,554.1,2.0,3.0,15.73,2.95,22,11711.26,346.06,2.14,11.38,4.77,0.78,2,531.0,-7.93,488.8999938964844
2026-06-04 22:46:17,2026-06-04,COALINDIA.NS,NEUTRAL,0.44,,,READY,485.66,465.87,525.24,545.03,513.0,2.0,3.0,19.79,4.07,17,8256.22,336.43,2.74,9.27,6.06,1.84,3,484.45,-0.58,481.6499938964844
2026-06-05 00:30:23,2026-06-05,HINDALCO.NS,NEUTRAL,0.438,,,WATCH,1178.94,1132.64,1271.54,1317.84,1230.0,2.0,3.0,46.3,3.93,7,8252.58,324.1,2.71,11.68,4.73,1.05,3,1176.0,-3.15,1138.9000244140625
2026-06-05 00:30:23,2026-06-05,JSWSTEEL.NS,NEUTRAL,0.438,,,READY,1331.32,1294.6,1404.76,1441.48,1376.2,2.0,3.0,36.72,2.76,20,26626.4,734.4,1.86,6.1,3.7,0.74,3,1328.0,-1.14,1312.9000244140625
2026-06-05 00:30:23,2026-06-05,ADANIPORTS.NS,NEUTRAL,0.438,,,WATCH,1847.41,1790.6,1961.03,2017.84,1938.3,2.0,3.0,56.81,3.08,6,11084.46,340.86,2.1,7.9,5.29,0.76,3,1842.8,-2.12,1803.800048828125
2026-06-05 00:30:23,2026-06-05,ADANIENT.NS,NEUTRAL,0.438,,,WATCH,3035.07,2909.65,3285.91,3411.33,3157.3,2.0,3.0,125.42,4.13,5,15175.35,627.1,2.86,20.19,4.41,0.66,3,3027.5,-3.37,2925.60009765625
2026-06-05 00:30:23,2026-06-05,APOLLOHOSP.NS,NEUTRAL,0.438,,,WATCH,8464.11,8196.95,8998.43,9265.59,8952.0,2.0,3.0,267.16,3.16,1,8464.11,267.16,2.15,9.59,6.22,1.02,3,8443.0,-1.81,8290.5
2026-06-05 00:30:23,2026-06-05,POLYCAB.NS,NEUTRAL,0.438,,,WATCH,9771.37,9491.19,10331.73,10611.91,10173.5,2.0,3.0,280.18,2.87,2,19542.74,560.36,1.95,10.12,4.47,0.59,3,9747.0,-1.8,9571.5
2026-06-05 00:30:23,2026-06-05,GRASIM.NS,NEUTRAL,0.438,,,WATCH,3205.49,3106.69,3403.09,3501.89,3327.8,2.0,3.0,98.8,3.08,7,22438.43,691.6,2.12,8.57,4.18,0.64,3,3197.5,-3.0,3101.60009765625
2026-06-05 00:30:23,2026-06-05,CUMMINSIND.NS,NEUTRAL,0.438,,,WATCH,6115.25,5849.59,6646.57,6912.23,6593.0,2.0,3.0,265.66,4.34,1,6115.25,265.66,3.11,9.16,8.5,1.36,3,6100.0,-6.68,5692.5
2026-06-05 00:30:23,2026-06-05,BERGEPAINT.NS,NEUTRAL,0.438,,,WATCH,541.7,516.51,592.08,617.27,576.35,2.0,3.0,25.19,4.65,13,7042.1,327.47,3.39,5.4,7.07,0.34,2,540.35,-8.2,496.04998779296875
2026-06-05 00:30:23,2026-06-05,KEI.NS,NEUTRAL,0.438,,,WATCH,5489.99,5280.79,5908.39,6117.59,5885.1,2.0,3.0,209.2,3.81,1,5489.99,209.2,2.67,5.99,7.75,0.54,3,5476.3,-4.64,5222.0
2026-06-05 00:30:23,2026-06-05,ZYDUSLIFE.NS,NEUTRAL,0.438,,,WATCH,1118.29,1072.34,1210.19,1256.14,1182.1,2.0,3.0,45.95,4.11,7,7828.03,321.65,2.85,18.3,6.16,0.79,3,1115.5,-3.49,1076.5999755859375
2026-06-05 00:30:23,2026-06-05,DIXON.NS,NEUTRAL,0.438,,,WATCH,11954.81,11462.27,12939.89,13432.43,12603.0,2.0,3.0,492.54,4.12,0,0.0,0.0,2.92,5.42,5.89,0.48,2,11925.0,-5.85,11227.0
2026-06-05 00:30:23,2026-06-05,KPITTECH.NS,NEUTRAL,0.438,,,WATCH,828.06,787.15,909.88,950.79,887.65,2.0,3.0,40.91,4.94,8,6624.48,327.28,3.52,10.94,7.88,0.8,3,826.0,-6.27,774.25
2026-06-05 00:30:23,2026-06-05,CGPOWER.NS,NEUTRAL,0.438,,,WATCH,946.46,906.3,1026.78,1066.94,1005.15,2.0,3.0,40.16,4.24,8,7571.68,321.28,2.95,9.34,6.69,1.03,3,944.1,-3.97,906.6500244140625
2026-06-05 00:30:23,2026-06-05,THERMAX.NS,NEUTRAL,0.438,,,WATCH,5087.69,4807.72,5647.63,5927.6,5559.4,2.0,3.0,279.97,5.5,1,5087.69,279.97,3.9,18.2,9.96,1.05,3,5075.0,-5.72,4784.5
2026-06-05 00:30:23,2026-06-05,OIL.NS,NEUTRAL,0.438,,,WATCH,532.33,515.97,565.05,581.41,554.1,2.0,3.0,16.36,3.07,45,23954.85,736.2,2.22,12.22,4.77,0.69,3,531.0,-7.54,490.95001220703125
2026-06-05 00:30:23,2026-06-05,COALINDIA.NS,NEUTRAL,0.438,,,WATCH,479.75,459.71,519.83,539.87,501.2,2.0,3.0,20.04,4.18,17,8155.75,340.68,2.83,5.01,4.84,1.66,3,478.55,-1.31,472.29998779296875
2026-06-05 00:30:23,2026-06-05,NYKAA.NS,NEUTRAL,0.438,,,WATCH,286.31,275.38,308.17,319.1,296.95,2.0,3.0,10.93,3.82,32,9161.92,349.76,2.71,3.64,4.26,1.11,3,285.6,-5.67,269.3999938964844
2026-06-05 00:55:38,2026-06-05,HINDALCO.NS,NEUTRAL,0.438,,,WATCH,1178.94,1132.64,1271.54,1317.84,1230.0,2.0,3.0,46.3,3.93,7,8252.58,324.1,2.71,11.68,4.73,1.05,3,1176.0,-3.15,1138.9000244140625
2026-06-05 00:55:38,2026-06-05,JSWSTEEL.NS,NEUTRAL,0.438,,,READY,1331.32,1294.6,1404.76,1441.48,1376.2,2.0,3.0,36.72,2.76,20,26626.4,734.4,1.86,6.1,3.7,0.74,3,1328.0,-1.14,1312.9000244140625
2026-06-05 00:55:38,2026-06-05,ADANIPORTS.NS,NEUTRAL,0.438,,,WATCH,1847.41,1790.6,1961.03,2017.84,1938.3,2.0,3.0,56.81,3.08,6,11084.46,340.86,2.1,7.9,5.29,0.76,3,1842.8,-2.12,1803.800048828125
2026-06-05 00:55:38,2026-06-05,ADANIENT.NS,NEUTRAL,0.438,,,WATCH,3035.07,2909.65,3285.91,3411.33,3157.3,2.0,3.0,125.42,4.13,5,15175.35,627.1,2.86,20.19,4.41,0.66,3,3027.5,-3.37,2925.60009765625
2026-06-05 00:55:38,2026-06-05,APOLLOHOSP.NS,NEUTRAL,0.438,,,WATCH,8464.11,8196.95,8998.43,9265.59,8952.0,2.0,3.0,267.16,3.16,1,8464.11,267.16,2.15,9.59,6.22,1.02,3,8443.0,-1.81,8290.5
2026-06-05 00:55:38,2026-06-05,POLYCAB.NS,NEUTRAL,0.438,,,WATCH,9771.37,9491.19,10331.73,10611.91,10173.5,2.0,3.0,280.18,2.87,2,19542.74,560.36,1.95,10.12,4.47,0.59,3,9747.0,-1.8,9571.5
2026-06-05 00:55:38,2026-06-05,GRASIM.NS,NEUTRAL,0.438,,,WATCH,3205.49,3106.69,3403.09,3501.89,3327.8,2.0,3.0,98.8,3.08,7,22438.43,691.6,2.12,8.57,4.18,0.64,3,3197.5,-3.0,3101.60009765625
2026-06-05 00:55:38,2026-06-05,CUMMINSIND.NS,NEUTRAL,0.438,,,WATCH,6115.25,5849.59,6646.57,6912.23,6593.0,2.0,3.0,265.66,4.34,1,6115.25,265.66,3.11,9.16,8.5,1.36,3,6100.0,-6.68,5692.5
2026-06-05 00:55:38,2026-06-05,BERGEPAINT.NS,NEUTRAL,0.438,,,WATCH,541.7,516.51,592.08,617.27,576.35,2.0,3.0,25.19,4.65,13,7042.1,327.47,3.39,5.4,7.07,0.34,2,540.35,-8.2,496.04998779296875
2026-06-05 00:55:38,2026-06-05,KEI.NS,NEUTRAL,0.438,,,WATCH,5489.99,5280.79,5908.39,6117.59,5885.1,2.0,3.0,209.2,3.81,1,5489.99,209.2,2.67,5.99,7.75,0.54,3,5476.3,-4.64,5222.0
2026-06-05 00:55:38,2026-06-05,ZYDUSLIFE.NS,NEUTRAL,0.438,,,WATCH,1118.29,1072.34,1210.19,1256.14,1182.1,2.0,3.0,45.95,4.11,7,7828.03,321.65,2.85,18.3,6.16,0.79,3,1115.5,-3.49,1076.5999755859375
2026-06-05 00:55:38,2026-06-05,DIXON.NS,NEUTRAL,0.438,,,WATCH,11954.81,11462.27,12939.89,13432.43,12603.0,2.0,3.0,492.54,4.12,0,0.0,0.0,2.92,5.42,5.89,0.48,2,11925.0,-5.85,11227.0
2026-06-05 00:55:38,2026-06-05,KPITTECH.NS,NEUTRAL,0.438,,,WATCH,828.06,787.15,909.88,950.79,887.65,2.0,3.0,40.91,4.94,8,6624.48,327.28,3.52,10.94,7.88,0.8,3,826.0,-6.27,774.25
2026-06-05 00:55:38,2026-06-05,CGPOWER.NS,NEUTRAL,0.438,,,WATCH,946.46,906.3,1026.78,1066.94,1005.15,2.0,3.0,40.16,4.24,8,7571.68,321.28,2.95,9.34,6.69,1.03,3,944.1,-3.97,906.6500244140625
2026-06-05 00:55:38,2026-06-05,THERMAX.NS,NEUTRAL,0.438,,,WATCH,5087.69,4807.72,5647.63,5927.6,5559.4,2.0,3.0,279.97,5.5,1,5087.69,279.97,3.9,18.2,9.96,1.05,3,5075.0,-5.72,4784.5
2026-06-05 00:55:38,2026-06-05,OIL.NS,NEUTRAL,0.438,,,WATCH,532.33,515.97,565.05,581.41,554.1,2.0,3.0,16.36,3.07,45,23954.85,736.2,2.22,12.22,4.77,0.69,3,531.0,-7.54,490.95001220703125
2026-06-05 00:55:38,2026-06-05,COALINDIA.NS,NEUTRAL,0.438,,,WATCH,479.75,459.71,519.83,539.87,501.2,2.0,3.0,20.04,4.18,17,8155.75,340.68,2.83,5.01,4.84,1.66,3,478.55,-1.31,472.29998779296875
2026-06-05 00:55:38,2026-06-05,NYKAA.NS,NEUTRAL,0.438,,,WATCH,286.31,275.38,308.17,319.1,296.95,2.0,3.0,10.93,3.82,31,8875.61,338.83,2.71,3.64,4.26,1.11,3,285.6,-5.67,269.3999938964844
2026-06-05 01:06:00,2026-06-05,HINDALCO.NS,NEUTRAL,0.438,,,WATCH,1178.94,1132.64,1271.54,1317.84,1230.0,2.0,3.0,46.3,3.93,7,8252.58,324.1,2.71,11.68,4.73,1.05,3,1176.0,-3.15,1138.9000244140625
2026-06-05 01:06:00,2026-06-05,JSWSTEEL.NS,NEUTRAL,0.438,,,READY,1331.32,1294.6,1404.76,1441.48,1376.2,2.0,3.0,36.72,2.76,20,26626.4,734.4,1.86,6.1,3.7,0.74,3,1328.0,-1.14,1312.9000244140625
2026-06-05 01:06:00,2026-06-05,ADANIPORTS.NS,NEUTRAL,0.438,,,WATCH,1847.41,1790.6,1961.03,2017.84,1938.3,2.0,3.0,56.81,3.08,6,11084.46,340.86,2.1,7.9,5.29,0.76,3,1842.8,-2.12,1803.800048828125
2026-06-05 01:06:00,2026-06-05,ADANIENT.NS,NEUTRAL,0.438,,,WATCH,3035.07,2909.65,3285.91,3411.33,3157.3,2.0,3.0,125.42,4.13,5,15175.35,627.1,2.86,20.19,4.41,0.66,3,3027.5,-3.37,2925.60009765625
2026-06-05 01:06:00,2026-06-05,APOLLOHOSP.NS,NEUTRAL,0.438,,,WATCH,8464.11,8196.95,8998.43,9265.59,8952.0,2.0,3.0,267.16,3.16,1,8464.11,267.16,2.15,9.59,6.22,1.02,3,8443.0,-1.81,8290.5
2026-06-05 01:06:00,2026-06-05,POLYCAB.NS,NEUTRAL,0.438,,,WATCH,9771.37,9491.19,10331.73,10611.91,10173.5,2.0,3.0,280.18,2.87,2,19542.74,560.36,1.95,10.12,4.47,0.59,3,9747.0,-1.8,9571.5
2026-06-05 01:06:00,2026-06-05,GRASIM.NS,NEUTRAL,0.438,,,WATCH,3205.49,3106.69,3403.09,3501.89,3327.8,2.0,3.0,98.8,3.08,7,22438.43,691.6,2.12,8.57,4.18,0.64,3,3197.5,-3.0,3101.60009765625
2026-06-05 01:06:00,2026-06-05,CUMMINSIND.NS,NEUTRAL,0.438,,,WATCH,6115.25,5849.59,6646.57,6912.23,6593.0,2.0,3.0,265.66,4.34,1,6115.25,265.66,3.11,9.16,8.5,1.36,3,6100.0,-6.68,5692.5
2026-06-05 01:06:00,2026-06-05,BERGEPAINT.NS,NEUTRAL,0.438,,,WATCH,541.7,516.51,592.08,617.27,576.35,2.0,3.0,25.19,4.65,13,7042.1,327.47,3.39,5.4,7.07,0.34,2,540.35,-8.2,496.04998779296875
2026-06-05 01:06:00,2026-06-05,KEI.NS,NEUTRAL,0.438,,,WATCH,5489.99,5280.79,5908.39,6117.59,5885.1,2.0,3.0,209.2,3.81,1,5489.99,209.2,2.67,5.99,7.75,0.54,3,5476.3,-4.64,5222.0
2026-06-05 01:06:00,2026-06-05,ZYDUSLIFE.NS,NEUTRAL,0.438,,,WATCH,1118.29,1072.34,1210.19,1256.14,1182.1,2.0,3.0,45.95,4.11,7,7828.03,321.65,2.85,18.3,6.16,0.79,3,1115.5,-3.49,1076.5999755859375
2026-06-05 01:06:00,2026-06-05,DIXON.NS,NEUTRAL,0.438,,,WATCH,11954.81,11462.27,12939.89,13432.43,12603.0,2.0,3.0,492.54,4.12,0,0.0,0.0,2.92,5.42,5.89,0.48,2,11925.0,-5.85,11227.0
2026-06-05 01:06:00,2026-06-05,KPITTECH.NS,NEUTRAL,0.438,,,WATCH,828.06,787.15,909.88,950.79,887.65,2.0,3.0,40.91,4.94,8,6624.48,327.28,3.52,10.94,7.88,0.8,3,826.0,-6.27,774.25
2026-06-05 01:06:00,2026-06-05,CGPOWER.NS,NEUTRAL,0.438,,,WATCH,946.46,906.3,1026.78,1066.94,1005.15,2.0,3.0,40.16,4.24,8,7571.68,321.28,2.95,9.34,6.69,1.03,3,944.1,-3.97,906.6500244140625
2026-06-05 01:06:00,2026-06-05,THERMAX.NS,NEUTRAL,0.438,,,WATCH,5087.69,4807.72,5647.63,5927.6,5559.4,2.0,3.0,279.97,5.5,1,5087.69,279.97,3.9,18.2,9.96,1.05,3,5075.0,-5.72,4784.5
2026-06-05 01:06:00,2026-06-05,OIL.NS,NEUTRAL,0.438,,,WATCH,532.33,515.97,565.05,581.41,554.1,2.0,3.0,16.36,3.07,45,23954.85,736.2,2.22,12.22,4.77,0.69,3,531.0,-7.54,490.95001220703125
2026-06-05 01:06:00,2026-06-05,COALINDIA.NS,NEUTRAL,0.438,,,WATCH,479.75,459.71,519.83,539.87,501.2,2.0,3.0,20.04,4.18,17,8155.75,340.68,2.83,5.01,4.84,1.66,3,478.55,-1.31,472.29998779296875
2026-06-05 01:06:00,2026-06-05,NYKAA.NS,NEUTRAL,0.438,,,WATCH,286.31,275.38,308.17,319.1,296.95,2.0,3.0,10.93,3.82,31,8875.61,338.83,2.71,3.64,4.26,1.11,3,285.6,-5.67,269.3999938964844
2026-06-12 18:26:53,2026-06-12,ASIANPAINT.NS,NEUTRAL,0.508,,,READY,2785.75,2698.01,2961.23,3048.97,2901.7,2.0,3.0,87.74,3.15,3,8357.25,263.22,2.13,5.19,4.54,0.93,3,2778.8,-1.13,2747.39990234375
2026-06-12 18:26:53,2026-06-12,ADANIENT.NS,NEUTRAL,0.508,,,WATCH,3066.08,2942.53,3313.18,3436.73,3210.67,2.0,3.0,123.55,4.03,6,18396.48,741.3,2.82,8.75,5.18,0.72,3,3058.43,-4.47,2921.60009765625
2026-06-12 18:26:53,2026-06-12,APOLLOHOSP.NS,NEUTRAL,0.508,,,WATCH,8645.56,8406.15,9124.38,9363.79,9037.0,2.0,3.0,239.41,2.77,1,8645.56,239.41,1.88,6.04,4.87,1.01,3,8624.0,-1.46,8498.0
2026-06-12 18:26:53,2026-06-12,EICHERMOT.NS,NEUTRAL,0.508,,,WATCH,7459.6,7234.81,7909.18,8133.97,7839.5,2.0,3.0,224.79,3.01,1,7459.6,224.79,2.05,5.86,5.54,0.85,3,7441.0,-1.73,7312.0
2026-06-12 18:26:53,2026-06-12,GRASIM.NS,NEUTRAL,0.508,,,WATCH,3205.49,3125.99,3364.49,3443.99,3294.6,2.0,3.0,79.5,2.48,4,12821.96,318.0,1.71,5.58,3.15,0.77,3,3197.5,-2.88,3105.5
2026-06-12 18:26:53,2026-06-12,CUMMINSIND.NS,NEUTRAL,0.508,,,WATCH,6115.25,5827.46,6690.83,6978.62,6299.5,2.0,3.0,287.79,4.71,2,12230.5,575.58,3.41,6.18,3.56,0.68,3,6100.0,-7.84,5621.5
2026-06-12 18:26:53,2026-06-12,LODHA.NS,NEUTRAL,0.508,,,WATCH,971.42,925.17,1063.92,1110.17,1022.0,2.0,3.0,46.25,4.76,7,6799.94,323.75,3.43,4.93,6.04,0.57,3,969.0,-7.19,899.2999877929688
2026-06-12 18:26:53,2026-06-12,PRESTIGE.NS,NEUTRAL,0.508,,,WATCH,1437.59,1370.99,1570.79,1637.39,1517.0,2.0,3.0,66.6,4.63,5,7187.95,333.0,3.2,3.41,6.17,0.7,3,1434.0,-3.26,1387.300048828125
2026-06-12 18:26:53,2026-06-12,ZYDUSLIFE.NS,NEUTRAL,0.508,,,WATCH,1122.6,1086.77,1194.26,1230.09,1163.4,2.0,3.0,35.83,3.19,20,22452.0,716.6,2.16,11.55,3.96,0.37,3,1119.8,-1.35,1104.699951171875
2026-06-12 18:26:53,2026-06-12,DIXON.NS,NEUTRAL,0.508,,,WATCH,11973.86,11533.5,12854.58,13294.94,12653.0,2.0,3.0,440.36,3.68,0,0.0,0.0,2.54,7.19,6.18,0.83,3,11944.0,-3.33,11546.0
2026-06-12 18:26:53,2026-06-12,SYRMA.NS,NEUTRAL,0.508,,,WATCH,1294.13,1226.01,1430.37,1498.49,1401.4,2.0,3.0,68.12,5.26,5,6470.65,340.6,3.58,30.68,8.93,0.98,3,1290.9,-1.87,1266.699951171875
2026-06-12 18:26:53,2026-06-12,KPITTECH.NS,NEUTRAL,0.508,,,WATCH,828.06,787.36,909.46,950.16,880.8,2.0,3.0,40.7,4.92,8,6624.48,325.6,3.62,5.92,7.35,0.47,2,826.0,-9.32,749.0
2026-06-12 18:26:53,2026-06-12,CGPOWER.NS,NEUTRAL,0.508,,,WATCH,954.38,910.38,1042.38,1086.38,995.8,2.0,3.0,44.0,4.61,17,16224.46,748.0,3.21,13.16,4.83,0.83,3,952.0,-3.94,914.4500122070312
2026-06-12 18:26:53,2026-06-12,THERMAX.NS,NEUTRAL,0.508,,,WATCH,5087.69,4793.6,5675.87,5969.96,5426.7,2.0,3.0,294.09,5.78,1,5087.69,294.09,4.15,7.67,7.5,0.65,3,5075.0,-6.87,4726.2998046875
2026-06-12 18:26:53,2026-06-12,AUROPHARMA.NS,NEUTRAL,0.508,,,WATCH,1553.88,1507.93,1645.78,1691.73,1593.9,2.0,3.0,45.95,2.96,7,10877.16,321.65,2.08,-1.76,3.01,0.69,3,1550.0,-4.98,1472.800048828125
2026-06-12 18:26:53,2026-06-12,INDIGO.NS,NEUTRAL,0.508,,,READY,4736.81,4547.56,5115.31,5304.56,5100.0,2.0,3.0,189.25,4.0,1,4736.81,189.25,2.68,10.24,8.28,1.07,3,4725.0,-0.32,4709.7001953125
2026-06-12 18:26:53,2026-06-12,TIINDIA.NS,NEUTRAL,0.508,,,WATCH,3258.12,3093.41,3587.54,3752.25,3460.2,2.0,3.0,164.71,5.06,2,6516.24,329.42,3.5,11.7,6.85,1.34,3,3250.0,-3.33,3141.800048828125
2026-06-12 18:26:53,2026-06-12,SUZLON.NS,NEUTRAL,0.508,,,WATCH,58.57,55.71,64.29,67.15,61.24,2.0,3.0,2.86,4.88,122,7145.54,348.92,3.47,3.52,5.18,0.64,3,58.42,-5.72,55.08000183105469
